arm,seed,view,step,t_s,x_mm,y_mm,z_mm
n1,3,top,0,0.025000000000000022,-0.2039521365755568,0.13265368016303294,22.357804221771307
n1,3,top,1,0.04999999999999999,-0.1476053520605399,0.7568468930296602,25.945136135234346
n1,3,top,2,0.07500000000000001,-0.13455008404699437,1.8463436032781864,30.28224020155006
n1,3,top,3,0.10000000000000003,-0.18909838090343492,3.32586178341449,35.63337861372254
n1,3,top,4,0.12500000000000006,-0.32204735337320073,5.112463942235791,42.056667317765466
n1,3,top,5,0.15000000000000008,-0.5337834209659768,7.0859516430791185,49.23890866476053
n1,3,top,6,0.1750000000000001,-0.7930729051977974,9.061067455090516,56.79310292426499
n1,3,top,7,0.20000000000000012,-1.0393315962396115,10.811704539516919,64.395940994746
n1,3,top,8,0.22500000000000014,-1.2506375446782296,12.286011433118087,71.92514171248416
n1,3,top,9,0.25000000000000017,-1.1428231517376921,13.611937756669207,79.18090900971458
n1,3,top,10,0.2750000000000002,0.06112208789252075,15.08119421980527,85.938519198295
n1,3,top,11,0.3000000000000002,2.3261098792614163,16.727704525222833,92.2590748031329
n1,3,top,12,0.32500000000000023,5.479431686981287,18.52689022682255,98.22086448472868
n1,3,top,13,0.35000000000000026,9.374445033752286,20.448257467376184,103.89152317272952
n1,3,top,14,0.3750000000000003,13.88917795252613,22.46603107280204,109.32844875752753
n1,3,top,15,0.4000000000000003,18.921755457079744,24.560379145587433,114.58042438564426
n1,3,top,16,0.4250000000000003,24.38659801874682,26.71768946202608,119.68901306389036
n1,3,top,17,0.45000000000000034,30.212295208323305,28.92755138445518,124.68972137149059
n1,3,top,18,0.47500000000000037,36.33960883387509,31.181049274126256,129.61300657074918
n1,3,top,19,0.5000000000000004,42.71956497371152,33.470063885766926,134.48510462129002
n1,3,top,20,0.5250000000000004,49.311769258868964,35.787107374617655,139.3287012796527
n1,3,top,21,0.5500000000000003,56.082633085193045,38.12611270811917,144.16352735050313
n1,3,top,22,0.5750000000000002,63.00354655002099,40.48446810070602,149.0069427676118
n1,3,top,23,0.6000000000000001,70.05096006046817,42.859593143454525,153.87433477671485
n1,3,top,24,0.625,77.20588100372042,45.24780593144108,158.77944513558424
n1,3,top,25,0.6499999999999999,84.45201744713687,47.64801831156556,163.73474812877603
n1,3,top,26,0.6749999999999998,91.77608058046322,50.05890850675451,168.7516669568057
n1,3,top,27,0.6999999999999997,99.16639008115025,52.48175786229144,173.8408784770095
n1,3,top,28,0.7249999999999996,106.61370864614454,54.91666524634706,179.0124620613676
n1,3,top,29,0.7499999999999996,114.11060188227535,57.363455590621896,184.27614329151817
n1,3,top,30,0.7749999999999995,121.65140819510343,59.82092120210704,189.64142190757653
n1,3,top,31,0.7999999999999994,129.23176650095462,62.28760803589948,195.11775635264854
n1,3,top,32,0.8249999999999993,136.84791143827712,64.76218634955615,200.7115273087133
n1,3,top,33,0.8499999999999992,144.46483943271224,67.23204735036208,206.1326039623836
n1,3,top,34,0.8749999999999991,152.02377337693642,69.67594186980801,210.849139042331
n1,3,top,35,0.899999999999999,159.4788989787302,72.07746792660106,214.4188619009291
n1,3,top,36,0.9249999999999989,166.8065753513778,74.40345392509008,216.5189436942247
n1,3,top,37,0.9499999999999988,174.03053413773833,76.56282612371587,217.10377618507724
n1,3,top,38,0.9749999999999988,181.19710385297765,78.45265363045746,216.3716836086313
n1,3,top,39,0.9999999999999987,188.3726622828469,79.97721069011489,214.86333048473207
n1,3,top,40,1.0249999999999986,195.60384896755687,81.06553004251147,213.10836988409784
n1,3,top,41,1.0499999999999985,202.88695034896253,81.70983168627761,211.31747720823984
n1,3,top,42,1.0749999999999984,210.2103386300637,81.95233369566951,209.65673956366712
n1,3,top,43,1.0999999999999983,217.5732458086561,81.88169890118729,208.32530471033883
n1,3,top,44,1.1249999999999982,224.9710539579304,81.61582998339924,207.36694650870066
n1,3,top,45,1.1499999999999981,232.39267560395461,81.27121772750506,206.67019195658918
n1,3,top,46,1.174999999999998,239.83475434711454,80.93414153191634,206.16362675740552
n1,3,top,47,1.199999999999998,247.2953518651654,80.66201478235837,205.79790955323705
n1,3,top,48,1.2249999999999979,254.77151286956735,80.48486711789948,205.53745072047047
n1,3,top,49,1.2499999999999978,262.258886231465,80.39944949895798,205.3559394774544
n1,3,top,50,1.2749999999999977,269.7533847816939,80.38418871625775,205.23320580007203
n1,3,top,51,1.2999999999999976,277.2566457751286,80.40203720184492,205.19766249951454
n1,3,top,52,1.3249999999999975,284.84428067299126,80.4174683258667,205.92714413676848
n1,3,top,53,1.3499999999999974,292.45475125904045,80.40715039019186,206.83921123886412
n1,3,top,54,1.3749999999999973,299.9634011579232,80.36852452017489,206.7795642473678
n1,3,top,55,1.3999999999999972,307.3895488062564,80.30521307893909,205.9355783454498
n1,3,top,56,1.4249999999999972,314.78504860220175,80.24485296555314,204.815789304939
n1,3,top,57,1.449999999999997,322.1907155104108,80.21442802704311,203.80946354158897
n1,3,top,58,1.474999999999997,329.4976918276963,80.20526609235881,201.71754317064517
n1,3,top,59,1.499999999999997,336.6822743044567,80.20048180921675,198.33496770696175
n1,3,top,60,1.5249999999999968,343.8354171789658,80.17971608105047,194.69109331970714
n1,3,top,61,1.5499999999999967,351.10683216519686,80.1263181081063,192.12317690356784
n1,3,top,62,1.5749999999999966,358.36544055145913,80.08229666829521,190.96345229427192
n1,3,top,63,1.5999999999999965,364.9985635978069,80.08128811976418,190.22958676120754
n1,3,top,64,1.6249999999999964,370.91257905694283,80.11900462477416,189.65659988428072
n1,3,top,65,1.6499999999999964,376.28876822954794,80.17001988182588,189.1497999878458
n1,3,top,66,1.6749999999999963,381.2720698313432,80.20771266695925,188.67402572603962
n1,3,top,67,1.6999999999999962,385.90082619242605,80.22377431886302,188.2183159171473
n1,3,top,68,1.724999999999996,390.17297912767725,80.22585286849522,187.78129502034497
n1,3,top,69,1.749999999999996,394.10015029043666,80.22332080834607,187.3628055816026
n1,3,top,70,1.774999999999996,397.7115425413286,80.22039531492354,186.9619381618518
n1,3,top,71,1.7999999999999958,401.03833107367853,80.21743128465758,186.5775823623378
n1,3,top,72,1.8249999999999957,404.1052233967956,80.21361443057813,186.20887416218673
n1,3,top,73,1.8499999999999956,406.93170506140075,80.20864959879417,185.85517508998538
n1,3,top,74,1.8749999999999956,409.5354893497556,80.20314692205332,185.5159112081485
n1,3,top,75,1.8999999999999955,411.9338407163416,80.19834271045957,185.19050111382379
n1,3,top,76,1.9249999999999954,414.14320374404787,80.19447352718068,184.87836520189833
n1,3,top,77,1.9499999999999953,416.17869000070334,80.19039942977513,184.57894662700156
n1,3,top,78,1.9749999999999952,418.054015974174,80.18530290774889,184.29171740812072
n1,3,top,79,1.9999999999999951,419.7817325756668,80.17911361714754,184.0161755350226
n1,3,top,80,2.024999999999995,421.37342546107107,80.1721882836298,183.75184132575242
n1,3,top,81,2.049999999999995,422.8397973625162,80.16516357639453,183.4982555765829
n1,3,top,82,2.074999999999995,424.19071253012453,80.15866532643605,183.25497857456537
n1,3,top,83,2.0999999999999948,425.4352553005198,80.15300077917054,183.0215890482421
n1,3,top,84,2.1249999999999947,426.5817952081638,80.14817691442036,182.79768311327095
n1,3,top,85,2.1499999999999946,427.6380467855628,80.1440580122438,182.58287338738387
n1,3,top,86,2.1749999999999945,428.61112059961266,80.14048509430644,182.37678833747742
n1,3,top,87,2.1999999999999944,429.5075679418189,80.13733792957842,182.17907175121204
n1,3,top,88,2.2249999999999943,430.3334251254391,80.13448554197042,181.98938214195528
n1,3,top,89,2.2499999999999942,431.09424871008173,80.13193111394594,181.80739223375554
n1,3,top,90,2.274999999999994,431.7951545681348,80.12976441651743,181.63278841433868
n1,3,top,91,2.299999999999994,432.4408613283618,80.12791432805363,181.46527000575242
n1,3,top,92,2.324999999999994,433.03571767582423,80.12627448698532,181.30454860671603
n1,3,top,93,2.349999999999994,433.5837255877408,80.12486218339671,181.15034764479446
n1,3,top,94,2.374999999999994,434.0885645155693,80.12387919409773,181.002402077086
n1,3,top,95,2.3999999999999937,434.5536329044191,80.12328814416588,180.8604577876557
n1,3,top,96,2.4249999999999936,434.98207960570966,80.1226228837053,180.72427071190154
n1,3,top,97,2.4499999999999935,435.3768057379235,80.12147354527923,180.59360630066135
n1,3,top,98,2.4749999999999934,435.7404653164808,80.11992106746088,180.46823969214347
n1,3,top,99,2.4999999999999933,436.07548637545625,80.1184285687499,180.3479557992749
n1,3,top,100,2.5249999999999932,436.38408978829966,80.1172622057146,180.05515742428284
n1,3,top,101,2.549999999999993,436.66835381856146,80.11637506487838,179.54961098502895
n1,3,top,102,2.574999999999993,436.93023061568556,80.11581846819419,178.98513359216855
n1,3,top,103,2.599999999999993,437.17148858227966,80.11552411597842,178.40443279574762
n1,3,top,104,2.624999999999993,437.3937439364819,80.11532640914824,177.81927368082745
n1,3,top,105,2.649999999999993,437.5984832739088,80.11522905211477,177.23289020992038
n1,3,top,106,2.6749999999999927,437.7870761095175,80.11540700259039,176.64617085116348
n1,3,top,107,2.6999999999999926,437.96079725694943,80.11581586642156,176.05935973503077
n1,3,top,108,2.7249999999999925,438.1208303527528,80.11621267448673,175.47252381196566
n1,3,top,109,2.7499999999999925,438.2682566948151,80.11651909032624,174.88568123049976
n1,3,top,110,2.7749999999999924,438.4040662073732,80.11677886338363,174.2988368520434
n1,3,top,111,2.7999999999999923,438.52917088999493,80.11704160100912,173.7119920304999
n1,3,top,112,2.824999999999992,438.6444256573904,80.11710670650079,173.12514707079325
n1,3,top,113,2.849999999999992,438.75062829613466,80.11662771958649,172.5383017304514
n1,3,top,114,2.874999999999992,438.8484993099282,80.11553879711616,171.9514555961648
n1,3,top,115,2.899999999999992,438.9386774272798,80.11419242272252,171.36460858272193
n1,3,top,116,2.924999999999992,439.0217464745999,80.11297724184838,170.77776101146785
n1,3,top,117,2.9499999999999917,439.1694172222719,80.12117333175912,170.69950459489496
n1,3,top,118,2.9749999999999917,439.32832171246463,80.13166063363526,170.6170912286803
n1,3,top,119,2.9999999999999916,439.37203331395085,80.13555751827546,170.63484853108915
n1,3,top,120,3.0249999999999915,439.38631716444416,80.13235746164098,170.54567765771492
n1,3,top,121,3.0499999999999914,439.40335054063456,80.1339277410633,170.55135484444904
n1,3,top,122,3.0749999999999913,439.4310395767202,80.1356542973831,170.550138548323
n1,3,top,123,3.099999999999991,439.45574664161774,80.13713188508403,170.53987326517083
n1,3,top,124,3.124999999999991,439.49384324046224,80.13944855966571,170.536476953615
n1,3,top,125,3.149999999999991,439.5325773585279,80.14178048660169,170.5283632843809
n1,3,top,126,3.174999999999991,439.5715919399714,80.14413362652154,170.51953200632613
n1,3,top,127,3.199999999999991,439.60751527777796,80.14640952963147,170.5105220443502
n1,3,top,128,3.2249999999999908,439.6390169044054,80.14823799375048,170.5015347146064
n1,3,top,129,3.2499999999999907,439.663258317697,80.14970526493545,170.49311688090293
n1,3,top,130,3.2749999999999906,439.6790323075041,80.1505484251659,170.48662124773637
n1,3,top,131,3.2999999999999905,439.68419258189874,80.15067154719843,170.48255366281757
n1,3,top,132,3.3249999999999904,439.68349839454294,80.15075672713624,170.4805574254306
n1,3,top,133,3.3499999999999903,439.6828652964405,80.15075054568504,170.47842623129517
n1,3,top,134,3.3749999999999902,439.68249823773874,80.15073397197563,170.47598585737248
n1,3,top,135,3.39999999999999,439.6822163590468,80.15071484522214,170.47332990432506
n1,3,top,136,3.42499999999999,439.6811663312144,80.15066611485568,170.47025900204875
n1,3,top,137,3.44999999999999,439.6761319214207,80.15027434939887,170.466733214984
n1,3,top,138,3.47499999999999,439.6733867499731,80.15053672956962,170.4636450709319
n1,3,top,139,3.49999999999999,439.6708736683362,80.1504391342996,170.4606139154547
n1,3,top,140,3.5249999999999897,439.6689754217295,80.15018532804338,170.45799839667515
n1,3,top,141,3.5499999999999896,439.6680936684056,80.15015146927676,170.45587170357254
n1,3,top,142,3.5749999999999895,439.66782350310416,80.1500983649022,170.45389426217645
n1,3,top,143,3.59999999999999,439.6679055674207,80.15001951526229,170.4521013472121
n1,3,top,144,3.6249999999999902,439.66847546148125,80.15001797393171,170.4504883853198
n1,3,top,145,3.6499999999999906,439.6692686521426,80.15002921249405,170.44892008672016
n1,3,top,146,3.674999999999991,439.6697832484517,80.15017593301572,170.4475429781886
n1,3,top,147,3.6999999999999913,439.67080385760534,80.15037587147974,170.44658071058365
n1,3,top,148,3.7249999999999917,439.67211765403096,80.15030535027026,170.44553812238337
n1,3,top,149,3.749999999999992,439.6728001982841,80.15021732456276,170.44414811262985
n1,3,top,150,3.7749999999999924,439.6731035229068,80.15012639565155,170.44260056806996
n1,3,top,151,3.7999999999999927,439.67324092944807,80.15003740584619,170.44115046096934
n1,3,top,152,3.824999999999993,439.6736842800773,80.15004255626638,170.43984618171123
n1,3,top,153,3.8499999999999934,439.67400125949325,80.15004875556336,170.43859103293786
n1,3,top,154,3.874999999999994,439.674205480701,80.15004616958812,170.43732536951907
n1,3,top,155,3.899999999999994,439.6743823996895,80.15005446294619,170.43602951149333
n1,3,top,156,3.9249999999999945,439.6743841261224,80.15004864119611,170.43470783951867
n1,3,top,157,3.949999999999995,439.6742763688815,80.15003488919636,170.4333818812755
n1,3,top,158,3.974999999999995,439.6741174796436,80.15005059453279,170.43205181490524
n1,3,top,159,3.9999999999999956,439.67415433543033,80.15003260880142,170.4306406140824
n1,3,top,160,4.024999999999996,439.6742671945398,80.15001151582578,170.42924583769806
n1,3,top,161,4.049999999999996,439.67425517950403,80.15001194000283,170.42789737861577
n1,3,top,162,4.074999999999997,439.67422849418233,80.15000999170135,170.426551132097
n1,3,top,163,4.099999999999997,439.67419323922644,80.15000905867674,170.42519371000932
n1,3,top,164,4.124999999999997,439.67414861043756,80.15000169939783,170.42384684906744
n1,3,top,165,4.149999999999998,439.6738664695424,80.14994510476184,170.42244788834617
n1,3,top,166,4.174999999999998,439.6731486160266,80.14983016403237,170.42100819745443
n1,3,top,167,4.199999999999998,439.67251333233185,80.14976892448121,170.4197110149045
n1,3,top,168,4.224999999999999,439.6721218714817,80.14974782233728,170.4183997742827
n1,3,top,169,4.249999999999999,439.6713540518699,80.14966442187118,170.41703362480354
n1,3,top,170,4.2749999999999995,439.67075899574195,80.14961872278643,170.4157607762052
n1,3,top,171,4.3,439.6703769207507,80.14956874733511,170.41450223029685
n1,3,top,172,4.325,439.67014842948635,80.14959776611818,170.41326084756528
n1,3,top,173,4.3500000000000005,439.67011031921936,80.14969004244061,170.412044623136
n1,3,top,174,4.375000000000001,439.6703054059976,80.14961295338938,170.4107944695101
n1,3,top,175,4.400000000000001,439.6704141794039,80.1495690327579,170.40947313206058
n1,3,top,176,4.425000000000002,439.6703875944447,80.14953150004281,170.40812314644174
n1,3,top,177,4.450000000000002,439.6703022455463,80.14953263801056,170.40678663722917
n1,3,top,178,4.475000000000002,439.6701880936374,80.14955189011322,170.40546880868047
n1,3,top,179,4.500000000000003,439.67006687089537,80.14956176082606,170.40415889200392
n1,3,top,180,4.525000000000003,439.6699595524556,80.14957067313809,170.40285383095468
n1,3,top,181,4.550000000000003,439.6698861328928,80.14957397945872,170.40155798306895
n1,3,top,182,4.575000000000004,439.66986914870546,80.14957071271535,170.4002627176385
n1,3,top,183,4.600000000000004,439.66987829624065,80.14956649687235,170.39895478794426
n1,3,top,184,4.625000000000004,439.669877457537,80.14955516296641,170.39763259494734
n1,3,top,185,4.650000000000005,439.66982345439664,80.14953658701549,170.39630143595
n1,3,top,186,4.675000000000005,439.6697476592878,80.14953380206028,170.39497697610028
n1,3,top,187,4.7000000000000055,439.6696770254666,80.14952390035972,170.39367730800157
n1,3,top,188,4.725000000000006,439.66964929978525,80.14954750729639,170.39239768468758
n1,3,top,189,4.750000000000006,439.6696423873789,80.14955924900086,170.39108790263404
n1,3,top,190,4.775000000000007,439.6696582345663,80.14958019523398,170.38984690378498
n1,3,top,191,4.800000000000007,439.6696752138621,80.14958006942705,170.3885079204548
n1,3,top,192,4.825000000000007,439.6697383860917,80.14963033162806,170.38726631013768
n1,3,top,193,4.850000000000008,439.6698489566737,80.14964332283964,170.38601450500352
n1,3,top,194,4.875000000000008,439.6699591772757,80.14967211056704,170.3847533854969
n1,3,top,195,4.900000000000008,439.6700369832725,80.1496934550647,170.38349450747256
n1,3,top,196,4.925000000000009,439.6700912753447,80.14974089302363,170.38220631872127
n1,3,top,197,4.950000000000009,439.67011788739285,80.14972627360555,170.38097164552212
n1,3,top,198,4.975000000000009,439.6700691739232,80.14978223798069,170.37967492635062
n1,3,top,199,5.00000000000001,439.66999863675136,80.14984390752274,170.37871297265193
n1,3,top,200,5.02500000000001,439.66995377179114,80.14997058464552,170.37793376429698
n1,3,top,201,5.0500000000000105,439.6700436433651,80.14994772155782,170.3773294767462
n1,3,top,202,5.075000000000011,439.67021541307815,80.14979318014983,170.3766098575346
n1,3,top,203,5.100000000000011,439.6703330880592,80.1497016393044,170.3756205067176
n1,3,top,204,5.1250000000000115,439.67046542218435,80.14967894816014,170.37465815888106
n1,3,top,205,5.150000000000012,439.67051993321246,80.14969964186011,170.3736608934127
n1,3,top,206,5.175000000000012,439.67054432752394,80.14975588193398,170.37265639017352
n1,3,top,207,5.200000000000013,439.6705223856912,80.1497604441595,170.37168697143682
n1,3,top,208,5.225000000000013,439.67050272120775,80.14974890465983,170.37071273310383
n1,3,top,209,5.250000000000013,439.6704358690974,80.14970427582735,170.36974497044164
n1,3,top,210,5.275000000000014,439.6703628678555,80.14969846437477,170.36876227005604
n1,3,top,211,5.300000000000014,439.67029163940003,80.14970867411414,170.36773633543618
n1,3,top,212,5.325000000000014,439.6701821417137,80.1497121610368,170.36670845262353
n1,3,top,213,5.350000000000015,439.6701071808896,80.14974375128193,170.36570975547178
n1,3,top,214,5.375000000000015,439.67004142536166,80.14971625875665,170.36478410725988
n1,3,top,215,5.4000000000000155,439.66994955173584,80.14971546009087,170.363759439049
n1,3,top,216,5.425000000000016,439.6698474350917,80.14976925732502,170.3626946989271
n1,3,top,217,5.450000000000016,439.6697505299044,80.1497696724212,170.3617124583763
n1,3,top,218,5.4750000000000165,439.6696044396345,80.14978406416775,170.36073778813704
n1,3,top,219,5.500000000000017,439.6692349880252,80.14969004666894,170.3597285039248
n1,3,top,220,5.525000000000017,439.6685566757024,80.1497654887231,170.3588278782433
n1,3,top,221,5.550000000000018,439.6676999986781,80.14982871262472,170.35830925175694
n1,3,top,222,5.575000000000018,439.6669476521723,80.14983955789667,170.35781775583607
n1,3,top,223,5.600000000000018,439.66640903404084,80.14976193228199,170.3573463663134
n1,3,top,224,5.625000000000019,439.66599770844806,80.14971032269803,170.35665877965002
n1,3,top,225,5.650000000000019,439.66576437913005,80.14969645691323,170.35589778990916
n1,3,top,226,5.675000000000019,439.66573401752873,80.14969644445827,170.355073375081
n1,3,top,227,5.70000000000002,439.6658039881701,80.14978898300295,170.35426231121036
n1,3,top,228,5.72500000000002,439.6657581911541,80.15001740622972,170.35341568591284
n1,3,top,229,5.75000000000002,439.66573261361833,80.15009706687113,170.3525637891189
n1,3,top,230,5.775000000000021,439.66580731300746,80.15004266326528,170.35151565786398
n1,3,top,231,5.800000000000021,439.6657372564966,80.14983822354903,170.35046003039295
n1,3,top,232,5.8250000000000215,439.665587925106,80.14979450122233,170.34946778879268
n1,3,top,233,5.850000000000022,439.6654130574701,80.14975664859232,170.3485432939844
n1,3,top,234,5.875000000000022,439.6652425394284,80.14971807885682,170.34763087222936
n1,3,top,235,5.900000000000023,439.6650954620484,80.14967253558119,170.346706599969
n1,3,top,236,5.925000000000023,439.6649776116385,80.14962075446358,170.34576622492884
n1,3,top,237,5.950000000000023,439.66488622027174,80.14956577589847,170.34481309758425
n1,3,top,238,5.975000000000024,439.66481379604124,80.14951067171012,170.343851488518
n1,3,top,239,6.000000000000024,439.66475581097245,80.14945848260082,170.34288657380682
n1,3,top,240,6.025000000000024,439.6647067810353,80.14941097143821,170.34191898000063
n1,3,top,241,6.050000000000025,439.6646615620929,80.14936883531873,170.34095013807558
n1,3,top,242,6.075000000000025,439.6646185899519,80.14934205874387,170.33998365943262
n1,3,top,243,6.100000000000025,439.6645738710136,80.14931869156503,170.3390190900749
n1,3,top,244,6.125000000000026,439.6645263720845,80.14929721492473,170.3380552468044
n1,3,top,245,6.150000000000026,439.6644759805347,80.14927756060418,170.3370913366137
n1,3,top,246,6.1750000000000265,439.6644227343728,80.14925961730977,170.336127102981
n1,3,top,247,6.200000000000027,439.6643667077169,80.14924309606563,170.33516225897014
n1,3,top,248,6.225000000000027,439.6643080626719,80.1492281373496,170.33419759093414
n1,3,top,249,6.2500000000000275,439.66424713262944,80.14921461343694,170.33323276206767
n1,3,top,250,6.275000000000028,439.664181885738,80.14920063256517,170.33226617959525
n1,3,top,251,6.300000000000028,439.66411698126194,80.14918996813212,170.3313018036581
n1,3,top,252,6.325000000000029,439.66405131953286,80.1491811521386,170.33033927774872
n1,3,top,253,6.350000000000029,439.6639846932205,80.14917334359663,170.32937658929535
n1,3,top,254,6.375000000000029,439.6639175998126,80.14916634583996,170.32841379545786
n1,3,top,255,6.40000000000003,439.66385027596715,80.14915993610495,170.32745094663986
n1,3,top,256,6.42500000000003,439.6637828966746,80.14915396242444,170.326488112179
n1,3,top,257,6.45000000000003,439.6637156107218,80.1491483138013,170.32552532993398
n1,3,top,258,6.475000000000031,439.6636485391909,80.14914291185553,170.32456260443962
n1,3,top,259,6.500000000000031,439.66358176573334,80.1491376993853,170.3235999277815
n1,3,top,260,6.525000000000031,439.663515339477,80.14913263154924,170.32263729305856
n1,3,top,261,6.550000000000032,439.6634492850473,80.14912767251178,170.32167469584112
n1,3,top,262,6.575000000000032,439.66338361015835,80.14912279489445,170.32071213213072
n1,3,top,263,6.6000000000000325,439.6633183101078,80.14911797769916,170.3197495976029
n1,3,top,264,6.625000000000033,439.663253371706,80.1491132048587,170.31878708800417
n1,3,top,265,6.650000000000033,439.66318877641305,80.1491084639704,170.31782459978896
n1,3,top,266,6.675000000000034,439.6631245028384,80.14910374541775,170.31686213006228
n1,3,top,267,6.700000000000034,439.66306052858016,80.14909904169468,170.31589967645047
n1,3,top,268,6.725000000000034,439.6629941330507,80.14909616750461,170.314935696336
n1,3,top,269,6.750000000000035,439.6629261702535,80.14909392857945,170.31397123684644
n1,3,top,270,6.775000000000035,439.66286131847795,80.14908915251861,170.313009886681
n1,3,top,271,6.800000000000035,439.66279826299666,80.14908250249019,170.31205075582238
n1,3,top,272,6.825000000000036,439.6627352742275,80.14907557345244,170.31109128521757
n1,3,top,273,6.850000000000036,439.6626724323698,80.14906855998527,170.31013135341107
n1,3,top,274,6.875000000000036,439.6626096167113,80.14906156595208,170.3091712145893
n1,3,top,275,6.900000000000037,439.6625468196643,80.1490546159253,170.30821099590972
n1,3,top,276,6.925000000000037,439.6624840590909,80.14904771355151,170.30725075035875
n1,3,top,277,6.9500000000000375,439.66242135874086,80.14904085235153,170.30629050172016
n1,3,top,278,6.975000000000038,439.66235873676106,80.14903402139994,170.3053302617672
n1,3,top,279,7.000000000000038,439.6622962043373,80.14902721170614,170.30437003856326
n1,3,top,280,7.0250000000000385,439.66223376850917,80.14902041754091,170.3034098382027
n1,3,top,281,7.050000000000039,439.66217143450325,80.14901363505854,170.30244966474703
n1,3,top,282,7.075000000000039,439.66210920638787,80.14900686125688,170.30148952045025
n1,3,top,283,7.10000000000004,439.66204708693414,80.14900009372732,170.3005294064495
n1,3,top,284,7.12500000000004,439.6619981136074,80.14897054525564,170.2996169160134
n1,3,top,285,7.15000000000004,439.6619276306209,80.1489209436308,170.2988147918713
n1,3,top,286,7.175000000000041,439.66186849385093,80.14887134377597,170.29818524462095
n1,3,top,287,7.200000000000041,439.6617761841654,80.14880100840699,170.2976141834851
n1,3,top,288,7.225000000000041,439.66170242716754,80.14880549231866,170.29699170665228
n1,3,top,289,7.250000000000042,439.6616568467679,80.14886049441108,170.29623765076875
n1,3,top,290,7.275000000000042,439.6616297766346,80.14889424259334,170.2953626079491
n1,3,top,291,7.3000000000000425,439.6616038804969,80.14890756237405,170.29447362501512
n1,3,top,292,7.325000000000043,439.661577248928,80.14891042442223,170.2935794698886
n1,3,top,293,7.350000000000043,439.66155150948293,80.14890935133933,170.29268298128846
n1,3,top,294,7.3750000000000435,439.6615242550867,80.1489080575859,170.29178494182014
n1,3,top,295,7.400000000000044,439.66149718059734,80.14890568568636,170.2908866932607
n1,3,top,296,7.425000000000044,439.6614701402766,80.14890272248833,170.28998792671516
n1,3,top,297,7.450000000000045,439.6614429896336,80.1488993921811,170.28908877249617
n1,3,top,298,7.475000000000045,439.6614156779048,80.14889582824911,170.28818934718623
n1,3,top,299,7.500000000000045,439.6613881715136,80.14889212242686,170.28728972089772
n1,10,top,0,0.025000000000000022,-0.2039521365755568,0.13265368016303294,22.357804221771307
n1,10,top,1,0.04999999999999999,-0.1476053520605399,0.7568468930296602,25.945136135234346
n1,10,top,2,0.07500000000000001,-0.13455008404699437,1.8463436032781864,30.28224020155006
n1,10,top,3,0.10000000000000003,-0.18909838090343492,3.32586178341449,35.63337861372254
n1,10,top,4,0.12500000000000006,-0.32204735337320073,5.112463942235791,42.056667317765466
n1,10,top,5,0.15000000000000008,-0.5337834209659768,7.0859516430791185,49.23890866476053
n1,10,top,6,0.1750000000000001,-0.7930729051977974,9.061067455090516,56.79310292426499
n1,10,top,7,0.20000000000000012,-1.0393315962396115,10.811704539516919,64.395940994746
n1,10,top,8,0.22500000000000014,-1.2506375446782296,12.286011433118087,71.92514171248416
n1,10,top,9,0.25000000000000017,-1.1428231517376921,13.611937756669207,79.18090900971458
n1,10,top,10,0.2750000000000002,0.06112208789252075,15.08119421980527,85.938519198295
n1,10,top,11,0.3000000000000002,2.3261098792614163,16.727704525222833,92.2590748031329
n1,10,top,12,0.32500000000000023,5.479431686981287,18.52689022682255,98.22086448472868
n1,10,top,13,0.35000000000000026,9.374445033752286,20.448257467376184,103.89152317272952
n1,10,top,14,0.3750000000000003,13.88917795252613,22.46603107280204,109.32844875752753
n1,10,top,15,0.4000000000000003,18.921755457079744,24.560379145587433,114.58042438564426
n1,10,top,16,0.4250000000000003,24.38659801874682,26.71768946202608,119.68901306389036
n1,10,top,17,0.45000000000000034,30.212295208323305,28.92755138445518,124.68972137149059
n1,10,top,18,0.47500000000000037,36.33960883387509,31.181049274126256,129.61300657074918
n1,10,top,19,0.5000000000000004,42.71956497371152,33.470063885766926,134.48510462129002
n1,10,top,20,0.5250000000000004,49.311769258868964,35.787107374617655,139.3287012796527
n1,10,top,21,0.5500000000000003,56.082633085193045,38.12611270811917,144.16352735050313
n1,10,top,22,0.5750000000000002,63.00354655002099,40.48446810070602,149.0069427676118
n1,10,top,23,0.6000000000000001,70.05096006046817,42.859593143454525,153.87433477671485
n1,10,top,24,0.625,77.20588100372042,45.24780593144108,158.77944513558424
n1,10,top,25,0.6499999999999999,84.45201744713687,47.64801831156556,163.73474812877603
n1,10,top,26,0.6749999999999998,91.77608058046322,50.05890850675451,168.7516669568057
n1,10,top,27,0.6999999999999997,99.16639008115025,52.48175786229144,173.8408784770095
n1,10,top,28,0.7249999999999996,106.61370864614454,54.91666524634706,179.0124620613676
n1,10,top,29,0.7499999999999996,114.11060188227535,57.363455590621896,184.27614329151817
n1,10,top,30,0.7749999999999995,121.65140819510343,59.82092120210704,189.64142190757653
n1,10,top,31,0.7999999999999994,129.23176650095462,62.28760803589948,195.11775635264854
n1,10,top,32,0.8249999999999993,136.84791143827712,64.76218634955615,200.7115273087133
n1,10,top,33,0.8499999999999992,144.46483943271224,67.23204735036208,206.1326039623836
n1,10,top,34,0.8749999999999991,152.02377337693642,69.67594186980801,210.849139042331
n1,10,top,35,0.899999999999999,159.4788989787302,72.07746792660106,214.4188619009291
n1,10,top,36,0.9249999999999989,166.8065753513778,74.40345392509008,216.5189436942247
n1,10,top,37,0.9499999999999988,174.03053413773833,76.56282612371587,217.10377618507724
n1,10,top,38,0.9749999999999988,181.19710385297765,78.45265363045746,216.3716836086313
n1,10,top,39,0.9999999999999987,188.3726622828469,79.97721069011489,214.86333048473207
n1,10,top,40,1.0249999999999986,195.60384896755687,81.06553004251147,213.10836988409784
n1,10,top,41,1.0499999999999985,202.88695034896253,81.70983168627761,211.31747720823984
n1,10,top,42,1.0749999999999984,210.2103386300637,81.95233369566951,209.65673956366712
n1,10,top,43,1.0999999999999983,217.5732458086561,81.88169890118729,208.32530471033883
n1,10,top,44,1.1249999999999982,224.9710539579304,81.61582998339924,207.36694650870066
n1,10,top,45,1.1499999999999981,232.39267560395461,81.27121772750506,206.67019195658918
n1,10,top,46,1.174999999999998,239.83475434711454,80.93414153191634,206.16362675740552
n1,10,top,47,1.199999999999998,247.2953518651654,80.66201478235837,205.79790955323705
n1,10,top,48,1.2249999999999979,254.77151286956735,80.48486711789948,205.53745072047047
n1,10,top,49,1.2499999999999978,262.258886231465,80.39944949895798,205.3559394774544
n1,10,top,50,1.2749999999999977,269.7533847816939,80.38418871625775,205.23320580007203
n1,10,top,51,1.2999999999999976,277.2566457751286,80.40203720184492,205.19766249951454
n1,10,top,52,1.3249999999999975,284.84428067299126,80.4174683258667,205.92714413676848
n1,10,top,53,1.3499999999999974,292.45475125904045,80.40715039019186,206.83921123886412
n1,10,top,54,1.3749999999999973,299.9634011579232,80.36852452017489,206.7795642473678
n1,10,top,55,1.3999999999999972,307.3895488062564,80.30521307893909,205.9355783454498
n1,10,top,56,1.4249999999999972,314.78504860220175,80.24485296555314,204.815789304939
n1,10,top,57,1.449999999999997,322.1907155104108,80.21442802704311,203.80946354158897
n1,10,top,58,1.474999999999997,329.4976918276963,80.20526609235881,201.71754317064517
n1,10,top,59,1.499999999999997,336.6822743044567,80.20048180921675,198.33496770696175
n1,10,top,60,1.5249999999999968,343.8354171789658,80.17971608105047,194.69109331970714
n1,10,top,61,1.5499999999999967,351.10683216519686,80.1263181081063,192.12317690356784
n1,10,top,62,1.5749999999999966,358.36544055145913,80.08229666829521,190.96345229427192
n1,10,top,63,1.5999999999999965,364.9985635978069,80.08128811976418,190.22958676120754
n1,10,top,64,1.6249999999999964,370.91257905694283,80.11900462477416,189.65659988428072
n1,10,top,65,1.6499999999999964,376.28876822954794,80.17001988182588,189.1497999878458
n1,10,top,66,1.6749999999999963,381.2720698313432,80.20771266695925,188.67402572603962
n1,10,top,67,1.6999999999999962,385.90082619242605,80.22377431886302,188.2183159171473
n1,10,top,68,1.724999999999996,390.17297912767725,80.22585286849522,187.78129502034497
n1,10,top,69,1.749999999999996,394.10015029043666,80.22332080834607,187.3628055816026
n1,10,top,70,1.774999999999996,397.7115425413286,80.22039531492354,186.9619381618518
n1,10,top,71,1.7999999999999958,401.03833107367853,80.21743128465758,186.5775823623378
n1,10,top,72,1.8249999999999957,404.1052233967956,80.21361443057813,186.20887416218673
n1,10,top,73,1.8499999999999956,406.93170506140075,80.20864959879417,185.85517508998538
n1,10,top,74,1.8749999999999956,409.5354893497556,80.20314692205332,185.5159112081485
n1,10,top,75,1.8999999999999955,411.9338407163416,80.19834271045957,185.19050111382379
n1,10,top,76,1.9249999999999954,414.14320374404787,80.19447352718068,184.87836520189833
n1,10,top,77,1.9499999999999953,416.17869000070334,80.19039942977513,184.57894662700156
n1,10,top,78,1.9749999999999952,418.054015974174,80.18530290774889,184.29171740812072
n1,10,top,79,1.9999999999999951,419.7817325756668,80.17911361714754,184.0161755350226
n1,10,top,80,2.024999999999995,421.37342546107107,80.1721882836298,183.75184132575242
n1,10,top,81,2.049999999999995,422.8397973625162,80.16516357639453,183.4982555765829
n1,10,top,82,2.074999999999995,424.19071253012453,80.15866532643605,183.25497857456537
n1,10,top,83,2.0999999999999948,425.4352553005198,80.15300077917054,183.0215890482421
n1,10,top,84,2.1249999999999947,426.5817952081638,80.14817691442036,182.79768311327095
n1,10,top,85,2.1499999999999946,427.6380467855628,80.1440580122438,182.58287338738387
n1,10,top,86,2.1749999999999945,428.61112059961266,80.14048509430644,182.37678833747742
n1,10,top,87,2.1999999999999944,429.5075679418189,80.13733792957842,182.17907175121204
n1,10,top,88,2.2249999999999943,430.3334251254391,80.13448554197042,181.98938214195528
n1,10,top,89,2.2499999999999942,431.09424871008173,80.13193111394594,181.80739223375554
n1,10,top,90,2.274999999999994,431.7951545681348,80.12976441651743,181.63278841433868
n1,10,top,91,2.299999999999994,432.4408613283618,80.12791432805363,181.46527000575242
n1,10,top,92,2.324999999999994,433.03571767582423,80.12627448698532,181.30454860671603
n1,10,top,93,2.349999999999994,433.5837255877408,80.12486218339671,181.15034764479446
n1,10,top,94,2.374999999999994,434.0885645155693,80.12387919409773,181.002402077086
n1,10,top,95,2.3999999999999937,434.5536329044191,80.12328814416588,180.8604577876557
n1,10,top,96,2.4249999999999936,434.98207960570966,80.1226228837053,180.72427071190154
n1,10,top,97,2.4499999999999935,435.3768057379235,80.12147354527923,180.59360630066135
n1,10,top,98,2.4749999999999934,435.7404653164808,80.11992106746088,180.46823969214347
n1,10,top,99,2.4999999999999933,436.07548637545625,80.1184285687499,180.3479557992749
n1,10,top,100,2.5249999999999932,436.38408978829966,80.1172622057146,180.05515742428284
n1,10,top,101,2.549999999999993,436.66835381856146,80.11637506487838,179.54961098502895
n1,10,top,102,2.574999999999993,436.93023061568556,80.11581846819419,178.98513359216855
n1,10,top,103,2.599999999999993,437.17148858227966,80.11552411597842,178.40443279574762
n1,10,top,104,2.624999999999993,437.3937439364819,80.11532640914824,177.81927368082745
n1,10,top,105,2.649999999999993,437.5984832739088,80.11522905211477,177.23289020992038
n1,10,top,106,2.6749999999999927,437.7870761095175,80.11540700259039,176.64617085116348
n1,10,top,107,2.6999999999999926,437.96079725694943,80.11581586642156,176.05935973503077
n1,10,top,108,2.7249999999999925,438.1208303527528,80.11621267448673,175.47252381196566
n1,10,top,109,2.7499999999999925,438.2682566948151,80.11651909032624,174.88568123049976
n1,10,top,110,2.7749999999999924,438.4040662073732,80.11677886338363,174.2988368520434
n1,10,top,111,2.7999999999999923,438.52917088999493,80.11704160100912,173.7119920304999
n1,10,top,112,2.824999999999992,438.6444256573904,80.11710670650079,173.12514707079325
n1,10,top,113,2.849999999999992,438.75062829613466,80.11662771958649,172.5383017304514
n1,10,top,114,2.874999999999992,438.8484993099282,80.11553879711616,171.9514555961648
n1,10,top,115,2.899999999999992,438.9386774272798,80.11419242272252,171.36460858272193
n1,10,top,116,2.924999999999992,439.0217464745999,80.11297724184838,170.77776101146785
n1,10,top,117,2.9499999999999917,439.1694172222719,80.12117333175912,170.69950459489496
n1,10,top,118,2.9749999999999917,439.32832171246463,80.13166063363526,170.6170912286803
n1,10,top,119,2.9999999999999916,439.37203331395085,80.13555751827546,170.63484853108915
n1,10,top,120,3.0249999999999915,439.38631716444416,80.13235746164098,170.54567765771492
n1,10,top,121,3.0499999999999914,439.40335054063456,80.1339277410633,170.55135484444904
n1,10,top,122,3.0749999999999913,439.4310395767202,80.1356542973831,170.550138548323
n1,10,top,123,3.099999999999991,439.45574664161774,80.13713188508403,170.53987326517083
n1,10,top,124,3.124999999999991,439.49384324046224,80.13944855966571,170.536476953615
n1,10,top,125,3.149999999999991,439.5325773585279,80.14178048660169,170.5283632843809
n1,10,top,126,3.174999999999991,439.5715919399714,80.14413362652154,170.51953200632613
n1,10,top,127,3.199999999999991,439.60751527777796,80.14640952963147,170.5105220443502
n1,10,top,128,3.2249999999999908,439.6390169044054,80.14823799375048,170.5015347146064
n1,10,top,129,3.2499999999999907,439.663258317697,80.14970526493545,170.49311688090293
n1,10,top,130,3.2749999999999906,439.6790323075041,80.1505484251659,170.48662124773637
n1,10,top,131,3.2999999999999905,439.68419258189874,80.15067154719843,170.48255366281757
n1,10,top,132,3.3249999999999904,439.68349839454294,80.15075672713624,170.4805574254306
n1,10,top,133,3.3499999999999903,439.6828652964405,80.15075054568504,170.47842623129517
n1,10,top,134,3.3749999999999902,439.68249823773874,80.15073397197563,170.47598585737248
n1,10,top,135,3.39999999999999,439.6822163590468,80.15071484522214,170.47332990432506
n1,10,top,136,3.42499999999999,439.6811663312144,80.15066611485568,170.47025900204875
n1,10,top,137,3.44999999999999,439.6761319214207,80.15027434939887,170.466733214984
n1,10,top,138,3.47499999999999,439.6733867499731,80.15053672956962,170.4636450709319
n1,10,top,139,3.49999999999999,439.6708736683362,80.1504391342996,170.4606139154547
n1,10,top,140,3.5249999999999897,439.6689754217295,80.15018532804338,170.45799839667515
n1,10,top,141,3.5499999999999896,439.6680936684056,80.15015146927676,170.45587170357254
n1,10,top,142,3.5749999999999895,439.66782350310416,80.1500983649022,170.45389426217645
n1,10,top,143,3.59999999999999,439.6679055674207,80.15001951526229,170.4521013472121
n1,10,top,144,3.6249999999999902,439.66847546148125,80.15001797393171,170.4504883853198
n1,10,top,145,3.6499999999999906,439.6692686521426,80.15002921249405,170.44892008672016
n1,10,top,146,3.674999999999991,439.6697832484517,80.15017593301572,170.4475429781886
n1,10,top,147,3.6999999999999913,439.67080385760534,80.15037587147974,170.44658071058365
n1,10,top,148,3.7249999999999917,439.67211765403096,80.15030535027026,170.44553812238337
n1,10,top,149,3.749999999999992,439.6728001982841,80.15021732456276,170.44414811262985
n1,10,top,150,3.7749999999999924,439.6731035229068,80.15012639565155,170.44260056806996
n1,10,top,151,3.7999999999999927,439.67324092944807,80.15003740584619,170.44115046096934
n1,10,top,152,3.824999999999993,439.6736842800773,80.15004255626638,170.43984618171123
n1,10,top,153,3.8499999999999934,439.67400125949325,80.15004875556336,170.43859103293786
n1,10,top,154,3.874999999999994,439.674205480701,80.15004616958812,170.43732536951907
n1,10,top,155,3.899999999999994,439.6743823996895,80.15005446294619,170.43602951149333
n1,10,top,156,3.9249999999999945,439.6743841261224,80.15004864119611,170.43470783951867
n1,10,top,157,3.949999999999995,439.6742763688815,80.15003488919636,170.4333818812755
n1,10,top,158,3.974999999999995,439.6741174796436,80.15005059453279,170.43205181490524
n1,10,top,159,3.9999999999999956,439.67415433543033,80.15003260880142,170.4306406140824
n1,10,top,160,4.024999999999996,439.6742671945398,80.15001151582578,170.42924583769806
n1,10,top,161,4.049999999999996,439.67425517950403,80.15001194000283,170.42789737861577
n1,10,top,162,4.074999999999997,439.67422849418233,80.15000999170135,170.426551132097
n1,10,top,163,4.099999999999997,439.67419323922644,80.15000905867674,170.42519371000932
n1,10,top,164,4.124999999999997,439.67414861043756,80.15000169939783,170.42384684906744
n1,10,top,165,4.149999999999998,439.6738664695424,80.14994510476184,170.42244788834617
n1,10,top,166,4.174999999999998,439.6731486160266,80.14983016403237,170.42100819745443
n1,10,top,167,4.199999999999998,439.67251333233185,80.14976892448121,170.4197110149045
n1,10,top,168,4.224999999999999,439.6721218714817,80.14974782233728,170.4183997742827
n1,10,top,169,4.249999999999999,439.6713540518699,80.14966442187118,170.41703362480354
n1,10,top,170,4.2749999999999995,439.67075899574195,80.14961872278643,170.4157607762052
n1,10,top,171,4.3,439.6703769207507,80.14956874733511,170.41450223029685
n1,10,top,172,4.325,439.67014842948635,80.14959776611818,170.41326084756528
n1,10,top,173,4.3500000000000005,439.67011031921936,80.14969004244061,170.412044623136
n1,10,top,174,4.375000000000001,439.6703054059976,80.14961295338938,170.4107944695101
n1,10,top,175,4.400000000000001,439.6704141794039,80.1495690327579,170.40947313206058
n1,10,top,176,4.425000000000002,439.6703875944447,80.14953150004281,170.40812314644174
n1,10,top,177,4.450000000000002,439.6703022455463,80.14953263801056,170.40678663722917
n1,10,top,178,4.475000000000002,439.6701880936374,80.14955189011322,170.40546880868047
n1,10,top,179,4.500000000000003,439.67006687089537,80.14956176082606,170.40415889200392
n1,10,top,180,4.525000000000003,439.6699595524556,80.14957067313809,170.40285383095468
n1,10,top,181,4.550000000000003,439.6698861328928,80.14957397945872,170.40155798306895
n1,10,top,182,4.575000000000004,439.66986914870546,80.14957071271535,170.4002627176385
n1,10,top,183,4.600000000000004,439.66987829624065,80.14956649687235,170.39895478794426
n1,10,top,184,4.625000000000004,439.669877457537,80.14955516296641,170.39763259494734
n1,10,top,185,4.650000000000005,439.66982345439664,80.14953658701549,170.39630143595
n1,10,top,186,4.675000000000005,439.6697476592878,80.14953380206028,170.39497697610028
n1,10,top,187,4.7000000000000055,439.6696770254666,80.14952390035972,170.39367730800157
n1,10,top,188,4.725000000000006,439.66964929978525,80.14954750729639,170.39239768468758
n1,10,top,189,4.750000000000006,439.6696423873789,80.14955924900086,170.39108790263404
n1,10,top,190,4.775000000000007,439.6696582345663,80.14958019523398,170.38984690378498
n1,10,top,191,4.800000000000007,439.6696752138621,80.14958006942705,170.3885079204548
n1,10,top,192,4.825000000000007,439.6697383860917,80.14963033162806,170.38726631013768
n1,10,top,193,4.850000000000008,439.6698489566737,80.14964332283964,170.38601450500352
n1,10,top,194,4.875000000000008,439.6699591772757,80.14967211056704,170.3847533854969
n1,10,top,195,4.900000000000008,439.6700369832725,80.1496934550647,170.38349450747256
n1,10,top,196,4.925000000000009,439.6700912753447,80.14974089302363,170.38220631872127
n1,10,top,197,4.950000000000009,439.67011788739285,80.14972627360555,170.38097164552212
n1,10,top,198,4.975000000000009,439.6700691739232,80.14978223798069,170.37967492635062
n1,10,top,199,5.00000000000001,439.66999863675136,80.14984390752274,170.37871297265193
n1,10,top,200,5.02500000000001,439.66995377179114,80.14997058464552,170.37793376429698
n1,10,top,201,5.0500000000000105,439.6700436433651,80.14994772155782,170.3773294767462
n1,10,top,202,5.075000000000011,439.67021541307815,80.14979318014983,170.3766098575346
n1,10,top,203,5.100000000000011,439.6703330880592,80.1497016393044,170.3756205067176
n1,10,top,204,5.1250000000000115,439.67046542218435,80.14967894816014,170.37465815888106
n1,10,top,205,5.150000000000012,439.67051993321246,80.14969964186011,170.3736608934127
n1,10,top,206,5.175000000000012,439.67054432752394,80.14975588193398,170.37265639017352
n1,10,top,207,5.200000000000013,439.6705223856912,80.1497604441595,170.37168697143682
n1,10,top,208,5.225000000000013,439.67050272120775,80.14974890465983,170.37071273310383
n1,10,top,209,5.250000000000013,439.6704358690974,80.14970427582735,170.36974497044164
n1,10,top,210,5.275000000000014,439.6703628678555,80.14969846437477,170.36876227005604
n1,10,top,211,5.300000000000014,439.67029163940003,80.14970867411414,170.36773633543618
n1,10,top,212,5.325000000000014,439.6701821417137,80.1497121610368,170.36670845262353
n1,10,top,213,5.350000000000015,439.6701071808896,80.14974375128193,170.36570975547178
n1,10,top,214,5.375000000000015,439.67004142536166,80.14971625875665,170.36478410725988
n1,10,top,215,5.4000000000000155,439.66994955173584,80.14971546009087,170.363759439049
n1,10,top,216,5.425000000000016,439.6698474350917,80.14976925732502,170.3626946989271
n1,10,top,217,5.450000000000016,439.6697505299044,80.1497696724212,170.3617124583763
n1,10,top,218,5.4750000000000165,439.6696044396345,80.14978406416775,170.36073778813704
n1,10,top,219,5.500000000000017,439.6692349880252,80.14969004666894,170.3597285039248
n1,10,top,220,5.525000000000017,439.6685566757024,80.1497654887231,170.3588278782433
n1,10,top,221,5.550000000000018,439.6676999986781,80.14982871262472,170.35830925175694
n1,10,top,222,5.575000000000018,439.6669476521723,80.14983955789667,170.35781775583607
n1,10,top,223,5.600000000000018,439.66640903404084,80.14976193228199,170.3573463663134
n1,10,top,224,5.625000000000019,439.66599770844806,80.14971032269803,170.35665877965002
n1,10,top,225,5.650000000000019,439.66576437913005,80.14969645691323,170.35589778990916
n1,10,top,226,5.675000000000019,439.66573401752873,80.14969644445827,170.355073375081
n1,10,top,227,5.70000000000002,439.6658039881701,80.14978898300295,170.35426231121036
n1,10,top,228,5.72500000000002,439.6657581911541,80.15001740622972,170.35341568591284
n1,10,top,229,5.75000000000002,439.66573261361833,80.15009706687113,170.3525637891189
n1,10,top,230,5.775000000000021,439.66580731300746,80.15004266326528,170.35151565786398
n1,10,top,231,5.800000000000021,439.6657372564966,80.14983822354903,170.35046003039295
n1,10,top,232,5.8250000000000215,439.665587925106,80.14979450122233,170.34946778879268
n1,10,top,233,5.850000000000022,439.6654130574701,80.14975664859232,170.3485432939844
n1,10,top,234,5.875000000000022,439.6652425394284,80.14971807885682,170.34763087222936
n1,10,top,235,5.900000000000023,439.6650954620484,80.14967253558119,170.346706599969
n1,10,top,236,5.925000000000023,439.6649776116385,80.14962075446358,170.34576622492884
n1,10,top,237,5.950000000000023,439.66488622027174,80.14956577589847,170.34481309758425
n1,10,top,238,5.975000000000024,439.66481379604124,80.14951067171012,170.343851488518
n1,10,top,239,6.000000000000024,439.66475581097245,80.14945848260082,170.34288657380682
n1,10,top,240,6.025000000000024,439.6647067810353,80.14941097143821,170.34191898000063
n1,10,top,241,6.050000000000025,439.6646615620929,80.14936883531873,170.34095013807558
n1,10,top,242,6.075000000000025,439.6646185899519,80.14934205874387,170.33998365943262
n1,10,top,243,6.100000000000025,439.6645738710136,80.14931869156503,170.3390190900749
n1,10,top,244,6.125000000000026,439.6645263720845,80.14929721492473,170.3380552468044
n1,10,top,245,6.150000000000026,439.6644759805347,80.14927756060418,170.3370913366137
n1,10,top,246,6.1750000000000265,439.6644227343728,80.14925961730977,170.336127102981
n1,10,top,247,6.200000000000027,439.6643667077169,80.14924309606563,170.33516225897014
n1,10,top,248,6.225000000000027,439.6643080626719,80.1492281373496,170.33419759093414
n1,10,top,249,6.2500000000000275,439.66424713262944,80.14921461343694,170.33323276206767
n1,10,top,250,6.275000000000028,439.664181885738,80.14920063256517,170.33226617959525
n1,10,top,251,6.300000000000028,439.66411698126194,80.14918996813212,170.3313018036581
n1,10,top,252,6.325000000000029,439.66405131953286,80.1491811521386,170.33033927774872
n1,10,top,253,6.350000000000029,439.6639846932205,80.14917334359663,170.32937658929535
n1,10,top,254,6.375000000000029,439.6639175998126,80.14916634583996,170.32841379545786
n1,10,top,255,6.40000000000003,439.66385027596715,80.14915993610495,170.32745094663986
n1,10,top,256,6.42500000000003,439.6637828966746,80.14915396242444,170.326488112179
n1,10,top,257,6.45000000000003,439.6637156107218,80.1491483138013,170.32552532993398
n1,10,top,258,6.475000000000031,439.6636485391909,80.14914291185553,170.32456260443962
n1,10,top,259,6.500000000000031,439.66358176573334,80.1491376993853,170.3235999277815
n1,10,top,260,6.525000000000031,439.663515339477,80.14913263154924,170.32263729305856
n1,10,top,261,6.550000000000032,439.6634492850473,80.14912767251178,170.32167469584112
n1,10,top,262,6.575000000000032,439.66338361015835,80.14912279489445,170.32071213213072
n1,10,top,263,6.6000000000000325,439.6633183101078,80.14911797769916,170.3197495976029
n1,10,top,264,6.625000000000033,439.663253371706,80.1491132048587,170.31878708800417
n1,10,top,265,6.650000000000033,439.66318877641305,80.1491084639704,170.31782459978896
n1,10,top,266,6.675000000000034,439.6631245028384,80.14910374541775,170.31686213006228
n1,10,top,267,6.700000000000034,439.66306052858016,80.14909904169468,170.31589967645047
n1,10,top,268,6.725000000000034,439.6629941330507,80.14909616750461,170.314935696336
n1,10,top,269,6.750000000000035,439.6629261702535,80.14909392857945,170.31397123684644
n1,10,top,270,6.775000000000035,439.66286131847795,80.14908915251861,170.313009886681
n1,10,top,271,6.800000000000035,439.66279826299666,80.14908250249019,170.31205075582238
n1,10,top,272,6.825000000000036,439.6627352742275,80.14907557345244,170.31109128521757
n1,10,top,273,6.850000000000036,439.6626724323698,80.14906855998527,170.31013135341107
n1,10,top,274,6.875000000000036,439.6626096167113,80.14906156595208,170.3091712145893
n1,10,top,275,6.900000000000037,439.6625468196643,80.1490546159253,170.30821099590972
n1,10,top,276,6.925000000000037,439.6624840590909,80.14904771355151,170.30725075035875
n1,10,top,277,6.9500000000000375,439.66242135874086,80.14904085235153,170.30629050172016
n1,10,top,278,6.975000000000038,439.66235873676106,80.14903402139994,170.3053302617672
n1,10,top,279,7.000000000000038,439.6622962043373,80.14902721170614,170.30437003856326
n1,10,top,280,7.0250000000000385,439.66223376850917,80.14902041754091,170.3034098382027
n1,10,top,281,7.050000000000039,439.66217143450325,80.14901363505854,170.30244966474703
n1,10,top,282,7.075000000000039,439.66210920638787,80.14900686125688,170.30148952045025
n1,10,top,283,7.10000000000004,439.66204708693414,80.14900009372732,170.3005294064495
n1,10,top,284,7.12500000000004,439.6619981136074,80.14897054525564,170.2996169160134
n1,10,top,285,7.15000000000004,439.6619276306209,80.1489209436308,170.2988147918713
n1,10,top,286,7.175000000000041,439.66186849385093,80.14887134377597,170.29818524462095
n1,10,top,287,7.200000000000041,439.6617761841654,80.14880100840699,170.2976141834851
n1,10,top,288,7.225000000000041,439.66170242716754,80.14880549231866,170.29699170665228
n1,10,top,289,7.250000000000042,439.6616568467679,80.14886049441108,170.29623765076875
n1,10,top,290,7.275000000000042,439.6616297766346,80.14889424259334,170.2953626079491
n1,10,top,291,7.3000000000000425,439.6616038804969,80.14890756237405,170.29447362501512
n1,10,top,292,7.325000000000043,439.661577248928,80.14891042442223,170.2935794698886
n1,10,top,293,7.350000000000043,439.66155150948293,80.14890935133933,170.29268298128846
n1,10,top,294,7.3750000000000435,439.6615242550867,80.1489080575859,170.29178494182014
n1,10,top,295,7.400000000000044,439.66149718059734,80.14890568568636,170.2908866932607
n1,10,top,296,7.425000000000044,439.6614701402766,80.14890272248833,170.28998792671516
n1,10,top,297,7.450000000000045,439.6614429896336,80.1488993921811,170.28908877249617
n1,10,top,298,7.475000000000045,439.6614156779048,80.14889582824911,170.28818934718623
n1,10,top,299,7.500000000000045,439.6613881715136,80.14889212242686,170.28728972089772
n1,11,top,0,0.025000000000000022,-0.2039521365755568,0.13265368016303294,22.357804221771307
n1,11,top,1,0.04999999999999999,-0.1476053520605399,0.7568468930296602,25.945136135234346
n1,11,top,2,0.07500000000000001,-0.13455008404699437,1.8463436032781864,30.28224020155006
n1,11,top,3,0.10000000000000003,-0.18909838090343492,3.32586178341449,35.63337861372254
n1,11,top,4,0.12500000000000006,-0.32204735337320073,5.112463942235791,42.056667317765466
n1,11,top,5,0.15000000000000008,-0.5337834209659768,7.0859516430791185,49.23890866476053
n1,11,top,6,0.1750000000000001,-0.7930729051977974,9.061067455090516,56.79310292426499
n1,11,top,7,0.20000000000000012,-1.0393315962396115,10.811704539516919,64.395940994746
n1,11,top,8,0.22500000000000014,-1.2506375446782296,12.286011433118087,71.92514171248416
n1,11,top,9,0.25000000000000017,-1.1428231517376921,13.611937756669207,79.18090900971458
n1,11,top,10,0.2750000000000002,0.06112208789252075,15.08119421980527,85.938519198295
n1,11,top,11,0.3000000000000002,2.3261098792614163,16.727704525222833,92.2590748031329
n1,11,top,12,0.32500000000000023,5.479431686981287,18.52689022682255,98.22086448472868
n1,11,top,13,0.35000000000000026,9.374445033752286,20.448257467376184,103.89152317272952
n1,11,top,14,0.3750000000000003,13.88917795252613,22.46603107280204,109.32844875752753
n1,11,top,15,0.4000000000000003,18.921755457079744,24.560379145587433,114.58042438564426
n1,11,top,16,0.4250000000000003,24.38659801874682,26.71768946202608,119.68901306389036
n1,11,top,17,0.45000000000000034,30.212295208323305,28.92755138445518,124.68972137149059
n1,11,top,18,0.47500000000000037,36.33960883387509,31.181049274126256,129.61300657074918
n1,11,top,19,0.5000000000000004,42.71956497371152,33.470063885766926,134.48510462129002
n1,11,top,20,0.5250000000000004,49.311769258868964,35.787107374617655,139.3287012796527
n1,11,top,21,0.5500000000000003,56.082633085193045,38.12611270811917,144.16352735050313
n1,11,top,22,0.5750000000000002,63.00354655002099,40.48446810070602,149.0069427676118
n1,11,top,23,0.6000000000000001,70.05096006046817,42.859593143454525,153.87433477671485
n1,11,top,24,0.625,77.20588100372042,45.24780593144108,158.77944513558424
n1,11,top,25,0.6499999999999999,84.45201744713687,47.64801831156556,163.73474812877603
n1,11,top,26,0.6749999999999998,91.77608058046322,50.05890850675451,168.7516669568057
n1,11,top,27,0.6999999999999997,99.16639008115025,52.48175786229144,173.8408784770095
n1,11,top,28,0.7249999999999996,106.61370864614454,54.91666524634706,179.0124620613676
n1,11,top,29,0.7499999999999996,114.11060188227535,57.363455590621896,184.27614329151817
n1,11,top,30,0.7749999999999995,121.65140819510343,59.82092120210704,189.64142190757653
n1,11,top,31,0.7999999999999994,129.23176650095462,62.28760803589948,195.11775635264854
n1,11,top,32,0.8249999999999993,136.84791143827712,64.76218634955615,200.7115273087133
n1,11,top,33,0.8499999999999992,144.46483943271224,67.23204735036208,206.1326039623836
n1,11,top,34,0.8749999999999991,152.02377337693642,69.67594186980801,210.849139042331
n1,11,top,35,0.899999999999999,159.4788989787302,72.07746792660106,214.4188619009291
n1,11,top,36,0.9249999999999989,166.8065753513778,74.40345392509008,216.5189436942247
n1,11,top,37,0.9499999999999988,174.03053413773833,76.56282612371587,217.10377618507724
n1,11,top,38,0.9749999999999988,181.19710385297765,78.45265363045746,216.3716836086313
n1,11,top,39,0.9999999999999987,188.3726622828469,79.97721069011489,214.86333048473207
n1,11,top,40,1.0249999999999986,195.60384896755687,81.06553004251147,213.10836988409784
n1,11,top,41,1.0499999999999985,202.88695034896253,81.70983168627761,211.31747720823984
n1,11,top,42,1.0749999999999984,210.2103386300637,81.95233369566951,209.65673956366712
n1,11,top,43,1.0999999999999983,217.5732458086561,81.88169890118729,208.32530471033883
n1,11,top,44,1.1249999999999982,224.9710539579304,81.61582998339924,207.36694650870066
n1,11,top,45,1.1499999999999981,232.39267560395461,81.27121772750506,206.67019195658918
n1,11,top,46,1.174999999999998,239.83475434711454,80.93414153191634,206.16362675740552
n1,11,top,47,1.199999999999998,247.2953518651654,80.66201478235837,205.79790955323705
n1,11,top,48,1.2249999999999979,254.77151286956735,80.48486711789948,205.53745072047047
n1,11,top,49,1.2499999999999978,262.258886231465,80.39944949895798,205.3559394774544
n1,11,top,50,1.2749999999999977,269.7533847816939,80.38418871625775,205.23320580007203
n1,11,top,51,1.2999999999999976,277.2566457751286,80.40203720184492,205.19766249951454
n1,11,top,52,1.3249999999999975,284.84428067299126,80.4174683258667,205.92714413676848
n1,11,top,53,1.3499999999999974,292.45475125904045,80.40715039019186,206.83921123886412
n1,11,top,54,1.3749999999999973,299.9634011579232,80.36852452017489,206.7795642473678
n1,11,top,55,1.3999999999999972,307.3895488062564,80.30521307893909,205.9355783454498
n1,11,top,56,1.4249999999999972,314.78504860220175,80.24485296555314,204.815789304939
n1,11,top,57,1.449999999999997,322.1907155104108,80.21442802704311,203.80946354158897
n1,11,top,58,1.474999999999997,329.4976918276963,80.20526609235881,201.71754317064517
n1,11,top,59,1.499999999999997,336.6822743044567,80.20048180921675,198.33496770696175
n1,11,top,60,1.5249999999999968,343.8354171789658,80.17971608105047,194.69109331970714
n1,11,top,61,1.5499999999999967,351.10683216519686,80.1263181081063,192.12317690356784
n1,11,top,62,1.5749999999999966,358.36544055145913,80.08229666829521,190.96345229427192
n1,11,top,63,1.5999999999999965,364.9985635978069,80.08128811976418,190.22958676120754
n1,11,top,64,1.6249999999999964,370.91257905694283,80.11900462477416,189.65659988428072
n1,11,top,65,1.6499999999999964,376.28876822954794,80.17001988182588,189.1497999878458
n1,11,top,66,1.6749999999999963,381.2720698313432,80.20771266695925,188.67402572603962
n1,11,top,67,1.6999999999999962,385.90082619242605,80.22377431886302,188.2183159171473
n1,11,top,68,1.724999999999996,390.17297912767725,80.22585286849522,187.78129502034497
n1,11,top,69,1.749999999999996,394.10015029043666,80.22332080834607,187.3628055816026
n1,11,top,70,1.774999999999996,397.7115425413286,80.22039531492354,186.9619381618518
n1,11,top,71,1.7999999999999958,401.03833107367853,80.21743128465758,186.5775823623378
n1,11,top,72,1.8249999999999957,404.1052233967956,80.21361443057813,186.20887416218673
n1,11,top,73,1.8499999999999956,406.93170506140075,80.20864959879417,185.85517508998538
n1,11,top,74,1.8749999999999956,409.5354893497556,80.20314692205332,185.5159112081485
n1,11,top,75,1.8999999999999955,411.9338407163416,80.19834271045957,185.19050111382379
n1,11,top,76,1.9249999999999954,414.14320374404787,80.19447352718068,184.87836520189833
n1,11,top,77,1.9499999999999953,416.17869000070334,80.19039942977513,184.57894662700156
n1,11,top,78,1.9749999999999952,418.054015974174,80.18530290774889,184.29171740812072
n1,11,top,79,1.9999999999999951,419.7817325756668,80.17911361714754,184.0161755350226
n1,11,top,80,2.024999999999995,421.37342546107107,80.1721882836298,183.75184132575242
n1,11,top,81,2.049999999999995,422.8397973625162,80.16516357639453,183.4982555765829
n1,11,top,82,2.074999999999995,424.19071253012453,80.15866532643605,183.25497857456537
n1,11,top,83,2.0999999999999948,425.4352553005198,80.15300077917054,183.0215890482421
n1,11,top,84,2.1249999999999947,426.5817952081638,80.14817691442036,182.79768311327095
n1,11,top,85,2.1499999999999946,427.6380467855628,80.1440580122438,182.58287338738387
n1,11,top,86,2.1749999999999945,428.61112059961266,80.14048509430644,182.37678833747742
n1,11,top,87,2.1999999999999944,429.5075679418189,80.13733792957842,182.17907175121204
n1,11,top,88,2.2249999999999943,430.3334251254391,80.13448554197042,181.98938214195528
n1,11,top,89,2.2499999999999942,431.09424871008173,80.13193111394594,181.80739223375554
n1,11,top,90,2.274999999999994,431.7951545681348,80.12976441651743,181.63278841433868
n1,11,top,91,2.299999999999994,432.4408613283618,80.12791432805363,181.46527000575242
n1,11,top,92,2.324999999999994,433.03571767582423,80.12627448698532,181.30454860671603
n1,11,top,93,2.349999999999994,433.5837255877408,80.12486218339671,181.15034764479446
n1,11,top,94,2.374999999999994,434.0885645155693,80.12387919409773,181.002402077086
n1,11,top,95,2.3999999999999937,434.5536329044191,80.12328814416588,180.8604577876557
n1,11,top,96,2.4249999999999936,434.98207960570966,80.1226228837053,180.72427071190154
n1,11,top,97,2.4499999999999935,435.3768057379235,80.12147354527923,180.59360630066135
n1,11,top,98,2.4749999999999934,435.7404653164808,80.11992106746088,180.46823969214347
n1,11,top,99,2.4999999999999933,436.07548637545625,80.1184285687499,180.3479557992749
n1,11,top,100,2.5249999999999932,436.38408978829966,80.1172622057146,180.05515742428284
n1,11,top,101,2.549999999999993,436.66835381856146,80.11637506487838,179.54961098502895
n1,11,top,102,2.574999999999993,436.93023061568556,80.11581846819419,178.98513359216855
n1,11,top,103,2.599999999999993,437.17148858227966,80.11552411597842,178.40443279574762
n1,11,top,104,2.624999999999993,437.3937439364819,80.11532640914824,177.81927368082745
n1,11,top,105,2.649999999999993,437.5984832739088,80.11522905211477,177.23289020992038
n1,11,top,106,2.6749999999999927,437.7870761095175,80.11540700259039,176.64617085116348
n1,11,top,107,2.6999999999999926,437.96079725694943,80.11581586642156,176.05935973503077
n1,11,top,108,2.7249999999999925,438.1208303527528,80.11621267448673,175.47252381196566
n1,11,top,109,2.7499999999999925,438.2682566948151,80.11651909032624,174.88568123049976
n1,11,top,110,2.7749999999999924,438.4040662073732,80.11677886338363,174.2988368520434
n1,11,top,111,2.7999999999999923,438.52917088999493,80.11704160100912,173.7119920304999
n1,11,top,112,2.824999999999992,438.6444256573904,80.11710670650079,173.12514707079325
n1,11,top,113,2.849999999999992,438.75062829613466,80.11662771958649,172.5383017304514
n1,11,top,114,2.874999999999992,438.8484993099282,80.11553879711616,171.9514555961648
n1,11,top,115,2.899999999999992,438.9386774272798,80.11419242272252,171.36460858272193
n1,11,top,116,2.924999999999992,439.0217464745999,80.11297724184838,170.77776101146785
n1,11,top,117,2.9499999999999917,439.1694172222719,80.12117333175912,170.69950459489496
n1,11,top,118,2.9749999999999917,439.32832171246463,80.13166063363526,170.6170912286803
n1,11,top,119,2.9999999999999916,439.37203331395085,80.13555751827546,170.63484853108915
n1,11,top,120,3.0249999999999915,439.38631716444416,80.13235746164098,170.54567765771492
n1,11,top,121,3.0499999999999914,439.40335054063456,80.1339277410633,170.55135484444904
n1,11,top,122,3.0749999999999913,439.4310395767202,80.1356542973831,170.550138548323
n1,11,top,123,3.099999999999991,439.45574664161774,80.13713188508403,170.53987326517083
n1,11,top,124,3.124999999999991,439.49384324046224,80.13944855966571,170.536476953615
n1,11,top,125,3.149999999999991,439.5325773585279,80.14178048660169,170.5283632843809
n1,11,top,126,3.174999999999991,439.5715919399714,80.14413362652154,170.51953200632613
n1,11,top,127,3.199999999999991,439.60751527777796,80.14640952963147,170.5105220443502
n1,11,top,128,3.2249999999999908,439.6390169044054,80.14823799375048,170.5015347146064
n1,11,top,129,3.2499999999999907,439.663258317697,80.14970526493545,170.49311688090293
n1,11,top,130,3.2749999999999906,439.6790323075041,80.1505484251659,170.48662124773637
n1,11,top,131,3.2999999999999905,439.68419258189874,80.15067154719843,170.48255366281757
n1,11,top,132,3.3249999999999904,439.68349839454294,80.15075672713624,170.4805574254306
n1,11,top,133,3.3499999999999903,439.6828652964405,80.15075054568504,170.47842623129517
n1,11,top,134,3.3749999999999902,439.68249823773874,80.15073397197563,170.47598585737248
n1,11,top,135,3.39999999999999,439.6822163590468,80.15071484522214,170.47332990432506
n1,11,top,136,3.42499999999999,439.6811663312144,80.15066611485568,170.47025900204875
n1,11,top,137,3.44999999999999,439.6761319214207,80.15027434939887,170.466733214984
n1,11,top,138,3.47499999999999,439.6733867499731,80.15053672956962,170.4636450709319
n1,11,top,139,3.49999999999999,439.6708736683362,80.1504391342996,170.4606139154547
n1,11,top,140,3.5249999999999897,439.6689754217295,80.15018532804338,170.45799839667515
n1,11,top,141,3.5499999999999896,439.6680936684056,80.15015146927676,170.45587170357254
n1,11,top,142,3.5749999999999895,439.66782350310416,80.1500983649022,170.45389426217645
n1,11,top,143,3.59999999999999,439.6679055674207,80.15001951526229,170.4521013472121
n1,11,top,144,3.6249999999999902,439.66847546148125,80.15001797393171,170.4504883853198
n1,11,top,145,3.6499999999999906,439.6692686521426,80.15002921249405,170.44892008672016
n1,11,top,146,3.674999999999991,439.6697832484517,80.15017593301572,170.4475429781886
n1,11,top,147,3.6999999999999913,439.67080385760534,80.15037587147974,170.44658071058365
n1,11,top,148,3.7249999999999917,439.67211765403096,80.15030535027026,170.44553812238337
n1,11,top,149,3.749999999999992,439.6728001982841,80.15021732456276,170.44414811262985
n1,11,top,150,3.7749999999999924,439.6731035229068,80.15012639565155,170.44260056806996
n1,11,top,151,3.7999999999999927,439.67324092944807,80.15003740584619,170.44115046096934
n1,11,top,152,3.824999999999993,439.6736842800773,80.15004255626638,170.43984618171123
n1,11,top,153,3.8499999999999934,439.67400125949325,80.15004875556336,170.43859103293786
n1,11,top,154,3.874999999999994,439.674205480701,80.15004616958812,170.43732536951907
n1,11,top,155,3.899999999999994,439.6743823996895,80.15005446294619,170.43602951149333
n1,11,top,156,3.9249999999999945,439.6743841261224,80.15004864119611,170.43470783951867
n1,11,top,157,3.949999999999995,439.6742763688815,80.15003488919636,170.4333818812755
n1,11,top,158,3.974999999999995,439.6741174796436,80.15005059453279,170.43205181490524
n1,11,top,159,3.9999999999999956,439.67415433543033,80.15003260880142,170.4306406140824
n1,11,top,160,4.024999999999996,439.6742671945398,80.15001151582578,170.42924583769806
n1,11,top,161,4.049999999999996,439.67425517950403,80.15001194000283,170.42789737861577
n1,11,top,162,4.074999999999997,439.67422849418233,80.15000999170135,170.426551132097
n1,11,top,163,4.099999999999997,439.67419323922644,80.15000905867674,170.42519371000932
n1,11,top,164,4.124999999999997,439.67414861043756,80.15000169939783,170.42384684906744
n1,11,top,165,4.149999999999998,439.6738664695424,80.14994510476184,170.42244788834617
n1,11,top,166,4.174999999999998,439.6731486160266,80.14983016403237,170.42100819745443
n1,11,top,167,4.199999999999998,439.67251333233185,80.14976892448121,170.4197110149045
n1,11,top,168,4.224999999999999,439.6721218714817,80.14974782233728,170.4183997742827
n1,11,top,169,4.249999999999999,439.6713540518699,80.14966442187118,170.41703362480354
n1,11,top,170,4.2749999999999995,439.67075899574195,80.14961872278643,170.4157607762052
n1,11,top,171,4.3,439.6703769207507,80.14956874733511,170.41450223029685
n1,11,top,172,4.325,439.67014842948635,80.14959776611818,170.41326084756528
n1,11,top,173,4.3500000000000005,439.67011031921936,80.14969004244061,170.412044623136
n1,11,top,174,4.375000000000001,439.6703054059976,80.14961295338938,170.4107944695101
n1,11,top,175,4.400000000000001,439.6704141794039,80.1495690327579,170.40947313206058
n1,11,top,176,4.425000000000002,439.6703875944447,80.14953150004281,170.40812314644174
n1,11,top,177,4.450000000000002,439.6703022455463,80.14953263801056,170.40678663722917
n1,11,top,178,4.475000000000002,439.6701880936374,80.14955189011322,170.40546880868047
n1,11,top,179,4.500000000000003,439.67006687089537,80.14956176082606,170.40415889200392
n1,11,top,180,4.525000000000003,439.6699595524556,80.14957067313809,170.40285383095468
n1,11,top,181,4.550000000000003,439.6698861328928,80.14957397945872,170.40155798306895
n1,11,top,182,4.575000000000004,439.66986914870546,80.14957071271535,170.4002627176385
n1,11,top,183,4.600000000000004,439.66987829624065,80.14956649687235,170.39895478794426
n1,11,top,184,4.625000000000004,439.669877457537,80.14955516296641,170.39763259494734
n1,11,top,185,4.650000000000005,439.66982345439664,80.14953658701549,170.39630143595
n1,11,top,186,4.675000000000005,439.6697476592878,80.14953380206028,170.39497697610028
n1,11,top,187,4.7000000000000055,439.6696770254666,80.14952390035972,170.39367730800157
n1,11,top,188,4.725000000000006,439.66964929978525,80.14954750729639,170.39239768468758
n1,11,top,189,4.750000000000006,439.6696423873789,80.14955924900086,170.39108790263404
n1,11,top,190,4.775000000000007,439.6696582345663,80.14958019523398,170.38984690378498
n1,11,top,191,4.800000000000007,439.6696752138621,80.14958006942705,170.3885079204548
n1,11,top,192,4.825000000000007,439.6697383860917,80.14963033162806,170.38726631013768
n1,11,top,193,4.850000000000008,439.6698489566737,80.14964332283964,170.38601450500352
n1,11,top,194,4.875000000000008,439.6699591772757,80.14967211056704,170.3847533854969
n1,11,top,195,4.900000000000008,439.6700369832725,80.1496934550647,170.38349450747256
n1,11,top,196,4.925000000000009,439.6700912753447,80.14974089302363,170.38220631872127
n1,11,top,197,4.950000000000009,439.67011788739285,80.14972627360555,170.38097164552212
n1,11,top,198,4.975000000000009,439.6700691739232,80.14978223798069,170.37967492635062
n1,11,top,199,5.00000000000001,439.66999863675136,80.14984390752274,170.37871297265193
n1,11,top,200,5.02500000000001,439.66995377179114,80.14997058464552,170.37793376429698
n1,11,top,201,5.0500000000000105,439.6700436433651,80.14994772155782,170.3773294767462
n1,11,top,202,5.075000000000011,439.67021541307815,80.14979318014983,170.3766098575346
n1,11,top,203,5.100000000000011,439.6703330880592,80.1497016393044,170.3756205067176
n1,11,top,204,5.1250000000000115,439.67046542218435,80.14967894816014,170.37465815888106
n1,11,top,205,5.150000000000012,439.67051993321246,80.14969964186011,170.3736608934127
n1,11,top,206,5.175000000000012,439.67054432752394,80.14975588193398,170.37265639017352
n1,11,top,207,5.200000000000013,439.6705223856912,80.1497604441595,170.37168697143682
n1,11,top,208,5.225000000000013,439.67050272120775,80.14974890465983,170.37071273310383
n1,11,top,209,5.250000000000013,439.6704358690974,80.14970427582735,170.36974497044164
n1,11,top,210,5.275000000000014,439.6703628678555,80.14969846437477,170.36876227005604
n1,11,top,211,5.300000000000014,439.67029163940003,80.14970867411414,170.36773633543618
n1,11,top,212,5.325000000000014,439.6701821417137,80.1497121610368,170.36670845262353
n1,11,top,213,5.350000000000015,439.6701071808896,80.14974375128193,170.36570975547178
n1,11,top,214,5.375000000000015,439.67004142536166,80.14971625875665,170.36478410725988
n1,11,top,215,5.4000000000000155,439.66994955173584,80.14971546009087,170.363759439049
n1,11,top,216,5.425000000000016,439.6698474350917,80.14976925732502,170.3626946989271
n1,11,top,217,5.450000000000016,439.6697505299044,80.1497696724212,170.3617124583763
n1,11,top,218,5.4750000000000165,439.6696044396345,80.14978406416775,170.36073778813704
n1,11,top,219,5.500000000000017,439.6692349880252,80.14969004666894,170.3597285039248
n1,11,top,220,5.525000000000017,439.6685566757024,80.1497654887231,170.3588278782433
n1,11,top,221,5.550000000000018,439.6676999986781,80.14982871262472,170.35830925175694
n1,11,top,222,5.575000000000018,439.6669476521723,80.14983955789667,170.35781775583607
n1,11,top,223,5.600000000000018,439.66640903404084,80.14976193228199,170.3573463663134
n1,11,top,224,5.625000000000019,439.66599770844806,80.14971032269803,170.35665877965002
n1,11,top,225,5.650000000000019,439.66576437913005,80.14969645691323,170.35589778990916
n1,11,top,226,5.675000000000019,439.66573401752873,80.14969644445827,170.355073375081
n1,11,top,227,5.70000000000002,439.6658039881701,80.14978898300295,170.35426231121036
n1,11,top,228,5.72500000000002,439.6657581911541,80.15001740622972,170.35341568591284
n1,11,top,229,5.75000000000002,439.66573261361833,80.15009706687113,170.3525637891189
n1,11,top,230,5.775000000000021,439.66580731300746,80.15004266326528,170.35151565786398
n1,11,top,231,5.800000000000021,439.6657372564966,80.14983822354903,170.35046003039295
n1,11,top,232,5.8250000000000215,439.665587925106,80.14979450122233,170.34946778879268
n1,11,top,233,5.850000000000022,439.6654130574701,80.14975664859232,170.3485432939844
n1,11,top,234,5.875000000000022,439.6652425394284,80.14971807885682,170.34763087222936
n1,11,top,235,5.900000000000023,439.6650954620484,80.14967253558119,170.346706599969
n1,11,top,236,5.925000000000023,439.6649776116385,80.14962075446358,170.34576622492884
n1,11,top,237,5.950000000000023,439.66488622027174,80.14956577589847,170.34481309758425
n1,11,top,238,5.975000000000024,439.66481379604124,80.14951067171012,170.343851488518
n1,11,top,239,6.000000000000024,439.66475581097245,80.14945848260082,170.34288657380682
n1,11,top,240,6.025000000000024,439.6647067810353,80.14941097143821,170.34191898000063
n1,11,top,241,6.050000000000025,439.6646615620929,80.14936883531873,170.34095013807558
n1,11,top,242,6.075000000000025,439.6646185899519,80.14934205874387,170.33998365943262
n1,11,top,243,6.100000000000025,439.6645738710136,80.14931869156503,170.3390190900749
n1,11,top,244,6.125000000000026,439.6645263720845,80.14929721492473,170.3380552468044
n1,11,top,245,6.150000000000026,439.6644759805347,80.14927756060418,170.3370913366137
n1,11,top,246,6.1750000000000265,439.6644227343728,80.14925961730977,170.336127102981
n1,11,top,247,6.200000000000027,439.6643667077169,80.14924309606563,170.33516225897014
n1,11,top,248,6.225000000000027,439.6643080626719,80.1492281373496,170.33419759093414
n1,11,top,249,6.2500000000000275,439.66424713262944,80.14921461343694,170.33323276206767
n1,11,top,250,6.275000000000028,439.664181885738,80.14920063256517,170.33226617959525
n1,11,top,251,6.300000000000028,439.66411698126194,80.14918996813212,170.3313018036581
n1,11,top,252,6.325000000000029,439.66405131953286,80.1491811521386,170.33033927774872
n1,11,top,253,6.350000000000029,439.6639846932205,80.14917334359663,170.32937658929535
n1,11,top,254,6.375000000000029,439.6639175998126,80.14916634583996,170.32841379545786
n1,11,top,255,6.40000000000003,439.66385027596715,80.14915993610495,170.32745094663986
n1,11,top,256,6.42500000000003,439.6637828966746,80.14915396242444,170.326488112179
n1,11,top,257,6.45000000000003,439.6637156107218,80.1491483138013,170.32552532993398
n1,11,top,258,6.475000000000031,439.6636485391909,80.14914291185553,170.32456260443962
n1,11,top,259,6.500000000000031,439.66358176573334,80.1491376993853,170.3235999277815
n1,11,top,260,6.525000000000031,439.663515339477,80.14913263154924,170.32263729305856
n1,11,top,261,6.550000000000032,439.6634492850473,80.14912767251178,170.32167469584112
n1,11,top,262,6.575000000000032,439.66338361015835,80.14912279489445,170.32071213213072
n1,11,top,263,6.6000000000000325,439.6633183101078,80.14911797769916,170.3197495976029
n1,11,top,264,6.625000000000033,439.663253371706,80.1491132048587,170.31878708800417
n1,11,top,265,6.650000000000033,439.66318877641305,80.1491084639704,170.31782459978896
n1,11,top,266,6.675000000000034,439.6631245028384,80.14910374541775,170.31686213006228
n1,11,top,267,6.700000000000034,439.66306052858016,80.14909904169468,170.31589967645047
n1,11,top,268,6.725000000000034,439.6629941330507,80.14909616750461,170.314935696336
n1,11,top,269,6.750000000000035,439.6629261702535,80.14909392857945,170.31397123684644
n1,11,top,270,6.775000000000035,439.66286131847795,80.14908915251861,170.313009886681
n1,11,top,271,6.800000000000035,439.66279826299666,80.14908250249019,170.31205075582238
n1,11,top,272,6.825000000000036,439.6627352742275,80.14907557345244,170.31109128521757
n1,11,top,273,6.850000000000036,439.6626724323698,80.14906855998527,170.31013135341107
n1,11,top,274,6.875000000000036,439.6626096167113,80.14906156595208,170.3091712145893
n1,11,top,275,6.900000000000037,439.6625468196643,80.1490546159253,170.30821099590972
n1,11,top,276,6.925000000000037,439.6624840590909,80.14904771355151,170.30725075035875
n1,11,top,277,6.9500000000000375,439.66242135874086,80.14904085235153,170.30629050172016
n1,11,top,278,6.975000000000038,439.66235873676106,80.14903402139994,170.3053302617672
n1,11,top,279,7.000000000000038,439.6622962043373,80.14902721170614,170.30437003856326
n1,11,top,280,7.0250000000000385,439.66223376850917,80.14902041754091,170.3034098382027
n1,11,top,281,7.050000000000039,439.66217143450325,80.14901363505854,170.30244966474703
n1,11,top,282,7.075000000000039,439.66210920638787,80.14900686125688,170.30148952045025
n1,11,top,283,7.10000000000004,439.66204708693414,80.14900009372732,170.3005294064495
n1,11,top,284,7.12500000000004,439.6619981136074,80.14897054525564,170.2996169160134
n1,11,top,285,7.15000000000004,439.6619276306209,80.1489209436308,170.2988147918713
n1,11,top,286,7.175000000000041,439.66186849385093,80.14887134377597,170.29818524462095
n1,11,top,287,7.200000000000041,439.6617761841654,80.14880100840699,170.2976141834851
n1,11,top,288,7.225000000000041,439.66170242716754,80.14880549231866,170.29699170665228
n1,11,top,289,7.250000000000042,439.6616568467679,80.14886049441108,170.29623765076875
n1,11,top,290,7.275000000000042,439.6616297766346,80.14889424259334,170.2953626079491
n1,11,top,291,7.3000000000000425,439.6616038804969,80.14890756237405,170.29447362501512
n1,11,top,292,7.325000000000043,439.661577248928,80.14891042442223,170.2935794698886
n1,11,top,293,7.350000000000043,439.66155150948293,80.14890935133933,170.29268298128846
n1,11,top,294,7.3750000000000435,439.6615242550867,80.1489080575859,170.29178494182014
n1,11,top,295,7.400000000000044,439.66149718059734,80.14890568568636,170.2908866932607
n1,11,top,296,7.425000000000044,439.6614701402766,80.14890272248833,170.28998792671516
n1,11,top,297,7.450000000000045,439.6614429896336,80.1488993921811,170.28908877249617
n1,11,top,298,7.475000000000045,439.6614156779048,80.14889582824911,170.28818934718623
n1,11,top,299,7.500000000000045,439.6613881715136,80.14889212242686,170.28728972089772
n1,12,top,0,0.025000000000000022,-0.2039521365755568,0.13265368016303294,22.357804221771307
n1,12,top,1,0.04999999999999999,-0.1476053520605399,0.7568468930296602,25.945136135234346
n1,12,top,2,0.07500000000000001,-0.13455008404699437,1.8463436032781864,30.28224020155006
n1,12,top,3,0.10000000000000003,-0.18909838090343492,3.32586178341449,35.63337861372254
n1,12,top,4,0.12500000000000006,-0.32204735337320073,5.112463942235791,42.056667317765466
n1,12,top,5,0.15000000000000008,-0.5337834209659768,7.0859516430791185,49.23890866476053
n1,12,top,6,0.1750000000000001,-0.7930729051977974,9.061067455090516,56.79310292426499
n1,12,top,7,0.20000000000000012,-1.0393315962396115,10.811704539516919,64.395940994746
n1,12,top,8,0.22500000000000014,-1.2506375446782296,12.286011433118087,71.92514171248416
n1,12,top,9,0.25000000000000017,-1.1428231517376921,13.611937756669207,79.18090900971458
n1,12,top,10,0.2750000000000002,0.06112208789252075,15.08119421980527,85.938519198295
n1,12,top,11,0.3000000000000002,2.3261098792614163,16.727704525222833,92.2590748031329
n1,12,top,12,0.32500000000000023,5.479431686981287,18.52689022682255,98.22086448472868
n1,12,top,13,0.35000000000000026,9.374445033752286,20.448257467376184,103.89152317272952
n1,12,top,14,0.3750000000000003,13.88917795252613,22.46603107280204,109.32844875752753
n1,12,top,15,0.4000000000000003,18.921755457079744,24.560379145587433,114.58042438564426
n1,12,top,16,0.4250000000000003,24.38659801874682,26.71768946202608,119.68901306389036
n1,12,top,17,0.45000000000000034,30.212295208323305,28.92755138445518,124.68972137149059
n1,12,top,18,0.47500000000000037,36.33960883387509,31.181049274126256,129.61300657074918
n1,12,top,19,0.5000000000000004,42.71956497371152,33.470063885766926,134.48510462129002
n1,12,top,20,0.5250000000000004,49.311769258868964,35.787107374617655,139.3287012796527
n1,12,top,21,0.5500000000000003,56.082633085193045,38.12611270811917,144.16352735050313
n1,12,top,22,0.5750000000000002,63.00354655002099,40.48446810070602,149.0069427676118
n1,12,top,23,0.6000000000000001,70.05096006046817,42.859593143454525,153.87433477671485
n1,12,top,24,0.625,77.20588100372042,45.24780593144108,158.77944513558424
n1,12,top,25,0.6499999999999999,84.45201744713687,47.64801831156556,163.73474812877603
n1,12,top,26,0.6749999999999998,91.77608058046322,50.05890850675451,168.7516669568057
n1,12,top,27,0.6999999999999997,99.16639008115025,52.48175786229144,173.8408784770095
n1,12,top,28,0.7249999999999996,106.61370864614454,54.91666524634706,179.0124620613676
n1,12,top,29,0.7499999999999996,114.11060188227535,57.363455590621896,184.27614329151817
n1,12,top,30,0.7749999999999995,121.65140819510343,59.82092120210704,189.64142190757653
n1,12,top,31,0.7999999999999994,129.23176650095462,62.28760803589948,195.11775635264854
n1,12,top,32,0.8249999999999993,136.84791143827712,64.76218634955615,200.7115273087133
n1,12,top,33,0.8499999999999992,144.46483943271224,67.23204735036208,206.1326039623836
n1,12,top,34,0.8749999999999991,152.02377337693642,69.67594186980801,210.849139042331
n1,12,top,35,0.899999999999999,159.4788989787302,72.07746792660106,214.4188619009291
n1,12,top,36,0.9249999999999989,166.8065753513778,74.40345392509008,216.5189436942247
n1,12,top,37,0.9499999999999988,174.03053413773833,76.56282612371587,217.10377618507724
n1,12,top,38,0.9749999999999988,181.19710385297765,78.45265363045746,216.3716836086313
n1,12,top,39,0.9999999999999987,188.3726622828469,79.97721069011489,214.86333048473207
n1,12,top,40,1.0249999999999986,195.60384896755687,81.06553004251147,213.10836988409784
n1,12,top,41,1.0499999999999985,202.88695034896253,81.70983168627761,211.31747720823984
n1,12,top,42,1.0749999999999984,210.2103386300637,81.95233369566951,209.65673956366712
n1,12,top,43,1.0999999999999983,217.5732458086561,81.88169890118729,208.32530471033883
n1,12,top,44,1.1249999999999982,224.9710539579304,81.61582998339924,207.36694650870066
n1,12,top,45,1.1499999999999981,232.39267560395461,81.27121772750506,206.67019195658918
n1,12,top,46,1.174999999999998,239.83475434711454,80.93414153191634,206.16362675740552
n1,12,top,47,1.199999999999998,247.2953518651654,80.66201478235837,205.79790955323705
n1,12,top,48,1.2249999999999979,254.77151286956735,80.48486711789948,205.53745072047047
n1,12,top,49,1.2499999999999978,262.258886231465,80.39944949895798,205.3559394774544
n1,12,top,50,1.2749999999999977,269.7533847816939,80.38418871625775,205.23320580007203
n1,12,top,51,1.2999999999999976,277.2566457751286,80.40203720184492,205.19766249951454
n1,12,top,52,1.3249999999999975,284.84428067299126,80.4174683258667,205.92714413676848
n1,12,top,53,1.3499999999999974,292.45475125904045,80.40715039019186,206.83921123886412
n1,12,top,54,1.3749999999999973,299.9634011579232,80.36852452017489,206.7795642473678
n1,12,top,55,1.3999999999999972,307.3895488062564,80.30521307893909,205.9355783454498
n1,12,top,56,1.4249999999999972,314.78504860220175,80.24485296555314,204.815789304939
n1,12,top,57,1.449999999999997,322.1907155104108,80.21442802704311,203.80946354158897
n1,12,top,58,1.474999999999997,329.4976918276963,80.20526609235881,201.71754317064517
n1,12,top,59,1.499999999999997,336.6822743044567,80.20048180921675,198.33496770696175
n1,12,top,60,1.5249999999999968,343.8354171789658,80.17971608105047,194.69109331970714
n1,12,top,61,1.5499999999999967,351.10683216519686,80.1263181081063,192.12317690356784
n1,12,top,62,1.5749999999999966,358.36544055145913,80.08229666829521,190.96345229427192
n1,12,top,63,1.5999999999999965,364.9985635978069,80.08128811976418,190.22958676120754
n1,12,top,64,1.6249999999999964,370.91257905694283,80.11900462477416,189.65659988428072
n1,12,top,65,1.6499999999999964,376.28876822954794,80.17001988182588,189.1497999878458
n1,12,top,66,1.6749999999999963,381.2720698313432,80.20771266695925,188.67402572603962
n1,12,top,67,1.6999999999999962,385.90082619242605,80.22377431886302,188.2183159171473
n1,12,top,68,1.724999999999996,390.17297912767725,80.22585286849522,187.78129502034497
n1,12,top,69,1.749999999999996,394.10015029043666,80.22332080834607,187.3628055816026
n1,12,top,70,1.774999999999996,397.7115425413286,80.22039531492354,186.9619381618518
n1,12,top,71,1.7999999999999958,401.03833107367853,80.21743128465758,186.5775823623378
n1,12,top,72,1.8249999999999957,404.1052233967956,80.21361443057813,186.20887416218673
n1,12,top,73,1.8499999999999956,406.93170506140075,80.20864959879417,185.85517508998538
n1,12,top,74,1.8749999999999956,409.5354893497556,80.20314692205332,185.5159112081485
n1,12,top,75,1.8999999999999955,411.9338407163416,80.19834271045957,185.19050111382379
n1,12,top,76,1.9249999999999954,414.14320374404787,80.19447352718068,184.87836520189833
n1,12,top,77,1.9499999999999953,416.17869000070334,80.19039942977513,184.57894662700156
n1,12,top,78,1.9749999999999952,418.054015974174,80.18530290774889,184.29171740812072
n1,12,top,79,1.9999999999999951,419.7817325756668,80.17911361714754,184.0161755350226
n1,12,top,80,2.024999999999995,421.37342546107107,80.1721882836298,183.75184132575242
n1,12,top,81,2.049999999999995,422.8397973625162,80.16516357639453,183.4982555765829
n1,12,top,82,2.074999999999995,424.19071253012453,80.15866532643605,183.25497857456537
n1,12,top,83,2.0999999999999948,425.4352553005198,80.15300077917054,183.0215890482421
n1,12,top,84,2.1249999999999947,426.5817952081638,80.14817691442036,182.79768311327095
n1,12,top,85,2.1499999999999946,427.6380467855628,80.1440580122438,182.58287338738387
n1,12,top,86,2.1749999999999945,428.61112059961266,80.14048509430644,182.37678833747742
n1,12,top,87,2.1999999999999944,429.5075679418189,80.13733792957842,182.17907175121204
n1,12,top,88,2.2249999999999943,430.3334251254391,80.13448554197042,181.98938214195528
n1,12,top,89,2.2499999999999942,431.09424871008173,80.13193111394594,181.80739223375554
n1,12,top,90,2.274999999999994,431.7951545681348,80.12976441651743,181.63278841433868
n1,12,top,91,2.299999999999994,432.4408613283618,80.12791432805363,181.46527000575242
n1,12,top,92,2.324999999999994,433.03571767582423,80.12627448698532,181.30454860671603
n1,12,top,93,2.349999999999994,433.5837255877408,80.12486218339671,181.15034764479446
n1,12,top,94,2.374999999999994,434.0885645155693,80.12387919409773,181.002402077086
n1,12,top,95,2.3999999999999937,434.5536329044191,80.12328814416588,180.8604577876557
n1,12,top,96,2.4249999999999936,434.98207960570966,80.1226228837053,180.72427071190154
n1,12,top,97,2.4499999999999935,435.3768057379235,80.12147354527923,180.59360630066135
n1,12,top,98,2.4749999999999934,435.7404653164808,80.11992106746088,180.46823969214347
n1,12,top,99,2.4999999999999933,436.07548637545625,80.1184285687499,180.3479557992749
n1,12,top,100,2.5249999999999932,436.38408978829966,80.1172622057146,180.05515742428284
n1,12,top,101,2.549999999999993,436.66835381856146,80.11637506487838,179.54961098502895
n1,12,top,102,2.574999999999993,436.93023061568556,80.11581846819419,178.98513359216855
n1,12,top,103,2.599999999999993,437.17148858227966,80.11552411597842,178.40443279574762
n1,12,top,104,2.624999999999993,437.3937439364819,80.11532640914824,177.81927368082745
n1,12,top,105,2.649999999999993,437.5984832739088,80.11522905211477,177.23289020992038
n1,12,top,106,2.6749999999999927,437.7870761095175,80.11540700259039,176.64617085116348
n1,12,top,107,2.6999999999999926,437.96079725694943,80.11581586642156,176.05935973503077
n1,12,top,108,2.7249999999999925,438.1208303527528,80.11621267448673,175.47252381196566
n1,12,top,109,2.7499999999999925,438.2682566948151,80.11651909032624,174.88568123049976
n1,12,top,110,2.7749999999999924,438.4040662073732,80.11677886338363,174.2988368520434
n1,12,top,111,2.7999999999999923,438.52917088999493,80.11704160100912,173.7119920304999
n1,12,top,112,2.824999999999992,438.6444256573904,80.11710670650079,173.12514707079325
n1,12,top,113,2.849999999999992,438.75062829613466,80.11662771958649,172.5383017304514
n1,12,top,114,2.874999999999992,438.8484993099282,80.11553879711616,171.9514555961648
n1,12,top,115,2.899999999999992,438.9386774272798,80.11419242272252,171.36460858272193
n1,12,top,116,2.924999999999992,439.0217464745999,80.11297724184838,170.77776101146785
n1,12,top,117,2.9499999999999917,439.1694172222719,80.12117333175912,170.69950459489496
n1,12,top,118,2.9749999999999917,439.32832171246463,80.13166063363526,170.6170912286803
n1,12,top,119,2.9999999999999916,439.37203331395085,80.13555751827546,170.63484853108915
n1,12,top,120,3.0249999999999915,439.38631716444416,80.13235746164098,170.54567765771492
n1,12,top,121,3.0499999999999914,439.40335054063456,80.1339277410633,170.55135484444904
n1,12,top,122,3.0749999999999913,439.4310395767202,80.1356542973831,170.550138548323
n1,12,top,123,3.099999999999991,439.45574664161774,80.13713188508403,170.53987326517083
n1,12,top,124,3.124999999999991,439.49384324046224,80.13944855966571,170.536476953615
n1,12,top,125,3.149999999999991,439.5325773585279,80.14178048660169,170.5283632843809
n1,12,top,126,3.174999999999991,439.5715919399714,80.14413362652154,170.51953200632613
n1,12,top,127,3.199999999999991,439.60751527777796,80.14640952963147,170.5105220443502
n1,12,top,128,3.2249999999999908,439.6390169044054,80.14823799375048,170.5015347146064
n1,12,top,129,3.2499999999999907,439.663258317697,80.14970526493545,170.49311688090293
n1,12,top,130,3.2749999999999906,439.6790323075041,80.1505484251659,170.48662124773637
n1,12,top,131,3.2999999999999905,439.68419258189874,80.15067154719843,170.48255366281757
n1,12,top,132,3.3249999999999904,439.68349839454294,80.15075672713624,170.4805574254306
n1,12,top,133,3.3499999999999903,439.6828652964405,80.15075054568504,170.47842623129517
n1,12,top,134,3.3749999999999902,439.68249823773874,80.15073397197563,170.47598585737248
n1,12,top,135,3.39999999999999,439.6822163590468,80.15071484522214,170.47332990432506
n1,12,top,136,3.42499999999999,439.6811663312144,80.15066611485568,170.47025900204875
n1,12,top,137,3.44999999999999,439.6761319214207,80.15027434939887,170.466733214984
n1,12,top,138,3.47499999999999,439.6733867499731,80.15053672956962,170.4636450709319
n1,12,top,139,3.49999999999999,439.6708736683362,80.1504391342996,170.4606139154547
n1,12,top,140,3.5249999999999897,439.6689754217295,80.15018532804338,170.45799839667515
n1,12,top,141,3.5499999999999896,439.6680936684056,80.15015146927676,170.45587170357254
n1,12,top,142,3.5749999999999895,439.66782350310416,80.1500983649022,170.45389426217645
n1,12,top,143,3.59999999999999,439.6679055674207,80.15001951526229,170.4521013472121
n1,12,top,144,3.6249999999999902,439.66847546148125,80.15001797393171,170.4504883853198
n1,12,top,145,3.6499999999999906,439.6692686521426,80.15002921249405,170.44892008672016
n1,12,top,146,3.674999999999991,439.6697832484517,80.15017593301572,170.4475429781886
n1,12,top,147,3.6999999999999913,439.67080385760534,80.15037587147974,170.44658071058365
n1,12,top,148,3.7249999999999917,439.67211765403096,80.15030535027026,170.44553812238337
n1,12,top,149,3.749999999999992,439.6728001982841,80.15021732456276,170.44414811262985
n1,12,top,150,3.7749999999999924,439.6731035229068,80.15012639565155,170.44260056806996
n1,12,top,151,3.7999999999999927,439.67324092944807,80.15003740584619,170.44115046096934
n1,12,top,152,3.824999999999993,439.6736842800773,80.15004255626638,170.43984618171123
n1,12,top,153,3.8499999999999934,439.67400125949325,80.15004875556336,170.43859103293786
n1,12,top,154,3.874999999999994,439.674205480701,80.15004616958812,170.43732536951907
n1,12,top,155,3.899999999999994,439.6743823996895,80.15005446294619,170.43602951149333
n1,12,top,156,3.9249999999999945,439.6743841261224,80.15004864119611,170.43470783951867
n1,12,top,157,3.949999999999995,439.6742763688815,80.15003488919636,170.4333818812755
n1,12,top,158,3.974999999999995,439.6741174796436,80.15005059453279,170.43205181490524
n1,12,top,159,3.9999999999999956,439.67415433543033,80.15003260880142,170.4306406140824
n1,12,top,160,4.024999999999996,439.6742671945398,80.15001151582578,170.42924583769806
n1,12,top,161,4.049999999999996,439.67425517950403,80.15001194000283,170.42789737861577
n1,12,top,162,4.074999999999997,439.67422849418233,80.15000999170135,170.426551132097
n1,12,top,163,4.099999999999997,439.67419323922644,80.15000905867674,170.42519371000932
n1,12,top,164,4.124999999999997,439.67414861043756,80.15000169939783,170.42384684906744
n1,12,top,165,4.149999999999998,439.6738664695424,80.14994510476184,170.42244788834617
n1,12,top,166,4.174999999999998,439.6731486160266,80.14983016403237,170.42100819745443
n1,12,top,167,4.199999999999998,439.67251333233185,80.14976892448121,170.4197110149045
n1,12,top,168,4.224999999999999,439.6721218714817,80.14974782233728,170.4183997742827
n1,12,top,169,4.249999999999999,439.6713540518699,80.14966442187118,170.41703362480354
n1,12,top,170,4.2749999999999995,439.67075899574195,80.14961872278643,170.4157607762052
n1,12,top,171,4.3,439.6703769207507,80.14956874733511,170.41450223029685
n1,12,top,172,4.325,439.67014842948635,80.14959776611818,170.41326084756528
n1,12,top,173,4.3500000000000005,439.67011031921936,80.14969004244061,170.412044623136
n1,12,top,174,4.375000000000001,439.6703054059976,80.14961295338938,170.4107944695101
n1,12,top,175,4.400000000000001,439.6704141794039,80.1495690327579,170.40947313206058
n1,12,top,176,4.425000000000002,439.6703875944447,80.14953150004281,170.40812314644174
n1,12,top,177,4.450000000000002,439.6703022455463,80.14953263801056,170.40678663722917
n1,12,top,178,4.475000000000002,439.6701880936374,80.14955189011322,170.40546880868047
n1,12,top,179,4.500000000000003,439.67006687089537,80.14956176082606,170.40415889200392
n1,12,top,180,4.525000000000003,439.6699595524556,80.14957067313809,170.40285383095468
n1,12,top,181,4.550000000000003,439.6698861328928,80.14957397945872,170.40155798306895
n1,12,top,182,4.575000000000004,439.66986914870546,80.14957071271535,170.4002627176385
n1,12,top,183,4.600000000000004,439.66987829624065,80.14956649687235,170.39895478794426
n1,12,top,184,4.625000000000004,439.669877457537,80.14955516296641,170.39763259494734
n1,12,top,185,4.650000000000005,439.66982345439664,80.14953658701549,170.39630143595
n1,12,top,186,4.675000000000005,439.6697476592878,80.14953380206028,170.39497697610028
n1,12,top,187,4.7000000000000055,439.6696770254666,80.14952390035972,170.39367730800157
n1,12,top,188,4.725000000000006,439.66964929978525,80.14954750729639,170.39239768468758
n1,12,top,189,4.750000000000006,439.6696423873789,80.14955924900086,170.39108790263404
n1,12,top,190,4.775000000000007,439.6696582345663,80.14958019523398,170.38984690378498
n1,12,top,191,4.800000000000007,439.6696752138621,80.14958006942705,170.3885079204548
n1,12,top,192,4.825000000000007,439.6697383860917,80.14963033162806,170.38726631013768
n1,12,top,193,4.850000000000008,439.6698489566737,80.14964332283964,170.38601450500352
n1,12,top,194,4.875000000000008,439.6699591772757,80.14967211056704,170.3847533854969
n1,12,top,195,4.900000000000008,439.6700369832725,80.1496934550647,170.38349450747256
n1,12,top,196,4.925000000000009,439.6700912753447,80.14974089302363,170.38220631872127
n1,12,top,197,4.950000000000009,439.67011788739285,80.14972627360555,170.38097164552212
n1,12,top,198,4.975000000000009,439.6700691739232,80.14978223798069,170.37967492635062
n1,12,top,199,5.00000000000001,439.66999863675136,80.14984390752274,170.37871297265193
n1,12,top,200,5.02500000000001,439.66995377179114,80.14997058464552,170.37793376429698
n1,12,top,201,5.0500000000000105,439.6700436433651,80.14994772155782,170.3773294767462
n1,12,top,202,5.075000000000011,439.67021541307815,80.14979318014983,170.3766098575346
n1,12,top,203,5.100000000000011,439.6703330880592,80.1497016393044,170.3756205067176
n1,12,top,204,5.1250000000000115,439.67046542218435,80.14967894816014,170.37465815888106
n1,12,top,205,5.150000000000012,439.67051993321246,80.14969964186011,170.3736608934127
n1,12,top,206,5.175000000000012,439.67054432752394,80.14975588193398,170.37265639017352
n1,12,top,207,5.200000000000013,439.6705223856912,80.1497604441595,170.37168697143682
n1,12,top,208,5.225000000000013,439.67050272120775,80.14974890465983,170.37071273310383
n1,12,top,209,5.250000000000013,439.6704358690974,80.14970427582735,170.36974497044164
n1,12,top,210,5.275000000000014,439.6703628678555,80.14969846437477,170.36876227005604
n1,12,top,211,5.300000000000014,439.67029163940003,80.14970867411414,170.36773633543618
n1,12,top,212,5.325000000000014,439.6701821417137,80.1497121610368,170.36670845262353
n1,12,top,213,5.350000000000015,439.6701071808896,80.14974375128193,170.36570975547178
n1,12,top,214,5.375000000000015,439.67004142536166,80.14971625875665,170.36478410725988
n1,12,top,215,5.4000000000000155,439.66994955173584,80.14971546009087,170.363759439049
n1,12,top,216,5.425000000000016,439.6698474350917,80.14976925732502,170.3626946989271
n1,12,top,217,5.450000000000016,439.6697505299044,80.1497696724212,170.3617124583763
n1,12,top,218,5.4750000000000165,439.6696044396345,80.14978406416775,170.36073778813704
n1,12,top,219,5.500000000000017,439.6692349880252,80.14969004666894,170.3597285039248
n1,12,top,220,5.525000000000017,439.6685566757024,80.1497654887231,170.3588278782433
n1,12,top,221,5.550000000000018,439.6676999986781,80.14982871262472,170.35830925175694
n1,12,top,222,5.575000000000018,439.6669476521723,80.14983955789667,170.35781775583607
n1,12,top,223,5.600000000000018,439.66640903404084,80.14976193228199,170.3573463663134
n1,12,top,224,5.625000000000019,439.66599770844806,80.14971032269803,170.35665877965002
n1,12,top,225,5.650000000000019,439.66576437913005,80.14969645691323,170.35589778990916
n1,12,top,226,5.675000000000019,439.66573401752873,80.14969644445827,170.355073375081
n1,12,top,227,5.70000000000002,439.6658039881701,80.14978898300295,170.35426231121036
n1,12,top,228,5.72500000000002,439.6657581911541,80.15001740622972,170.35341568591284
n1,12,top,229,5.75000000000002,439.66573261361833,80.15009706687113,170.3525637891189
n1,12,top,230,5.775000000000021,439.66580731300746,80.15004266326528,170.35151565786398
n1,12,top,231,5.800000000000021,439.6657372564966,80.14983822354903,170.35046003039295
n1,12,top,232,5.8250000000000215,439.665587925106,80.14979450122233,170.34946778879268
n1,12,top,233,5.850000000000022,439.6654130574701,80.14975664859232,170.3485432939844
n1,12,top,234,5.875000000000022,439.6652425394284,80.14971807885682,170.34763087222936
n1,12,top,235,5.900000000000023,439.6650954620484,80.14967253558119,170.346706599969
n1,12,top,236,5.925000000000023,439.6649776116385,80.14962075446358,170.34576622492884
n1,12,top,237,5.950000000000023,439.66488622027174,80.14956577589847,170.34481309758425
n1,12,top,238,5.975000000000024,439.66481379604124,80.14951067171012,170.343851488518
n1,12,top,239,6.000000000000024,439.66475581097245,80.14945848260082,170.34288657380682
n1,12,top,240,6.025000000000024,439.6647067810353,80.14941097143821,170.34191898000063
n1,12,top,241,6.050000000000025,439.6646615620929,80.14936883531873,170.34095013807558
n1,12,top,242,6.075000000000025,439.6646185899519,80.14934205874387,170.33998365943262
n1,12,top,243,6.100000000000025,439.6645738710136,80.14931869156503,170.3390190900749
n1,12,top,244,6.125000000000026,439.6645263720845,80.14929721492473,170.3380552468044
n1,12,top,245,6.150000000000026,439.6644759805347,80.14927756060418,170.3370913366137
n1,12,top,246,6.1750000000000265,439.6644227343728,80.14925961730977,170.336127102981
n1,12,top,247,6.200000000000027,439.6643667077169,80.14924309606563,170.33516225897014
n1,12,top,248,6.225000000000027,439.6643080626719,80.1492281373496,170.33419759093414
n1,12,top,249,6.2500000000000275,439.66424713262944,80.14921461343694,170.33323276206767
n1,12,top,250,6.275000000000028,439.664181885738,80.14920063256517,170.33226617959525
n1,12,top,251,6.300000000000028,439.66411698126194,80.14918996813212,170.3313018036581
n1,12,top,252,6.325000000000029,439.66405131953286,80.1491811521386,170.33033927774872
n1,12,top,253,6.350000000000029,439.6639846932205,80.14917334359663,170.32937658929535
n1,12,top,254,6.375000000000029,439.6639175998126,80.14916634583996,170.32841379545786
n1,12,top,255,6.40000000000003,439.66385027596715,80.14915993610495,170.32745094663986
n1,12,top,256,6.42500000000003,439.6637828966746,80.14915396242444,170.326488112179
n1,12,top,257,6.45000000000003,439.6637156107218,80.1491483138013,170.32552532993398
n1,12,top,258,6.475000000000031,439.6636485391909,80.14914291185553,170.32456260443962
n1,12,top,259,6.500000000000031,439.66358176573334,80.1491376993853,170.3235999277815
n1,12,top,260,6.525000000000031,439.663515339477,80.14913263154924,170.32263729305856
n1,12,top,261,6.550000000000032,439.6634492850473,80.14912767251178,170.32167469584112
n1,12,top,262,6.575000000000032,439.66338361015835,80.14912279489445,170.32071213213072
n1,12,top,263,6.6000000000000325,439.6633183101078,80.14911797769916,170.3197495976029
n1,12,top,264,6.625000000000033,439.663253371706,80.1491132048587,170.31878708800417
n1,12,top,265,6.650000000000033,439.66318877641305,80.1491084639704,170.31782459978896
n1,12,top,266,6.675000000000034,439.6631245028384,80.14910374541775,170.31686213006228
n1,12,top,267,6.700000000000034,439.66306052858016,80.14909904169468,170.31589967645047
n1,12,top,268,6.725000000000034,439.6629941330507,80.14909616750461,170.314935696336
n1,12,top,269,6.750000000000035,439.6629261702535,80.14909392857945,170.31397123684644
n1,12,top,270,6.775000000000035,439.66286131847795,80.14908915251861,170.313009886681
n1,12,top,271,6.800000000000035,439.66279826299666,80.14908250249019,170.31205075582238
n1,12,top,272,6.825000000000036,439.6627352742275,80.14907557345244,170.31109128521757
n1,12,top,273,6.850000000000036,439.6626724323698,80.14906855998527,170.31013135341107
n1,12,top,274,6.875000000000036,439.6626096167113,80.14906156595208,170.3091712145893
n1,12,top,275,6.900000000000037,439.6625468196643,80.1490546159253,170.30821099590972
n1,12,top,276,6.925000000000037,439.6624840590909,80.14904771355151,170.30725075035875
n1,12,top,277,6.9500000000000375,439.66242135874086,80.14904085235153,170.30629050172016
n1,12,top,278,6.975000000000038,439.66235873676106,80.14903402139994,170.3053302617672
n1,12,top,279,7.000000000000038,439.6622962043373,80.14902721170614,170.30437003856326
n1,12,top,280,7.0250000000000385,439.66223376850917,80.14902041754091,170.3034098382027
n1,12,top,281,7.050000000000039,439.66217143450325,80.14901363505854,170.30244966474703
n1,12,top,282,7.075000000000039,439.66210920638787,80.14900686125688,170.30148952045025
n1,12,top,283,7.10000000000004,439.66204708693414,80.14900009372732,170.3005294064495
n1,12,top,284,7.12500000000004,439.6619981136074,80.14897054525564,170.2996169160134
n1,12,top,285,7.15000000000004,439.6619276306209,80.1489209436308,170.2988147918713
n1,12,top,286,7.175000000000041,439.66186849385093,80.14887134377597,170.29818524462095
n1,12,top,287,7.200000000000041,439.6617761841654,80.14880100840699,170.2976141834851
n1,12,top,288,7.225000000000041,439.66170242716754,80.14880549231866,170.29699170665228
n1,12,top,289,7.250000000000042,439.6616568467679,80.14886049441108,170.29623765076875
n1,12,top,290,7.275000000000042,439.6616297766346,80.14889424259334,170.2953626079491
n1,12,top,291,7.3000000000000425,439.6616038804969,80.14890756237405,170.29447362501512
n1,12,top,292,7.325000000000043,439.661577248928,80.14891042442223,170.2935794698886
n1,12,top,293,7.350000000000043,439.66155150948293,80.14890935133933,170.29268298128846
n1,12,top,294,7.3750000000000435,439.6615242550867,80.1489080575859,170.29178494182014
n1,12,top,295,7.400000000000044,439.66149718059734,80.14890568568636,170.2908866932607
n1,12,top,296,7.425000000000044,439.6614701402766,80.14890272248833,170.28998792671516
n1,12,top,297,7.450000000000045,439.6614429896336,80.1488993921811,170.28908877249617
n1,12,top,298,7.475000000000045,439.6614156779048,80.14889582824911,170.28818934718623
n1,12,top,299,7.500000000000045,439.6613881715136,80.14889212242686,170.28728972089772
n1,13,top,0,0.025000000000000022,-0.2039521365755568,0.13265368016303294,22.357804221771307
n1,13,top,1,0.04999999999999999,-0.1476053520605399,0.7568468930296602,25.945136135234346
n1,13,top,2,0.07500000000000001,-0.13455008404699437,1.8463436032781864,30.28224020155006
n1,13,top,3,0.10000000000000003,-0.18909838090343492,3.32586178341449,35.63337861372254
n1,13,top,4,0.12500000000000006,-0.32204735337320073,5.112463942235791,42.056667317765466
n1,13,top,5,0.15000000000000008,-0.5337834209659768,7.0859516430791185,49.23890866476053
n1,13,top,6,0.1750000000000001,-0.7930729051977974,9.061067455090516,56.79310292426499
n1,13,top,7,0.20000000000000012,-1.0393315962396115,10.811704539516919,64.395940994746
n1,13,top,8,0.22500000000000014,-1.2506375446782296,12.286011433118087,71.92514171248416
n1,13,top,9,0.25000000000000017,-1.1428231517376921,13.611937756669207,79.18090900971458
n1,13,top,10,0.2750000000000002,0.06112208789252075,15.08119421980527,85.938519198295
n1,13,top,11,0.3000000000000002,2.3261098792614163,16.727704525222833,92.2590748031329
n1,13,top,12,0.32500000000000023,5.479431686981287,18.52689022682255,98.22086448472868
n1,13,top,13,0.35000000000000026,9.374445033752286,20.448257467376184,103.89152317272952
n1,13,top,14,0.3750000000000003,13.88917795252613,22.46603107280204,109.32844875752753
n1,13,top,15,0.4000000000000003,18.921755457079744,24.560379145587433,114.58042438564426
n1,13,top,16,0.4250000000000003,24.38659801874682,26.71768946202608,119.68901306389036
n1,13,top,17,0.45000000000000034,30.212295208323305,28.92755138445518,124.68972137149059
n1,13,top,18,0.47500000000000037,36.33960883387509,31.181049274126256,129.61300657074918
n1,13,top,19,0.5000000000000004,42.71956497371152,33.470063885766926,134.48510462129002
n1,13,top,20,0.5250000000000004,49.311769258868964,35.787107374617655,139.3287012796527
n1,13,top,21,0.5500000000000003,56.082633085193045,38.12611270811917,144.16352735050313
n1,13,top,22,0.5750000000000002,63.00354655002099,40.48446810070602,149.0069427676118
n1,13,top,23,0.6000000000000001,70.05096006046817,42.859593143454525,153.87433477671485
n1,13,top,24,0.625,77.20588100372042,45.24780593144108,158.77944513558424
n1,13,top,25,0.6499999999999999,84.45201744713687,47.64801831156556,163.73474812877603
n1,13,top,26,0.6749999999999998,91.77608058046322,50.05890850675451,168.7516669568057
n1,13,top,27,0.6999999999999997,99.16639008115025,52.48175786229144,173.8408784770095
n1,13,top,28,0.7249999999999996,106.61370864614454,54.91666524634706,179.0124620613676
n1,13,top,29,0.7499999999999996,114.11060188227535,57.363455590621896,184.27614329151817
n1,13,top,30,0.7749999999999995,121.65140819510343,59.82092120210704,189.64142190757653
n1,13,top,31,0.7999999999999994,129.23176650095462,62.28760803589948,195.11775635264854
n1,13,top,32,0.8249999999999993,136.84791143827712,64.76218634955615,200.7115273087133
n1,13,top,33,0.8499999999999992,144.46483943271224,67.23204735036208,206.1326039623836
n1,13,top,34,0.8749999999999991,152.02377337693642,69.67594186980801,210.849139042331
n1,13,top,35,0.899999999999999,159.4788989787302,72.07746792660106,214.4188619009291
n1,13,top,36,0.9249999999999989,166.8065753513778,74.40345392509008,216.5189436942247
n1,13,top,37,0.9499999999999988,174.03053413773833,76.56282612371587,217.10377618507724
n1,13,top,38,0.9749999999999988,181.19710385297765,78.45265363045746,216.3716836086313
n1,13,top,39,0.9999999999999987,188.3726622828469,79.97721069011489,214.86333048473207
n1,13,top,40,1.0249999999999986,195.60384896755687,81.06553004251147,213.10836988409784
n1,13,top,41,1.0499999999999985,202.88695034896253,81.70983168627761,211.31747720823984
n1,13,top,42,1.0749999999999984,210.2103386300637,81.95233369566951,209.65673956366712
n1,13,top,43,1.0999999999999983,217.5732458086561,81.88169890118729,208.32530471033883
n1,13,top,44,1.1249999999999982,224.9710539579304,81.61582998339924,207.36694650870066
n1,13,top,45,1.1499999999999981,232.39267560395461,81.27121772750506,206.67019195658918
n1,13,top,46,1.174999999999998,239.83475434711454,80.93414153191634,206.16362675740552
n1,13,top,47,1.199999999999998,247.2953518651654,80.66201478235837,205.79790955323705
n1,13,top,48,1.2249999999999979,254.77151286956735,80.48486711789948,205.53745072047047
n1,13,top,49,1.2499999999999978,262.258886231465,80.39944949895798,205.3559394774544
n1,13,top,50,1.2749999999999977,269.7533847816939,80.38418871625775,205.23320580007203
n1,13,top,51,1.2999999999999976,277.2566457751286,80.40203720184492,205.19766249951454
n1,13,top,52,1.3249999999999975,284.84428067299126,80.4174683258667,205.92714413676848
n1,13,top,53,1.3499999999999974,292.45475125904045,80.40715039019186,206.83921123886412
n1,13,top,54,1.3749999999999973,299.9634011579232,80.36852452017489,206.7795642473678
n1,13,top,55,1.3999999999999972,307.3895488062564,80.30521307893909,205.9355783454498
n1,13,top,56,1.4249999999999972,314.78504860220175,80.24485296555314,204.815789304939
n1,13,top,57,1.449999999999997,322.1907155104108,80.21442802704311,203.80946354158897
n1,13,top,58,1.474999999999997,329.4976918276963,80.20526609235881,201.71754317064517
n1,13,top,59,1.499999999999997,336.6822743044567,80.20048180921675,198.33496770696175
n1,13,top,60,1.5249999999999968,343.8354171789658,80.17971608105047,194.69109331970714
n1,13,top,61,1.5499999999999967,351.10683216519686,80.1263181081063,192.12317690356784
n1,13,top,62,1.5749999999999966,358.36544055145913,80.08229666829521,190.96345229427192
n1,13,top,63,1.5999999999999965,364.9985635978069,80.08128811976418,190.22958676120754
n1,13,top,64,1.6249999999999964,370.91257905694283,80.11900462477416,189.65659988428072
n1,13,top,65,1.6499999999999964,376.28876822954794,80.17001988182588,189.1497999878458
n1,13,top,66,1.6749999999999963,381.2720698313432,80.20771266695925,188.67402572603962
n1,13,top,67,1.6999999999999962,385.90082619242605,80.22377431886302,188.2183159171473
n1,13,top,68,1.724999999999996,390.17297912767725,80.22585286849522,187.78129502034497
n1,13,top,69,1.749999999999996,394.10015029043666,80.22332080834607,187.3628055816026
n1,13,top,70,1.774999999999996,397.7115425413286,80.22039531492354,186.9619381618518
n1,13,top,71,1.7999999999999958,401.03833107367853,80.21743128465758,186.5775823623378
n1,13,top,72,1.8249999999999957,404.1052233967956,80.21361443057813,186.20887416218673
n1,13,top,73,1.8499999999999956,406.93170506140075,80.20864959879417,185.85517508998538
n1,13,top,74,1.8749999999999956,409.5354893497556,80.20314692205332,185.5159112081485
n1,13,top,75,1.8999999999999955,411.9338407163416,80.19834271045957,185.19050111382379
n1,13,top,76,1.9249999999999954,414.14320374404787,80.19447352718068,184.87836520189833
n1,13,top,77,1.9499999999999953,416.17869000070334,80.19039942977513,184.57894662700156
n1,13,top,78,1.9749999999999952,418.054015974174,80.18530290774889,184.29171740812072
n1,13,top,79,1.9999999999999951,419.7817325756668,80.17911361714754,184.0161755350226
n1,13,top,80,2.024999999999995,421.37342546107107,80.1721882836298,183.75184132575242
n1,13,top,81,2.049999999999995,422.8397973625162,80.16516357639453,183.4982555765829
n1,13,top,82,2.074999999999995,424.19071253012453,80.15866532643605,183.25497857456537
n1,13,top,83,2.0999999999999948,425.4352553005198,80.15300077917054,183.0215890482421
n1,13,top,84,2.1249999999999947,426.5817952081638,80.14817691442036,182.79768311327095
n1,13,top,85,2.1499999999999946,427.6380467855628,80.1440580122438,182.58287338738387
n1,13,top,86,2.1749999999999945,428.61112059961266,80.14048509430644,182.37678833747742
n1,13,top,87,2.1999999999999944,429.5075679418189,80.13733792957842,182.17907175121204
n1,13,top,88,2.2249999999999943,430.3334251254391,80.13448554197042,181.98938214195528
n1,13,top,89,2.2499999999999942,431.09424871008173,80.13193111394594,181.80739223375554
n1,13,top,90,2.274999999999994,431.7951545681348,80.12976441651743,181.63278841433868
n1,13,top,91,2.299999999999994,432.4408613283618,80.12791432805363,181.46527000575242
n1,13,top,92,2.324999999999994,433.03571767582423,80.12627448698532,181.30454860671603
n1,13,top,93,2.349999999999994,433.5837255877408,80.12486218339671,181.15034764479446
n1,13,top,94,2.374999999999994,434.0885645155693,80.12387919409773,181.002402077086
n1,13,top,95,2.3999999999999937,434.5536329044191,80.12328814416588,180.8604577876557
n1,13,top,96,2.4249999999999936,434.98207960570966,80.1226228837053,180.72427071190154
n1,13,top,97,2.4499999999999935,435.3768057379235,80.12147354527923,180.59360630066135
n1,13,top,98,2.4749999999999934,435.7404653164808,80.11992106746088,180.46823969214347
n1,13,top,99,2.4999999999999933,436.07548637545625,80.1184285687499,180.3479557992749
n1,13,top,100,2.5249999999999932,436.38408978829966,80.1172622057146,180.05515742428284
n1,13,top,101,2.549999999999993,436.66835381856146,80.11637506487838,179.54961098502895
n1,13,top,102,2.574999999999993,436.93023061568556,80.11581846819419,178.98513359216855
n1,13,top,103,2.599999999999993,437.17148858227966,80.11552411597842,178.40443279574762
n1,13,top,104,2.624999999999993,437.3937439364819,80.11532640914824,177.81927368082745
n1,13,top,105,2.649999999999993,437.5984832739088,80.11522905211477,177.23289020992038
n1,13,top,106,2.6749999999999927,437.7870761095175,80.11540700259039,176.64617085116348
n1,13,top,107,2.6999999999999926,437.96079725694943,80.11581586642156,176.05935973503077
n1,13,top,108,2.7249999999999925,438.1208303527528,80.11621267448673,175.47252381196566
n1,13,top,109,2.7499999999999925,438.2682566948151,80.11651909032624,174.88568123049976
n1,13,top,110,2.7749999999999924,438.4040662073732,80.11677886338363,174.2988368520434
n1,13,top,111,2.7999999999999923,438.52917088999493,80.11704160100912,173.7119920304999
n1,13,top,112,2.824999999999992,438.6444256573904,80.11710670650079,173.12514707079325
n1,13,top,113,2.849999999999992,438.75062829613466,80.11662771958649,172.5383017304514
n1,13,top,114,2.874999999999992,438.8484993099282,80.11553879711616,171.9514555961648
n1,13,top,115,2.899999999999992,438.9386774272798,80.11419242272252,171.36460858272193
n1,13,top,116,2.924999999999992,439.0217464745999,80.11297724184838,170.77776101146785
n1,13,top,117,2.9499999999999917,439.1694172222719,80.12117333175912,170.69950459489496
n1,13,top,118,2.9749999999999917,439.32832171246463,80.13166063363526,170.6170912286803
n1,13,top,119,2.9999999999999916,439.37203331395085,80.13555751827546,170.63484853108915
n1,13,top,120,3.0249999999999915,439.38631716444416,80.13235746164098,170.54567765771492
n1,13,top,121,3.0499999999999914,439.40335054063456,80.1339277410633,170.55135484444904
n1,13,top,122,3.0749999999999913,439.4310395767202,80.1356542973831,170.550138548323
n1,13,top,123,3.099999999999991,439.45574664161774,80.13713188508403,170.53987326517083
n1,13,top,124,3.124999999999991,439.49384324046224,80.13944855966571,170.536476953615
n1,13,top,125,3.149999999999991,439.5325773585279,80.14178048660169,170.5283632843809
n1,13,top,126,3.174999999999991,439.5715919399714,80.14413362652154,170.51953200632613
n1,13,top,127,3.199999999999991,439.60751527777796,80.14640952963147,170.5105220443502
n1,13,top,128,3.2249999999999908,439.6390169044054,80.14823799375048,170.5015347146064
n1,13,top,129,3.2499999999999907,439.663258317697,80.14970526493545,170.49311688090293
n1,13,top,130,3.2749999999999906,439.6790323075041,80.1505484251659,170.48662124773637
n1,13,top,131,3.2999999999999905,439.68419258189874,80.15067154719843,170.48255366281757
n1,13,top,132,3.3249999999999904,439.68349839454294,80.15075672713624,170.4805574254306
n1,13,top,133,3.3499999999999903,439.6828652964405,80.15075054568504,170.47842623129517
n1,13,top,134,3.3749999999999902,439.68249823773874,80.15073397197563,170.47598585737248
n1,13,top,135,3.39999999999999,439.6822163590468,80.15071484522214,170.47332990432506
n1,13,top,136,3.42499999999999,439.6811663312144,80.15066611485568,170.47025900204875
n1,13,top,137,3.44999999999999,439.6761319214207,80.15027434939887,170.466733214984
n1,13,top,138,3.47499999999999,439.6733867499731,80.15053672956962,170.4636450709319
n1,13,top,139,3.49999999999999,439.6708736683362,80.1504391342996,170.4606139154547
n1,13,top,140,3.5249999999999897,439.6689754217295,80.15018532804338,170.45799839667515
n1,13,top,141,3.5499999999999896,439.6680936684056,80.15015146927676,170.45587170357254
n1,13,top,142,3.5749999999999895,439.66782350310416,80.1500983649022,170.45389426217645
n1,13,top,143,3.59999999999999,439.6679055674207,80.15001951526229,170.4521013472121
n1,13,top,144,3.6249999999999902,439.66847546148125,80.15001797393171,170.4504883853198
n1,13,top,145,3.6499999999999906,439.6692686521426,80.15002921249405,170.44892008672016
n1,13,top,146,3.674999999999991,439.6697832484517,80.15017593301572,170.4475429781886
n1,13,top,147,3.6999999999999913,439.67080385760534,80.15037587147974,170.44658071058365
n1,13,top,148,3.7249999999999917,439.67211765403096,80.15030535027026,170.44553812238337
n1,13,top,149,3.749999999999992,439.6728001982841,80.15021732456276,170.44414811262985
n1,13,top,150,3.7749999999999924,439.6731035229068,80.15012639565155,170.44260056806996
n1,13,top,151,3.7999999999999927,439.67324092944807,80.15003740584619,170.44115046096934
n1,13,top,152,3.824999999999993,439.6736842800773,80.15004255626638,170.43984618171123
n1,13,top,153,3.8499999999999934,439.67400125949325,80.15004875556336,170.43859103293786
n1,13,top,154,3.874999999999994,439.674205480701,80.15004616958812,170.43732536951907
n1,13,top,155,3.899999999999994,439.6743823996895,80.15005446294619,170.43602951149333
n1,13,top,156,3.9249999999999945,439.6743841261224,80.15004864119611,170.43470783951867
n1,13,top,157,3.949999999999995,439.6742763688815,80.15003488919636,170.4333818812755
n1,13,top,158,3.974999999999995,439.6741174796436,80.15005059453279,170.43205181490524
n1,13,top,159,3.9999999999999956,439.67415433543033,80.15003260880142,170.4306406140824
n1,13,top,160,4.024999999999996,439.6742671945398,80.15001151582578,170.42924583769806
n1,13,top,161,4.049999999999996,439.67425517950403,80.15001194000283,170.42789737861577
n1,13,top,162,4.074999999999997,439.67422849418233,80.15000999170135,170.426551132097
n1,13,top,163,4.099999999999997,439.67419323922644,80.15000905867674,170.42519371000932
n1,13,top,164,4.124999999999997,439.67414861043756,80.15000169939783,170.42384684906744
n1,13,top,165,4.149999999999998,439.6738664695424,80.14994510476184,170.42244788834617
n1,13,top,166,4.174999999999998,439.6731486160266,80.14983016403237,170.42100819745443
n1,13,top,167,4.199999999999998,439.67251333233185,80.14976892448121,170.4197110149045
n1,13,top,168,4.224999999999999,439.6721218714817,80.14974782233728,170.4183997742827
n1,13,top,169,4.249999999999999,439.6713540518699,80.14966442187118,170.41703362480354
n1,13,top,170,4.2749999999999995,439.67075899574195,80.14961872278643,170.4157607762052
n1,13,top,171,4.3,439.6703769207507,80.14956874733511,170.41450223029685
n1,13,top,172,4.325,439.67014842948635,80.14959776611818,170.41326084756528
n1,13,top,173,4.3500000000000005,439.67011031921936,80.14969004244061,170.412044623136
n1,13,top,174,4.375000000000001,439.6703054059976,80.14961295338938,170.4107944695101
n1,13,top,175,4.400000000000001,439.6704141794039,80.1495690327579,170.40947313206058
n1,13,top,176,4.425000000000002,439.6703875944447,80.14953150004281,170.40812314644174
n1,13,top,177,4.450000000000002,439.6703022455463,80.14953263801056,170.40678663722917
n1,13,top,178,4.475000000000002,439.6701880936374,80.14955189011322,170.40546880868047
n1,13,top,179,4.500000000000003,439.67006687089537,80.14956176082606,170.40415889200392
n1,13,top,180,4.525000000000003,439.6699595524556,80.14957067313809,170.40285383095468
n1,13,top,181,4.550000000000003,439.6698861328928,80.14957397945872,170.40155798306895
n1,13,top,182,4.575000000000004,439.66986914870546,80.14957071271535,170.4002627176385
n1,13,top,183,4.600000000000004,439.66987829624065,80.14956649687235,170.39895478794426
n1,13,top,184,4.625000000000004,439.669877457537,80.14955516296641,170.39763259494734
n1,13,top,185,4.650000000000005,439.66982345439664,80.14953658701549,170.39630143595
n1,13,top,186,4.675000000000005,439.6697476592878,80.14953380206028,170.39497697610028
n1,13,top,187,4.7000000000000055,439.6696770254666,80.14952390035972,170.39367730800157
n1,13,top,188,4.725000000000006,439.66964929978525,80.14954750729639,170.39239768468758
n1,13,top,189,4.750000000000006,439.6696423873789,80.14955924900086,170.39108790263404
n1,13,top,190,4.775000000000007,439.6696582345663,80.14958019523398,170.38984690378498
n1,13,top,191,4.800000000000007,439.6696752138621,80.14958006942705,170.3885079204548
n1,13,top,192,4.825000000000007,439.6697383860917,80.14963033162806,170.38726631013768
n1,13,top,193,4.850000000000008,439.6698489566737,80.14964332283964,170.38601450500352
n1,13,top,194,4.875000000000008,439.6699591772757,80.14967211056704,170.3847533854969
n1,13,top,195,4.900000000000008,439.6700369832725,80.1496934550647,170.38349450747256
n1,13,top,196,4.925000000000009,439.6700912753447,80.14974089302363,170.38220631872127
n1,13,top,197,4.950000000000009,439.67011788739285,80.14972627360555,170.38097164552212
n1,13,top,198,4.975000000000009,439.6700691739232,80.14978223798069,170.37967492635062
n1,13,top,199,5.00000000000001,439.66999863675136,80.14984390752274,170.37871297265193
n1,13,top,200,5.02500000000001,439.66995377179114,80.14997058464552,170.37793376429698
n1,13,top,201,5.0500000000000105,439.6700436433651,80.14994772155782,170.3773294767462
n1,13,top,202,5.075000000000011,439.67021541307815,80.14979318014983,170.3766098575346
n1,13,top,203,5.100000000000011,439.6703330880592,80.1497016393044,170.3756205067176
n1,13,top,204,5.1250000000000115,439.67046542218435,80.14967894816014,170.37465815888106
n1,13,top,205,5.150000000000012,439.67051993321246,80.14969964186011,170.3736608934127
n1,13,top,206,5.175000000000012,439.67054432752394,80.14975588193398,170.37265639017352
n1,13,top,207,5.200000000000013,439.6705223856912,80.1497604441595,170.37168697143682
n1,13,top,208,5.225000000000013,439.67050272120775,80.14974890465983,170.37071273310383
n1,13,top,209,5.250000000000013,439.6704358690974,80.14970427582735,170.36974497044164
n1,13,top,210,5.275000000000014,439.6703628678555,80.14969846437477,170.36876227005604
n1,13,top,211,5.300000000000014,439.67029163940003,80.14970867411414,170.36773633543618
n1,13,top,212,5.325000000000014,439.6701821417137,80.1497121610368,170.36670845262353
n1,13,top,213,5.350000000000015,439.6701071808896,80.14974375128193,170.36570975547178
n1,13,top,214,5.375000000000015,439.67004142536166,80.14971625875665,170.36478410725988
n1,13,top,215,5.4000000000000155,439.66994955173584,80.14971546009087,170.363759439049
n1,13,top,216,5.425000000000016,439.6698474350917,80.14976925732502,170.3626946989271
n1,13,top,217,5.450000000000016,439.6697505299044,80.1497696724212,170.3617124583763
n1,13,top,218,5.4750000000000165,439.6696044396345,80.14978406416775,170.36073778813704
n1,13,top,219,5.500000000000017,439.6692349880252,80.14969004666894,170.3597285039248
n1,13,top,220,5.525000000000017,439.6685566757024,80.1497654887231,170.3588278782433
n1,13,top,221,5.550000000000018,439.6676999986781,80.14982871262472,170.35830925175694
n1,13,top,222,5.575000000000018,439.6669476521723,80.14983955789667,170.35781775583607
n1,13,top,223,5.600000000000018,439.66640903404084,80.14976193228199,170.3573463663134
n1,13,top,224,5.625000000000019,439.66599770844806,80.14971032269803,170.35665877965002
n1,13,top,225,5.650000000000019,439.66576437913005,80.14969645691323,170.35589778990916
n1,13,top,226,5.675000000000019,439.66573401752873,80.14969644445827,170.355073375081
n1,13,top,227,5.70000000000002,439.6658039881701,80.14978898300295,170.35426231121036
n1,13,top,228,5.72500000000002,439.6657581911541,80.15001740622972,170.35341568591284
n1,13,top,229,5.75000000000002,439.66573261361833,80.15009706687113,170.3525637891189
n1,13,top,230,5.775000000000021,439.66580731300746,80.15004266326528,170.35151565786398
n1,13,top,231,5.800000000000021,439.6657372564966,80.14983822354903,170.35046003039295
n1,13,top,232,5.8250000000000215,439.665587925106,80.14979450122233,170.34946778879268
n1,13,top,233,5.850000000000022,439.6654130574701,80.14975664859232,170.3485432939844
n1,13,top,234,5.875000000000022,439.6652425394284,80.14971807885682,170.34763087222936
n1,13,top,235,5.900000000000023,439.6650954620484,80.14967253558119,170.346706599969
n1,13,top,236,5.925000000000023,439.6649776116385,80.14962075446358,170.34576622492884
n1,13,top,237,5.950000000000023,439.66488622027174,80.14956577589847,170.34481309758425
n1,13,top,238,5.975000000000024,439.66481379604124,80.14951067171012,170.343851488518
n1,13,top,239,6.000000000000024,439.66475581097245,80.14945848260082,170.34288657380682
n1,13,top,240,6.025000000000024,439.6647067810353,80.14941097143821,170.34191898000063
n1,13,top,241,6.050000000000025,439.6646615620929,80.14936883531873,170.34095013807558
n1,13,top,242,6.075000000000025,439.6646185899519,80.14934205874387,170.33998365943262
n1,13,top,243,6.100000000000025,439.6645738710136,80.14931869156503,170.3390190900749
n1,13,top,244,6.125000000000026,439.6645263720845,80.14929721492473,170.3380552468044
n1,13,top,245,6.150000000000026,439.6644759805347,80.14927756060418,170.3370913366137
n1,13,top,246,6.1750000000000265,439.6644227343728,80.14925961730977,170.336127102981
n1,13,top,247,6.200000000000027,439.6643667077169,80.14924309606563,170.33516225897014
n1,13,top,248,6.225000000000027,439.6643080626719,80.1492281373496,170.33419759093414
n1,13,top,249,6.2500000000000275,439.66424713262944,80.14921461343694,170.33323276206767
n1,13,top,250,6.275000000000028,439.664181885738,80.14920063256517,170.33226617959525
n1,13,top,251,6.300000000000028,439.66411698126194,80.14918996813212,170.3313018036581
n1,13,top,252,6.325000000000029,439.66405131953286,80.1491811521386,170.33033927774872
n1,13,top,253,6.350000000000029,439.6639846932205,80.14917334359663,170.32937658929535
n1,13,top,254,6.375000000000029,439.6639175998126,80.14916634583996,170.32841379545786
n1,13,top,255,6.40000000000003,439.66385027596715,80.14915993610495,170.32745094663986
n1,13,top,256,6.42500000000003,439.6637828966746,80.14915396242444,170.326488112179
n1,13,top,257,6.45000000000003,439.6637156107218,80.1491483138013,170.32552532993398
n1,13,top,258,6.475000000000031,439.6636485391909,80.14914291185553,170.32456260443962
n1,13,top,259,6.500000000000031,439.66358176573334,80.1491376993853,170.3235999277815
n1,13,top,260,6.525000000000031,439.663515339477,80.14913263154924,170.32263729305856
n1,13,top,261,6.550000000000032,439.6634492850473,80.14912767251178,170.32167469584112
n1,13,top,262,6.575000000000032,439.66338361015835,80.14912279489445,170.32071213213072
n1,13,top,263,6.6000000000000325,439.6633183101078,80.14911797769916,170.3197495976029
n1,13,top,264,6.625000000000033,439.663253371706,80.1491132048587,170.31878708800417
n1,13,top,265,6.650000000000033,439.66318877641305,80.1491084639704,170.31782459978896
n1,13,top,266,6.675000000000034,439.6631245028384,80.14910374541775,170.31686213006228
n1,13,top,267,6.700000000000034,439.66306052858016,80.14909904169468,170.31589967645047
n1,13,top,268,6.725000000000034,439.6629941330507,80.14909616750461,170.314935696336
n1,13,top,269,6.750000000000035,439.6629261702535,80.14909392857945,170.31397123684644
n1,13,top,270,6.775000000000035,439.66286131847795,80.14908915251861,170.313009886681
n1,13,top,271,6.800000000000035,439.66279826299666,80.14908250249019,170.31205075582238
n1,13,top,272,6.825000000000036,439.6627352742275,80.14907557345244,170.31109128521757
n1,13,top,273,6.850000000000036,439.6626724323698,80.14906855998527,170.31013135341107
n1,13,top,274,6.875000000000036,439.6626096167113,80.14906156595208,170.3091712145893
n1,13,top,275,6.900000000000037,439.6625468196643,80.1490546159253,170.30821099590972
n1,13,top,276,6.925000000000037,439.6624840590909,80.14904771355151,170.30725075035875
n1,13,top,277,6.9500000000000375,439.66242135874086,80.14904085235153,170.30629050172016
n1,13,top,278,6.975000000000038,439.66235873676106,80.14903402139994,170.3053302617672
n1,13,top,279,7.000000000000038,439.6622962043373,80.14902721170614,170.30437003856326
n1,13,top,280,7.0250000000000385,439.66223376850917,80.14902041754091,170.3034098382027
n1,13,top,281,7.050000000000039,439.66217143450325,80.14901363505854,170.30244966474703
n1,13,top,282,7.075000000000039,439.66210920638787,80.14900686125688,170.30148952045025
n1,13,top,283,7.10000000000004,439.66204708693414,80.14900009372732,170.3005294064495
n1,13,top,284,7.12500000000004,439.6619981136074,80.14897054525564,170.2996169160134
n1,13,top,285,7.15000000000004,439.6619276306209,80.1489209436308,170.2988147918713
n1,13,top,286,7.175000000000041,439.66186849385093,80.14887134377597,170.29818524462095
n1,13,top,287,7.200000000000041,439.6617761841654,80.14880100840699,170.2976141834851
n1,13,top,288,7.225000000000041,439.66170242716754,80.14880549231866,170.29699170665228
n1,13,top,289,7.250000000000042,439.6616568467679,80.14886049441108,170.29623765076875
n1,13,top,290,7.275000000000042,439.6616297766346,80.14889424259334,170.2953626079491
n1,13,top,291,7.3000000000000425,439.6616038804969,80.14890756237405,170.29447362501512
n1,13,top,292,7.325000000000043,439.661577248928,80.14891042442223,170.2935794698886
n1,13,top,293,7.350000000000043,439.66155150948293,80.14890935133933,170.29268298128846
n1,13,top,294,7.3750000000000435,439.6615242550867,80.1489080575859,170.29178494182014
n1,13,top,295,7.400000000000044,439.66149718059734,80.14890568568636,170.2908866932607
n1,13,top,296,7.425000000000044,439.6614701402766,80.14890272248833,170.28998792671516
n1,13,top,297,7.450000000000045,439.6614429896336,80.1488993921811,170.28908877249617
n1,13,top,298,7.475000000000045,439.6614156779048,80.14889582824911,170.28818934718623
n1,13,top,299,7.500000000000045,439.6613881715136,80.14889212242686,170.28728972089772
n1,14,top,0,0.025000000000000022,-0.2039521365755568,0.13265368016303294,22.357804221771307
n1,14,top,1,0.04999999999999999,-0.1476053520605399,0.7568468930296602,25.945136135234346
n1,14,top,2,0.07500000000000001,-0.13455008404699437,1.8463436032781864,30.28224020155006
n1,14,top,3,0.10000000000000003,-0.18909838090343492,3.32586178341449,35.63337861372254
n1,14,top,4,0.12500000000000006,-0.32204735337320073,5.112463942235791,42.056667317765466
n1,14,top,5,0.15000000000000008,-0.5337834209659768,7.0859516430791185,49.23890866476053
n1,14,top,6,0.1750000000000001,-0.7930729051977974,9.061067455090516,56.79310292426499
n1,14,top,7,0.20000000000000012,-1.0393315962396115,10.811704539516919,64.395940994746
n1,14,top,8,0.22500000000000014,-1.2506375446782296,12.286011433118087,71.92514171248416
n1,14,top,9,0.25000000000000017,-1.1428231517376921,13.611937756669207,79.18090900971458
n1,14,top,10,0.2750000000000002,0.06112208789252075,15.08119421980527,85.938519198295
n1,14,top,11,0.3000000000000002,2.3261098792614163,16.727704525222833,92.2590748031329
n1,14,top,12,0.32500000000000023,5.479431686981287,18.52689022682255,98.22086448472868
n1,14,top,13,0.35000000000000026,9.374445033752286,20.448257467376184,103.89152317272952
n1,14,top,14,0.3750000000000003,13.88917795252613,22.46603107280204,109.32844875752753
n1,14,top,15,0.4000000000000003,18.921755457079744,24.560379145587433,114.58042438564426
n1,14,top,16,0.4250000000000003,24.38659801874682,26.71768946202608,119.68901306389036
n1,14,top,17,0.45000000000000034,30.212295208323305,28.92755138445518,124.68972137149059
n1,14,top,18,0.47500000000000037,36.33960883387509,31.181049274126256,129.61300657074918
n1,14,top,19,0.5000000000000004,42.71956497371152,33.470063885766926,134.48510462129002
n1,14,top,20,0.5250000000000004,49.311769258868964,35.787107374617655,139.3287012796527
n1,14,top,21,0.5500000000000003,56.082633085193045,38.12611270811917,144.16352735050313
n1,14,top,22,0.5750000000000002,63.00354655002099,40.48446810070602,149.0069427676118
n1,14,top,23,0.6000000000000001,70.05096006046817,42.859593143454525,153.87433477671485
n1,14,top,24,0.625,77.20588100372042,45.24780593144108,158.77944513558424
n1,14,top,25,0.6499999999999999,84.45201744713687,47.64801831156556,163.73474812877603
n1,14,top,26,0.6749999999999998,91.77608058046322,50.05890850675451,168.7516669568057
n1,14,top,27,0.6999999999999997,99.16639008115025,52.48175786229144,173.8408784770095
n1,14,top,28,0.7249999999999996,106.61370864614454,54.91666524634706,179.0124620613676
n1,14,top,29,0.7499999999999996,114.11060188227535,57.363455590621896,184.27614329151817
n1,14,top,30,0.7749999999999995,121.65140819510343,59.82092120210704,189.64142190757653
n1,14,top,31,0.7999999999999994,129.23176650095462,62.28760803589948,195.11775635264854
n1,14,top,32,0.8249999999999993,136.84791143827712,64.76218634955615,200.7115273087133
n1,14,top,33,0.8499999999999992,144.46483943271224,67.23204735036208,206.1326039623836
n1,14,top,34,0.8749999999999991,152.02377337693642,69.67594186980801,210.849139042331
n1,14,top,35,0.899999999999999,159.4788989787302,72.07746792660106,214.4188619009291
n1,14,top,36,0.9249999999999989,166.8065753513778,74.40345392509008,216.5189436942247
n1,14,top,37,0.9499999999999988,174.03053413773833,76.56282612371587,217.10377618507724
n1,14,top,38,0.9749999999999988,181.19710385297765,78.45265363045746,216.3716836086313
n1,14,top,39,0.9999999999999987,188.3726622828469,79.97721069011489,214.86333048473207
n1,14,top,40,1.0249999999999986,195.60384896755687,81.06553004251147,213.10836988409784
n1,14,top,41,1.0499999999999985,202.88695034896253,81.70983168627761,211.31747720823984
n1,14,top,42,1.0749999999999984,210.2103386300637,81.95233369566951,209.65673956366712
n1,14,top,43,1.0999999999999983,217.5732458086561,81.88169890118729,208.32530471033883
n1,14,top,44,1.1249999999999982,224.9710539579304,81.61582998339924,207.36694650870066
n1,14,top,45,1.1499999999999981,232.39267560395461,81.27121772750506,206.67019195658918
n1,14,top,46,1.174999999999998,239.83475434711454,80.93414153191634,206.16362675740552
n1,14,top,47,1.199999999999998,247.2953518651654,80.66201478235837,205.79790955323705
n1,14,top,48,1.2249999999999979,254.77151286956735,80.48486711789948,205.53745072047047
n1,14,top,49,1.2499999999999978,262.258886231465,80.39944949895798,205.3559394774544
n1,14,top,50,1.2749999999999977,269.7533847816939,80.38418871625775,205.23320580007203
n1,14,top,51,1.2999999999999976,277.2566457751286,80.40203720184492,205.19766249951454
n1,14,top,52,1.3249999999999975,284.84428067299126,80.4174683258667,205.92714413676848
n1,14,top,53,1.3499999999999974,292.45475125904045,80.40715039019186,206.83921123886412
n1,14,top,54,1.3749999999999973,299.9634011579232,80.36852452017489,206.7795642473678
n1,14,top,55,1.3999999999999972,307.3895488062564,80.30521307893909,205.9355783454498
n1,14,top,56,1.4249999999999972,314.78504860220175,80.24485296555314,204.815789304939
n1,14,top,57,1.449999999999997,322.1907155104108,80.21442802704311,203.80946354158897
n1,14,top,58,1.474999999999997,329.4976918276963,80.20526609235881,201.71754317064517
n1,14,top,59,1.499999999999997,336.6822743044567,80.20048180921675,198.33496770696175
n1,14,top,60,1.5249999999999968,343.8354171789658,80.17971608105047,194.69109331970714
n1,14,top,61,1.5499999999999967,351.10683216519686,80.1263181081063,192.12317690356784
n1,14,top,62,1.5749999999999966,358.36544055145913,80.08229666829521,190.96345229427192
n1,14,top,63,1.5999999999999965,364.9985635978069,80.08128811976418,190.22958676120754
n1,14,top,64,1.6249999999999964,370.91257905694283,80.11900462477416,189.65659988428072
n1,14,top,65,1.6499999999999964,376.28876822954794,80.17001988182588,189.1497999878458
n1,14,top,66,1.6749999999999963,381.2720698313432,80.20771266695925,188.67402572603962
n1,14,top,67,1.6999999999999962,385.90082619242605,80.22377431886302,188.2183159171473
n1,14,top,68,1.724999999999996,390.17297912767725,80.22585286849522,187.78129502034497
n1,14,top,69,1.749999999999996,394.10015029043666,80.22332080834607,187.3628055816026
n1,14,top,70,1.774999999999996,397.7115425413286,80.22039531492354,186.9619381618518
n1,14,top,71,1.7999999999999958,401.03833107367853,80.21743128465758,186.5775823623378
n1,14,top,72,1.8249999999999957,404.1052233967956,80.21361443057813,186.20887416218673
n1,14,top,73,1.8499999999999956,406.93170506140075,80.20864959879417,185.85517508998538
n1,14,top,74,1.8749999999999956,409.5354893497556,80.20314692205332,185.5159112081485
n1,14,top,75,1.8999999999999955,411.9338407163416,80.19834271045957,185.19050111382379
n1,14,top,76,1.9249999999999954,414.14320374404787,80.19447352718068,184.87836520189833
n1,14,top,77,1.9499999999999953,416.17869000070334,80.19039942977513,184.57894662700156
n1,14,top,78,1.9749999999999952,418.054015974174,80.18530290774889,184.29171740812072
n1,14,top,79,1.9999999999999951,419.7817325756668,80.17911361714754,184.0161755350226
n1,14,top,80,2.024999999999995,421.37342546107107,80.1721882836298,183.75184132575242
n1,14,top,81,2.049999999999995,422.8397973625162,80.16516357639453,183.4982555765829
n1,14,top,82,2.074999999999995,424.19071253012453,80.15866532643605,183.25497857456537
n1,14,top,83,2.0999999999999948,425.4352553005198,80.15300077917054,183.0215890482421
n1,14,top,84,2.1249999999999947,426.5817952081638,80.14817691442036,182.79768311327095
n1,14,top,85,2.1499999999999946,427.6380467855628,80.1440580122438,182.58287338738387
n1,14,top,86,2.1749999999999945,428.61112059961266,80.14048509430644,182.37678833747742
n1,14,top,87,2.1999999999999944,429.5075679418189,80.13733792957842,182.17907175121204
n1,14,top,88,2.2249999999999943,430.3334251254391,80.13448554197042,181.98938214195528
n1,14,top,89,2.2499999999999942,431.09424871008173,80.13193111394594,181.80739223375554
n1,14,top,90,2.274999999999994,431.7951545681348,80.12976441651743,181.63278841433868
n1,14,top,91,2.299999999999994,432.4408613283618,80.12791432805363,181.46527000575242
n1,14,top,92,2.324999999999994,433.03571767582423,80.12627448698532,181.30454860671603
n1,14,top,93,2.349999999999994,433.5837255877408,80.12486218339671,181.15034764479446
n1,14,top,94,2.374999999999994,434.0885645155693,80.12387919409773,181.002402077086
n1,14,top,95,2.3999999999999937,434.5536329044191,80.12328814416588,180.8604577876557
n1,14,top,96,2.4249999999999936,434.98207960570966,80.1226228837053,180.72427071190154
n1,14,top,97,2.4499999999999935,435.3768057379235,80.12147354527923,180.59360630066135
n1,14,top,98,2.4749999999999934,435.7404653164808,80.11992106746088,180.46823969214347
n1,14,top,99,2.4999999999999933,436.07548637545625,80.1184285687499,180.3479557992749
n1,14,top,100,2.5249999999999932,436.38408978829966,80.1172622057146,180.05515742428284
n1,14,top,101,2.549999999999993,436.66835381856146,80.11637506487838,179.54961098502895
n1,14,top,102,2.574999999999993,436.93023061568556,80.11581846819419,178.98513359216855
n1,14,top,103,2.599999999999993,437.17148858227966,80.11552411597842,178.40443279574762
n1,14,top,104,2.624999999999993,437.3937439364819,80.11532640914824,177.81927368082745
n1,14,top,105,2.649999999999993,437.5984832739088,80.11522905211477,177.23289020992038
n1,14,top,106,2.6749999999999927,437.7870761095175,80.11540700259039,176.64617085116348
n1,14,top,107,2.6999999999999926,437.96079725694943,80.11581586642156,176.05935973503077
n1,14,top,108,2.7249999999999925,438.1208303527528,80.11621267448673,175.47252381196566
n1,14,top,109,2.7499999999999925,438.2682566948151,80.11651909032624,174.88568123049976
n1,14,top,110,2.7749999999999924,438.4040662073732,80.11677886338363,174.2988368520434
n1,14,top,111,2.7999999999999923,438.52917088999493,80.11704160100912,173.7119920304999
n1,14,top,112,2.824999999999992,438.6444256573904,80.11710670650079,173.12514707079325
n1,14,top,113,2.849999999999992,438.75062829613466,80.11662771958649,172.5383017304514
n1,14,top,114,2.874999999999992,438.8484993099282,80.11553879711616,171.9514555961648
n1,14,top,115,2.899999999999992,438.9386774272798,80.11419242272252,171.36460858272193
n1,14,top,116,2.924999999999992,439.0217464745999,80.11297724184838,170.77776101146785
n1,14,top,117,2.9499999999999917,439.1694172222719,80.12117333175912,170.69950459489496
n1,14,top,118,2.9749999999999917,439.32832171246463,80.13166063363526,170.6170912286803
n1,14,top,119,2.9999999999999916,439.37203331395085,80.13555751827546,170.63484853108915
n1,14,top,120,3.0249999999999915,439.38631716444416,80.13235746164098,170.54567765771492
n1,14,top,121,3.0499999999999914,439.40335054063456,80.1339277410633,170.55135484444904
n1,14,top,122,3.0749999999999913,439.4310395767202,80.1356542973831,170.550138548323
n1,14,top,123,3.099999999999991,439.45574664161774,80.13713188508403,170.53987326517083
n1,14,top,124,3.124999999999991,439.49384324046224,80.13944855966571,170.536476953615
n1,14,top,125,3.149999999999991,439.5325773585279,80.14178048660169,170.5283632843809
n1,14,top,126,3.174999999999991,439.5715919399714,80.14413362652154,170.51953200632613
n1,14,top,127,3.199999999999991,439.60751527777796,80.14640952963147,170.5105220443502
n1,14,top,128,3.2249999999999908,439.6390169044054,80.14823799375048,170.5015347146064
n1,14,top,129,3.2499999999999907,439.663258317697,80.14970526493545,170.49311688090293
n1,14,top,130,3.2749999999999906,439.6790323075041,80.1505484251659,170.48662124773637
n1,14,top,131,3.2999999999999905,439.68419258189874,80.15067154719843,170.48255366281757
n1,14,top,132,3.3249999999999904,439.68349839454294,80.15075672713624,170.4805574254306
n1,14,top,133,3.3499999999999903,439.6828652964405,80.15075054568504,170.47842623129517
n1,14,top,134,3.3749999999999902,439.68249823773874,80.15073397197563,170.47598585737248
n1,14,top,135,3.39999999999999,439.6822163590468,80.15071484522214,170.47332990432506
n1,14,top,136,3.42499999999999,439.6811663312144,80.15066611485568,170.47025900204875
n1,14,top,137,3.44999999999999,439.6761319214207,80.15027434939887,170.466733214984
n1,14,top,138,3.47499999999999,439.6733867499731,80.15053672956962,170.4636450709319
n1,14,top,139,3.49999999999999,439.6708736683362,80.1504391342996,170.4606139154547
n1,14,top,140,3.5249999999999897,439.6689754217295,80.15018532804338,170.45799839667515
n1,14,top,141,3.5499999999999896,439.6680936684056,80.15015146927676,170.45587170357254
n1,14,top,142,3.5749999999999895,439.66782350310416,80.1500983649022,170.45389426217645
n1,14,top,143,3.59999999999999,439.6679055674207,80.15001951526229,170.4521013472121
n1,14,top,144,3.6249999999999902,439.66847546148125,80.15001797393171,170.4504883853198
n1,14,top,145,3.6499999999999906,439.6692686521426,80.15002921249405,170.44892008672016
n1,14,top,146,3.674999999999991,439.6697832484517,80.15017593301572,170.4475429781886
n1,14,top,147,3.6999999999999913,439.67080385760534,80.15037587147974,170.44658071058365
n1,14,top,148,3.7249999999999917,439.67211765403096,80.15030535027026,170.44553812238337
n1,14,top,149,3.749999999999992,439.6728001982841,80.15021732456276,170.44414811262985
n1,14,top,150,3.7749999999999924,439.6731035229068,80.15012639565155,170.44260056806996
n1,14,top,151,3.7999999999999927,439.67324092944807,80.15003740584619,170.44115046096934
n1,14,top,152,3.824999999999993,439.6736842800773,80.15004255626638,170.43984618171123
n1,14,top,153,3.8499999999999934,439.67400125949325,80.15004875556336,170.43859103293786
n1,14,top,154,3.874999999999994,439.674205480701,80.15004616958812,170.43732536951907
n1,14,top,155,3.899999999999994,439.6743823996895,80.15005446294619,170.43602951149333
n1,14,top,156,3.9249999999999945,439.6743841261224,80.15004864119611,170.43470783951867
n1,14,top,157,3.949999999999995,439.6742763688815,80.15003488919636,170.4333818812755
n1,14,top,158,3.974999999999995,439.6741174796436,80.15005059453279,170.43205181490524
n1,14,top,159,3.9999999999999956,439.67415433543033,80.15003260880142,170.4306406140824
n1,14,top,160,4.024999999999996,439.6742671945398,80.15001151582578,170.42924583769806
n1,14,top,161,4.049999999999996,439.67425517950403,80.15001194000283,170.42789737861577
n1,14,top,162,4.074999999999997,439.67422849418233,80.15000999170135,170.426551132097
n1,14,top,163,4.099999999999997,439.67419323922644,80.15000905867674,170.42519371000932
n1,14,top,164,4.124999999999997,439.67414861043756,80.15000169939783,170.42384684906744
n1,14,top,165,4.149999999999998,439.6738664695424,80.14994510476184,170.42244788834617
n1,14,top,166,4.174999999999998,439.6731486160266,80.14983016403237,170.42100819745443
n1,14,top,167,4.199999999999998,439.67251333233185,80.14976892448121,170.4197110149045
n1,14,top,168,4.224999999999999,439.6721218714817,80.14974782233728,170.4183997742827
n1,14,top,169,4.249999999999999,439.6713540518699,80.14966442187118,170.41703362480354
n1,14,top,170,4.2749999999999995,439.67075899574195,80.14961872278643,170.4157607762052
n1,14,top,171,4.3,439.6703769207507,80.14956874733511,170.41450223029685
n1,14,top,172,4.325,439.67014842948635,80.14959776611818,170.41326084756528
n1,14,top,173,4.3500000000000005,439.67011031921936,80.14969004244061,170.412044623136
n1,14,top,174,4.375000000000001,439.6703054059976,80.14961295338938,170.4107944695101
n1,14,top,175,4.400000000000001,439.6704141794039,80.1495690327579,170.40947313206058
n1,14,top,176,4.425000000000002,439.6703875944447,80.14953150004281,170.40812314644174
n1,14,top,177,4.450000000000002,439.6703022455463,80.14953263801056,170.40678663722917
n1,14,top,178,4.475000000000002,439.6701880936374,80.14955189011322,170.40546880868047
n1,14,top,179,4.500000000000003,439.67006687089537,80.14956176082606,170.40415889200392
n1,14,top,180,4.525000000000003,439.6699595524556,80.14957067313809,170.40285383095468
n1,14,top,181,4.550000000000003,439.6698861328928,80.14957397945872,170.40155798306895
n1,14,top,182,4.575000000000004,439.66986914870546,80.14957071271535,170.4002627176385
n1,14,top,183,4.600000000000004,439.66987829624065,80.14956649687235,170.39895478794426
n1,14,top,184,4.625000000000004,439.669877457537,80.14955516296641,170.39763259494734
n1,14,top,185,4.650000000000005,439.66982345439664,80.14953658701549,170.39630143595
n1,14,top,186,4.675000000000005,439.6697476592878,80.14953380206028,170.39497697610028
n1,14,top,187,4.7000000000000055,439.6696770254666,80.14952390035972,170.39367730800157
n1,14,top,188,4.725000000000006,439.66964929978525,80.14954750729639,170.39239768468758
n1,14,top,189,4.750000000000006,439.6696423873789,80.14955924900086,170.39108790263404
n1,14,top,190,4.775000000000007,439.6696582345663,80.14958019523398,170.38984690378498
n1,14,top,191,4.800000000000007,439.6696752138621,80.14958006942705,170.3885079204548
n1,14,top,192,4.825000000000007,439.6697383860917,80.14963033162806,170.38726631013768
n1,14,top,193,4.850000000000008,439.6698489566737,80.14964332283964,170.38601450500352
n1,14,top,194,4.875000000000008,439.6699591772757,80.14967211056704,170.3847533854969
n1,14,top,195,4.900000000000008,439.6700369832725,80.1496934550647,170.38349450747256
n1,14,top,196,4.925000000000009,439.6700912753447,80.14974089302363,170.38220631872127
n1,14,top,197,4.950000000000009,439.67011788739285,80.14972627360555,170.38097164552212
n1,14,top,198,4.975000000000009,439.6700691739232,80.14978223798069,170.37967492635062
n1,14,top,199,5.00000000000001,439.66999863675136,80.14984390752274,170.37871297265193
n1,14,top,200,5.02500000000001,439.66995377179114,80.14997058464552,170.37793376429698
n1,14,top,201,5.0500000000000105,439.6700436433651,80.14994772155782,170.3773294767462
n1,14,top,202,5.075000000000011,439.67021541307815,80.14979318014983,170.3766098575346
n1,14,top,203,5.100000000000011,439.6703330880592,80.1497016393044,170.3756205067176
n1,14,top,204,5.1250000000000115,439.67046542218435,80.14967894816014,170.37465815888106
n1,14,top,205,5.150000000000012,439.67051993321246,80.14969964186011,170.3736608934127
n1,14,top,206,5.175000000000012,439.67054432752394,80.14975588193398,170.37265639017352
n1,14,top,207,5.200000000000013,439.6705223856912,80.1497604441595,170.37168697143682
n1,14,top,208,5.225000000000013,439.67050272120775,80.14974890465983,170.37071273310383
n1,14,top,209,5.250000000000013,439.6704358690974,80.14970427582735,170.36974497044164
n1,14,top,210,5.275000000000014,439.6703628678555,80.14969846437477,170.36876227005604
n1,14,top,211,5.300000000000014,439.67029163940003,80.14970867411414,170.36773633543618
n1,14,top,212,5.325000000000014,439.6701821417137,80.1497121610368,170.36670845262353
n1,14,top,213,5.350000000000015,439.6701071808896,80.14974375128193,170.36570975547178
n1,14,top,214,5.375000000000015,439.67004142536166,80.14971625875665,170.36478410725988
n1,14,top,215,5.4000000000000155,439.66994955173584,80.14971546009087,170.363759439049
n1,14,top,216,5.425000000000016,439.6698474350917,80.14976925732502,170.3626946989271
n1,14,top,217,5.450000000000016,439.6697505299044,80.1497696724212,170.3617124583763
n1,14,top,218,5.4750000000000165,439.6696044396345,80.14978406416775,170.36073778813704
n1,14,top,219,5.500000000000017,439.6692349880252,80.14969004666894,170.3597285039248
n1,14,top,220,5.525000000000017,439.6685566757024,80.1497654887231,170.3588278782433
n1,14,top,221,5.550000000000018,439.6676999986781,80.14982871262472,170.35830925175694
n1,14,top,222,5.575000000000018,439.6669476521723,80.14983955789667,170.35781775583607
n1,14,top,223,5.600000000000018,439.66640903404084,80.14976193228199,170.3573463663134
n1,14,top,224,5.625000000000019,439.66599770844806,80.14971032269803,170.35665877965002
n1,14,top,225,5.650000000000019,439.66576437913005,80.14969645691323,170.35589778990916
n1,14,top,226,5.675000000000019,439.66573401752873,80.14969644445827,170.355073375081
n1,14,top,227,5.70000000000002,439.6658039881701,80.14978898300295,170.35426231121036
n1,14,top,228,5.72500000000002,439.6657581911541,80.15001740622972,170.35341568591284
n1,14,top,229,5.75000000000002,439.66573261361833,80.15009706687113,170.3525637891189
n1,14,top,230,5.775000000000021,439.66580731300746,80.15004266326528,170.35151565786398
n1,14,top,231,5.800000000000021,439.6657372564966,80.14983822354903,170.35046003039295
n1,14,top,232,5.8250000000000215,439.665587925106,80.14979450122233,170.34946778879268
n1,14,top,233,5.850000000000022,439.6654130574701,80.14975664859232,170.3485432939844
n1,14,top,234,5.875000000000022,439.6652425394284,80.14971807885682,170.34763087222936
n1,14,top,235,5.900000000000023,439.6650954620484,80.14967253558119,170.346706599969
n1,14,top,236,5.925000000000023,439.6649776116385,80.14962075446358,170.34576622492884
n1,14,top,237,5.950000000000023,439.66488622027174,80.14956577589847,170.34481309758425
n1,14,top,238,5.975000000000024,439.66481379604124,80.14951067171012,170.343851488518
n1,14,top,239,6.000000000000024,439.66475581097245,80.14945848260082,170.34288657380682
n1,14,top,240,6.025000000000024,439.6647067810353,80.14941097143821,170.34191898000063
n1,14,top,241,6.050000000000025,439.6646615620929,80.14936883531873,170.34095013807558
n1,14,top,242,6.075000000000025,439.6646185899519,80.14934205874387,170.33998365943262
n1,14,top,243,6.100000000000025,439.6645738710136,80.14931869156503,170.3390190900749
n1,14,top,244,6.125000000000026,439.6645263720845,80.14929721492473,170.3380552468044
n1,14,top,245,6.150000000000026,439.6644759805347,80.14927756060418,170.3370913366137
n1,14,top,246,6.1750000000000265,439.6644227343728,80.14925961730977,170.336127102981
n1,14,top,247,6.200000000000027,439.6643667077169,80.14924309606563,170.33516225897014
n1,14,top,248,6.225000000000027,439.6643080626719,80.1492281373496,170.33419759093414
n1,14,top,249,6.2500000000000275,439.66424713262944,80.14921461343694,170.33323276206767
n1,14,top,250,6.275000000000028,439.664181885738,80.14920063256517,170.33226617959525
n1,14,top,251,6.300000000000028,439.66411698126194,80.14918996813212,170.3313018036581
n1,14,top,252,6.325000000000029,439.66405131953286,80.1491811521386,170.33033927774872
n1,14,top,253,6.350000000000029,439.6639846932205,80.14917334359663,170.32937658929535
n1,14,top,254,6.375000000000029,439.6639175998126,80.14916634583996,170.32841379545786
n1,14,top,255,6.40000000000003,439.66385027596715,80.14915993610495,170.32745094663986
n1,14,top,256,6.42500000000003,439.6637828966746,80.14915396242444,170.326488112179
n1,14,top,257,6.45000000000003,439.6637156107218,80.1491483138013,170.32552532993398
n1,14,top,258,6.475000000000031,439.6636485391909,80.14914291185553,170.32456260443962
n1,14,top,259,6.500000000000031,439.66358176573334,80.1491376993853,170.3235999277815
n1,14,top,260,6.525000000000031,439.663515339477,80.14913263154924,170.32263729305856
n1,14,top,261,6.550000000000032,439.6634492850473,80.14912767251178,170.32167469584112
n1,14,top,262,6.575000000000032,439.66338361015835,80.14912279489445,170.32071213213072
n1,14,top,263,6.6000000000000325,439.6633183101078,80.14911797769916,170.3197495976029
n1,14,top,264,6.625000000000033,439.663253371706,80.1491132048587,170.31878708800417
n1,14,top,265,6.650000000000033,439.66318877641305,80.1491084639704,170.31782459978896
n1,14,top,266,6.675000000000034,439.6631245028384,80.14910374541775,170.31686213006228
n1,14,top,267,6.700000000000034,439.66306052858016,80.14909904169468,170.31589967645047
n1,14,top,268,6.725000000000034,439.6629941330507,80.14909616750461,170.314935696336
n1,14,top,269,6.750000000000035,439.6629261702535,80.14909392857945,170.31397123684644
n1,14,top,270,6.775000000000035,439.66286131847795,80.14908915251861,170.313009886681
n1,14,top,271,6.800000000000035,439.66279826299666,80.14908250249019,170.31205075582238
n1,14,top,272,6.825000000000036,439.6627352742275,80.14907557345244,170.31109128521757
n1,14,top,273,6.850000000000036,439.6626724323698,80.14906855998527,170.31013135341107
n1,14,top,274,6.875000000000036,439.6626096167113,80.14906156595208,170.3091712145893
n1,14,top,275,6.900000000000037,439.6625468196643,80.1490546159253,170.30821099590972
n1,14,top,276,6.925000000000037,439.6624840590909,80.14904771355151,170.30725075035875
n1,14,top,277,6.9500000000000375,439.66242135874086,80.14904085235153,170.30629050172016
n1,14,top,278,6.975000000000038,439.66235873676106,80.14903402139994,170.3053302617672
n1,14,top,279,7.000000000000038,439.6622962043373,80.14902721170614,170.30437003856326
n1,14,top,280,7.0250000000000385,439.66223376850917,80.14902041754091,170.3034098382027
n1,14,top,281,7.050000000000039,439.66217143450325,80.14901363505854,170.30244966474703
n1,14,top,282,7.075000000000039,439.66210920638787,80.14900686125688,170.30148952045025
n1,14,top,283,7.10000000000004,439.66204708693414,80.14900009372732,170.3005294064495
n1,14,top,284,7.12500000000004,439.6619981136074,80.14897054525564,170.2996169160134
n1,14,top,285,7.15000000000004,439.6619276306209,80.1489209436308,170.2988147918713
n1,14,top,286,7.175000000000041,439.66186849385093,80.14887134377597,170.29818524462095
n1,14,top,287,7.200000000000041,439.6617761841654,80.14880100840699,170.2976141834851
n1,14,top,288,7.225000000000041,439.66170242716754,80.14880549231866,170.29699170665228
n1,14,top,289,7.250000000000042,439.6616568467679,80.14886049441108,170.29623765076875
n1,14,top,290,7.275000000000042,439.6616297766346,80.14889424259334,170.2953626079491
n1,14,top,291,7.3000000000000425,439.6616038804969,80.14890756237405,170.29447362501512
n1,14,top,292,7.325000000000043,439.661577248928,80.14891042442223,170.2935794698886
n1,14,top,293,7.350000000000043,439.66155150948293,80.14890935133933,170.29268298128846
n1,14,top,294,7.3750000000000435,439.6615242550867,80.1489080575859,170.29178494182014
n1,14,top,295,7.400000000000044,439.66149718059734,80.14890568568636,170.2908866932607
n1,14,top,296,7.425000000000044,439.6614701402766,80.14890272248833,170.28998792671516
n1,14,top,297,7.450000000000045,439.6614429896336,80.1488993921811,170.28908877249617
n1,14,top,298,7.475000000000045,439.6614156779048,80.14889582824911,170.28818934718623
n1,14,top,299,7.500000000000045,439.6613881715136,80.14889212242686,170.28728972089772
n2,3,top,0,0.025000000000000022,-0.22111046944273138,0.0068865232217655325,21.36446539041716
n2,3,top,1,0.04999999999999999,-0.17453436504052164,0.009167913419490683,22.42690537132082
n2,3,top,2,0.07500000000000001,-0.1350226665163426,0.01110887265146758,23.286930201238423
n2,3,top,3,0.10000000000000003,-0.10326753844120598,0.012775453320407089,24.089101306130747
n2,3,top,4,0.12500000000000006,-0.0748520270853442,0.014231971419906685,24.874824037286608
n2,3,top,5,0.15000000000000008,-0.05036342741829269,0.015470128604842712,25.655871457836277
n2,3,top,6,0.1750000000000001,-0.029759088867257744,0.016511992376529037,26.435593089077777
n2,3,top,7,0.20000000000000012,-0.01244256684558911,0.017387816627666846,27.214938774957243
n2,3,top,8,0.22500000000000014,0.002108244844181927,0.01812393542454723,27.99417785888222
n2,3,top,9,0.25000000000000017,0.2629777233980712,0.020532922287813574,28.527937080503165
n2,3,top,10,0.2750000000000002,1.482575982803506,0.02927829328056263,28.707838318285535
n2,3,top,11,0.3000000000000002,3.679634995793718,0.04453912001247558,28.759672687334962
n2,3,top,12,0.32500000000000023,6.717415995926945,0.06543725365055818,28.774135954332117
n2,3,top,13,0.35000000000000026,10.465801020573462,0.09110205529651957,28.77814922800817
n2,3,top,14,0.3750000000000003,14.812413701093426,0.12078015504265258,28.77925968920115
n2,3,top,15,0.4000000000000003,19.662061207518796,0.15383374892394255,28.779565176551763
n2,3,top,16,0.4250000000000003,24.934543708531915,0.18972550673549604,28.77964854678048
n2,3,top,17,0.45000000000000034,30.56241990346741,0.22800379092655346,28.779669285947932
n2,3,top,18,0.47500000000000037,36.48898558797487,0.2682886045194506,28.779673035006812
n2,3,top,19,0.5000000000000004,42.66658297117174,0.3102605024501738,28.779672360422236
n2,3,top,20,0.5250000000000004,49.05515862651856,0.35365093796092945,28.779670694592053
n2,3,top,21,0.5500000000000003,55.62104725294805,0.39823406341214024,28.77966948278655
n2,3,top,22,0.5750000000000002,62.33595722755797,0.4438200748671564,28.77966825349947
n2,3,top,23,0.6000000000000001,69.17610996147351,0.49024936802952385,28.77966685954526
n2,3,top,24,0.625,76.12152318365003,0.5373878230148824,28.779665225170024
n2,3,top,25,0.6499999999999999,83.1553987642047,0.5851225392128069,28.7796640816112
n2,3,top,26,0.6749999999999998,90.2636236857207,0.6333587382884076,28.779662950713067
n2,3,top,27,0.6999999999999997,97.43433399499884,0.682016656283815,28.779662013159747
n2,3,top,28,0.7249999999999996,104.65755963081226,0.7310292242458708,28.77966120089594
n2,3,top,29,0.7499999999999996,111.92492107350115,0.7803400616596163,28.77966050845985
n2,3,top,30,0.7749999999999995,119.22937590267793,0.8299017628045079,28.779659905563758
n2,3,top,31,0.7999999999999994,126.56500539653422,0.8796744621577877,28.779659376468924
n2,3,top,32,0.8249999999999993,133.92683523197744,0.9296246346460786,28.779658910862363
n2,3,top,33,0.8499999999999992,141.31068479591318,0.9797240871753496,28.779658500694175
n2,3,top,34,0.8749999999999991,148.71304054058874,1.029949110303728,28.779658139184285
n2,3,top,35,0.899999999999999,156.13094954635497,1.0802797647391138,28.779657820463694
n2,3,top,36,0.9249999999999989,158.65772205324237,1.031886150845879,29.02691495695921
n2,3,top,37,0.9499999999999988,158.6584445787944,1.072255584599339,28.97186873878539
n2,3,top,38,0.9749999999999988,158.65799758741932,1.1191589365829036,28.984099034044323
n2,3,top,39,0.9999999999999987,158.657784693744,1.125702160859532,28.981679884122663
n2,3,top,40,1.0249999999999986,158.65789263461951,1.1236599072061897,28.982517216771434
n2,3,top,41,1.0499999999999985,158.65811798537405,1.117530003636201,28.983380979044444
n2,3,top,42,1.0749999999999984,158.6586117813104,1.1033452949194684,28.983262989991758
n2,3,top,43,1.0999999999999983,158.65855745529305,1.1006355231071905,28.9809074549859
n2,3,top,44,1.1249999999999982,158.65856106762976,1.103073421604622,28.98191776342163
n2,3,top,45,1.1499999999999981,158.65854605225195,1.1046954985236508,28.982101163188617
n2,3,top,46,1.174999999999998,158.65853180516416,1.1057896781566408,28.98209662636119
n2,3,top,47,1.199999999999998,158.6585247829817,1.1066314044606433,28.982101255364977
n2,3,top,48,1.2249999999999979,158.6585271763645,1.1072235945410476,28.982143808645684
n2,3,top,49,1.2499999999999978,158.65853211814192,1.107653975308506,28.982167577788413
n2,3,top,50,1.2749999999999977,158.65854119446385,1.1079417084083292,28.982192662387387
n2,3,top,51,1.2999999999999976,158.65855119933855,1.1081244588720853,28.982199936698525
n2,3,top,52,1.3249999999999975,158.6585619262059,1.1082779537771807,28.982215908957393
n2,3,top,53,1.3499999999999974,158.65857286010817,1.1084076245867798,28.982229569792857
n2,3,top,54,1.3749999999999973,158.65858376842613,1.1084986201442208,28.98223071576443
n2,3,top,55,1.3999999999999972,158.6585949029534,1.108562371361792,28.982228073063087
n2,3,top,56,1.4249999999999972,158.65860629721402,1.1086094721370354,28.982225795277994
n2,3,top,57,1.449999999999997,158.65861783180088,1.1086451056929536,28.982224263724554
n2,3,top,58,1.474999999999997,158.65862942262135,1.1086716349963324,28.982222898497596
n2,3,top,59,1.499999999999997,158.65864103280398,1.1086905969687215,28.982221438926896
n2,3,top,60,1.5249999999999968,158.6586526501917,1.1087041517110745,28.982220418261164
n2,3,top,61,1.5499999999999967,158.65866422714026,1.1087132719862864,28.98222003693793
n2,3,top,62,1.5749999999999966,158.65867575317534,1.108718497171084,28.982219842689464
n2,3,top,63,1.5999999999999965,158.6586872072417,1.1087209110732477,28.982220405260417
n2,3,top,64,1.6249999999999964,158.65869858524263,1.108721294894795,28.98222207989507
n2,3,top,65,1.6499999999999964,158.65870984855357,1.1087197607984975,28.982224296987347
n2,3,top,66,1.6749999999999963,158.65872100396726,1.1087175023640847,28.98222762570204
n2,3,top,67,1.6999999999999962,158.65873208718827,1.1087145476069609,28.982232967964485
n2,3,top,68,1.724999999999996,158.6587430730617,1.1087122683167572,28.982240547889045
n2,3,top,69,1.749999999999996,158.65874948079414,1.1087603912485864,28.982206237961087
n2,3,top,70,1.774999999999996,158.6587591606605,1.1087428404636033,28.9821926297276
n2,3,top,71,1.7999999999999958,158.6587701258278,1.1087333266157704,28.982206063272407
n2,3,top,72,1.8249999999999957,158.65878080895996,1.1087240551485027,28.98221744022057
n2,3,top,73,1.8499999999999956,158.6587911961528,1.1087155326085487,28.982229422509707
n2,3,top,74,1.8749999999999956,158.65879616269655,1.1087701200084337,28.982199536041872
n2,3,top,75,1.8999999999999955,158.65880643277853,1.1087404441256483,28.982199144497407
n2,3,top,76,1.9249999999999954,158.6588164982928,1.1087216089686511,28.98221032670235
n2,3,top,77,1.9499999999999953,158.65882648168446,1.1087154314932366,28.982230784065443
n2,3,top,78,1.9749999999999952,158.65883112213908,1.1087517388950092,28.98219361512359
n2,3,top,79,1.9999999999999951,158.65884071141477,1.108724161728162,28.982202602366897
n2,3,top,80,2.024999999999995,158.65885045960758,1.108716207741885,28.98222820339801
n2,3,top,81,2.049999999999995,158.65885464689387,1.108746266673448,28.98219076596884
n2,3,top,82,2.074999999999995,158.65886399213124,1.1087177037023492,28.98220480602087
n2,3,top,83,2.0999999999999948,158.65886798466602,1.108772079940749,28.982188688245092
n2,3,top,84,2.1249999999999947,158.65887706350549,1.1087256139033763,28.982189947055
n2,3,top,85,2.1499999999999946,158.65888643428016,1.1087143807785333,28.98222240167985
n2,3,top,86,2.1749999999999945,158.65888998388903,1.1087370117566464,28.982185101968764
n2,3,top,87,2.1999999999999944,158.6588990109741,1.1087150582708916,28.98221048591208
n2,3,top,88,2.2249999999999943,158.65890257315496,1.1087451986984371,28.982182994740352
n2,3,top,89,2.2499999999999942,158.65891135556663,1.1087138989577783,28.98220398440748
n2,3,top,90,2.274999999999994,158.65891476260884,1.1087480357642683,28.982180885952605
n2,3,top,91,2.299999999999994,158.65892337575417,1.1087134456206713,28.98220168603618
n2,3,top,92,2.324999999999994,158.6589265947258,1.1087459683540488,28.98217910662236
n2,3,top,93,2.349999999999994,158.65893513013003,1.1087140669952533,28.982203869526483
n2,3,top,94,2.374999999999994,158.65893807420346,1.1087388261919846,28.982177087114454
n2,3,top,95,2.3999999999999937,158.65894672977018,1.1087161002424823,28.982212069632833
n2,3,top,96,2.4249999999999936,158.65894932241682,1.1087286016654945,28.982176463020622
n2,3,top,97,2.4499999999999935,158.65895340675806,1.108779567009633,28.982183747274068
n2,3,top,98,2.4749999999999934,158.65895942229005,1.1087017831299744,28.982155660318096
n2,3,top,99,2.4999999999999933,158.65896358739457,1.1087614710310567,28.98217255859416
n2,3,top,100,2.5249999999999932,158.65897154490807,1.1087133959016628,28.98219044895561
n2,3,top,101,2.549999999999993,158.65897405971592,1.1087402786231217,28.982169904489172
n2,3,top,102,2.574999999999993,158.6589813555193,1.1087406312399604,28.9822065802477
n2,3,top,103,2.599999999999993,158.65898377507628,1.1087071043694496,28.98215538314739
n2,3,top,104,2.624999999999993,158.65898752031936,1.1087620061293535,28.98216986598513
n2,3,top,105,2.649999999999993,158.65899527125174,1.1087161879596839,28.982193194837787
n2,3,top,106,2.6749999999999927,158.65899726449902,1.108729010346729,28.98216473928653
n2,3,top,107,2.6999999999999926,158.65900048792736,1.1087798078799165,28.98217224514128
n2,3,top,108,2.7249999999999925,158.65900752408328,1.108709401002608,28.98217686362651
n2,3,top,109,2.7499999999999925,158.65900986292104,1.1087378072819591,28.982164354325253
n2,3,top,110,2.7749999999999924,158.65901275779558,1.1087866990158082,28.982171006706317
n2,3,top,111,2.7999999999999923,158.65901960214606,1.108707300140042,28.982170010076292
n2,3,top,112,2.824999999999992,158.6590220005911,1.1087392440359185,28.982163010214812
n2,3,top,113,2.849999999999992,158.65902482869035,1.1087857192727977,28.98216934069933
n2,3,top,114,2.874999999999992,158.6590315628115,1.1087068883127789,28.982170969719157
n2,3,top,115,2.899999999999992,158.65903369323482,1.1087335732139636,28.982160561523077
n2,3,top,116,2.924999999999992,158.6590366549096,1.1087778348894526,28.982167813124445
n2,3,top,117,2.9499999999999917,158.65904343025176,1.1087117942306068,28.982181287831416
n2,3,top,118,2.9749999999999917,158.659044993033,1.1087214151519498,28.982157185318126
n2,3,top,119,2.9999999999999916,158.65904781756265,1.1087650271077734,28.982165099683712
n2,3,top,120,3.0249999999999915,158.6590543438663,1.1087390824343228,28.982197255551583
n2,3,top,121,3.0499999999999914,158.65905562834766,1.1086995294351136,28.982145464498956
n2,3,top,122,3.0749999999999913,158.65905846211615,1.1087433671042686,28.982158601633394
n2,3,top,123,3.099999999999991,158.65906113205745,1.1087833335613775,28.982164881126415
n2,3,top,124,3.124999999999991,158.65906760038834,1.1087093198547973,28.982175640062163
n2,3,top,125,3.149999999999991,158.65906896413287,1.1087179042776225,28.982153577728884
n2,3,top,126,3.174999999999991,158.6590715368342,1.108758546219105,28.98216148648599
n2,3,top,127,3.199999999999991,158.65907345412558,1.108790852637515,28.982161175954623
n2,3,top,128,3.2249999999999908,158.6590797535918,1.1087017993894286,28.982161516327736
n2,3,top,129,3.2499999999999907,158.659081465642,1.1087242944090154,28.982153516165784
n2,3,top,130,3.2749999999999906,158.65908391979295,1.1087626821012686,28.982160629280543
n2,3,top,131,3.2999999999999905,158.65908563316503,1.1087919794645082,28.98215927859873
n2,3,top,132,3.3249999999999904,158.65909182495946,1.1087000121289212,28.98215861100601
n2,3,top,133,3.3499999999999903,158.65909347952697,1.1087226165588768,28.982152109426043
n2,3,top,134,3.3749999999999902,158.65909581549798,1.108759572546656,28.982159063433052
n2,3,top,135,3.39999999999999,158.65909760146434,1.1087871884029257,28.982157655300377
n2,3,top,136,3.42499999999999,158.6591038780865,1.1087035363176174,28.98216664787494
n2,3,top,137,3.44999999999999,158.65910503661786,1.1087130986408655,28.982149179520796
n2,3,top,138,3.47499999999999,158.65910727096397,1.1087498099735362,28.982156956029048
n2,3,top,139,3.49999999999999,158.6591092242812,1.10877662857778,28.982156817540687
n2,3,top,140,3.5249999999999897,158.65911589369836,1.1087221510798697,28.98219068085015
n2,3,top,141,3.5499999999999896,158.6591163001273,1.1086988100605037,28.9821469344354
n2,3,top,142,3.5749999999999895,158.65911827299297,1.1087319878793762,28.982152756178508
n2,3,top,143,3.59999999999999,158.65912025614656,1.1087622281615932,28.982155894163114
n2,3,top,144,3.6249999999999902,158.65912186062968,1.1087862698568067,28.982154471313407
n2,3,top,145,3.6499999999999906,158.65912805823015,1.10870396634212,28.982167542207808
n2,3,top,146,3.674999999999991,158.65912888528348,1.1087058345860228,28.982145716750782
n2,3,top,147,3.6999999999999913,158.65913091170063,1.108740476869077,28.98215366378937
n2,3,top,148,3.7249999999999917,158.65913267907274,1.1087659592265253,28.982153933575745
n2,3,top,149,3.749999999999992,158.65913410632504,1.1087886964517912,28.982153040708788
n2,3,top,150,3.7749999999999924,158.65914014065743,1.1086985684504254,28.982160609426824
n2,3,top,151,3.7999999999999927,158.65914105909255,1.108706377551603,28.982144890039393
n2,3,top,152,3.824999999999993,158.65914299988208,1.108739884715681,28.982152651780442
n2,3,top,153,3.8499999999999934,158.6591446520448,1.1087636544891362,28.982152386279527
n2,3,top,154,3.874999999999994,158.6591461230515,1.1087851336905632,28.982151623571355
n2,3,top,155,3.899999999999994,158.65915224661143,1.10870524384632,28.98216886564959
n2,3,top,156,3.9249999999999945,158.65915278219833,1.1086988668828766,28.98214248439152
n2,3,top,157,3.949999999999995,158.65915461463183,1.1087315076102078,28.982150462835392
n2,3,top,158,3.974999999999995,158.659156220019,1.1087559576089259,28.982151223813286
n2,3,top,159,3.9999999999999956,158.6591577952647,1.1087759015297152,28.982150721660222
n2,3,top,160,4.024999999999996,158.65916079646414,1.108774114960848,28.98216307394234
n2,3,top,161,4.049999999999996,158.65916341914786,1.108675050004307,28.98212223491873
n2,3,top,162,4.074999999999997,158.6591655787306,1.1087112128314784,28.982142125947888
n2,3,top,163,4.099999999999997,158.6591675429234,1.10874479096575,28.98215201557262
n2,3,top,164,4.124999999999997,158.6591688942278,1.1087628625204147,28.98214864960117
n2,3,top,165,4.149999999999998,158.65917033492278,1.108781944518453,28.98214869966148
n2,3,top,166,4.174999999999998,158.65917648788405,1.1087120526670387,28.982175983495498
n2,3,top,167,4.199999999999998,158.65917668034862,1.1086913118920574,28.98214049438805
n2,3,top,168,4.224999999999999,158.65917824487119,1.1087205067447663,28.982146676750403
n2,3,top,169,4.249999999999999,158.65917972677858,1.1087448420322699,28.98214849757012
n2,3,top,170,4.2749999999999995,158.65918113343872,1.1087638122349708,28.98214792959698
n2,3,top,171,4.3,158.6591824725432,1.1087817266005242,28.982147622012626
n2,3,top,172,4.325,158.65918860741172,1.1087112524458687,28.982175694807044
n2,3,top,173,4.3500000000000005,158.6591887099867,1.1086890091362769,28.98213954749322
n2,3,top,174,4.375000000000001,158.6591901913151,1.1087172773621912,28.982145499420877
n2,3,top,175,4.400000000000001,158.65919160342617,1.1087410496058148,28.98214737408685
n2,3,top,176,4.425000000000002,158.6591929384842,1.1087594585960063,28.982146796072097
n2,3,top,177,4.450000000000002,158.65919433527847,1.1087760282777082,28.98214688293236
n2,3,top,178,4.475000000000002,158.65919542118334,1.108790064889722,28.982147986289913
n2,3,top,179,4.500000000000003,158.65919978491695,1.1086724907532,28.98212386762936
n2,3,top,180,4.525000000000003,158.65920151173043,1.1087024528239613,28.982138611118458
n2,3,top,181,4.550000000000003,158.65920321423226,1.1087333440812335,28.982147851504976
n2,3,top,182,4.575000000000004,158.65920437229389,1.1087501382522764,28.982145011739185
n2,3,top,183,4.600000000000004,158.6592057001252,1.1087668769982233,28.982145335608116
n2,3,top,184,4.625000000000004,158.65920680515805,1.108782908161864,28.982145017915045
n2,3,top,185,4.650000000000005,158.65921274787135,1.1087039278936752,28.982167299031964
n2,3,top,186,4.675000000000005,158.65921283528135,1.1086858513234565,28.98213594305842
n2,3,top,187,4.7000000000000055,158.65921426806793,1.1087141781305092,28.982143437099456
n2,3,top,188,4.725000000000006,158.6592155348101,1.1087360820003742,28.982144809140703
n2,3,top,189,4.750000000000006,158.65921674611857,1.108753190208636,28.982144260303045
n2,3,top,190,4.775000000000007,158.65921802096514,1.1087686286198195,28.982144384714402
n2,3,top,191,4.800000000000007,158.65921899129395,1.1087837552399553,28.982144015814907
n2,3,top,192,4.825000000000007,158.65922482808836,1.1086965568011569,28.9821608136599
n2,3,top,193,4.850000000000008,158.6592249570961,1.108685608948821,28.982134800437773
n2,3,top,194,4.875000000000008,158.65922637705177,1.1087140703648544,28.982142897650235
n2,3,top,195,4.900000000000008,158.6592275645894,1.1087346646361498,28.982143639412524
n2,3,top,196,4.925000000000009,158.65922872831143,1.1087511602264244,28.982143179571306
n2,3,top,197,4.950000000000009,158.65922995197826,1.1087660185501589,28.982143302452474
n2,3,top,198,4.975000000000009,158.65923097881083,1.1087803660897935,28.98214285892394
n2,3,top,199,5.00000000000001,158.6592370398911,1.1087071820346122,28.982172622006132
n2,3,top,200,5.02500000000001,158.6592368645826,1.1086808332675369,28.982135053548784
n2,3,top,201,5.0500000000000105,158.65923809384356,1.1087063825234553,28.98214067490238
n2,3,top,202,5.075000000000011,158.65923927754991,1.108728216508733,28.982142699114313
n2,3,top,203,5.100000000000011,158.6592403802412,1.1087447499591128,28.982142119454245
n2,3,top,204,5.1250000000000115,158.6592415478596,1.1087595799588084,28.982142211982925
n2,3,top,205,5.150000000000012,158.65924273785217,1.1087727148527253,28.982142214785043
n2,3,top,206,5.175000000000012,158.65924340645898,1.1087863204148372,28.982141878997243
n2,3,top,207,5.200000000000013,158.65924875847963,1.1086792096008222,28.982141490469335
n2,3,top,208,5.225000000000013,158.6592493974486,1.1086898071629911,28.982134772465475
n2,3,top,209,5.250000000000013,158.65925073184343,1.108716727323935,28.98214191047352
n2,3,top,210,5.275000000000014,158.6592517648588,1.1087341345420316,28.982141088592492
n2,3,top,211,5.300000000000014,158.65925286381423,1.1087494440938999,28.982141015528725
n2,3,top,212,5.325000000000014,158.6592540035198,1.10876305107078,28.982141106234785
n2,3,top,213,5.350000000000015,158.65925507181333,1.1087758394532676,28.98214072821311
n2,3,top,214,5.375000000000015,158.65925786441977,1.1087639990942806,28.982154768615544
n2,3,top,215,5.4000000000000155,158.65925986557454,1.1086603670686905,28.982112197070713
n2,3,top,216,5.425000000000016,158.6592615752509,1.1086919396664063,28.982132570203305
n2,3,top,217,5.450000000000016,158.659263074159,1.1087211647383535,28.982142514103188
n2,3,top,218,5.4750000000000165,158.659263959987,1.1087352326360562,28.982139133071556
n2,3,top,219,5.500000000000017,158.65926504763155,1.1087500051155514,28.982139576291402
n2,3,top,220,5.525000000000017,158.6592661572261,1.10876294233805,28.982139719316923
n2,3,top,221,5.550000000000018,158.6592671704226,1.108775256257336,28.982139294011194
n2,3,top,222,5.575000000000018,158.6592696522601,1.1087670127574012,28.982150972180158
n2,3,top,223,5.600000000000018,158.65927194175444,1.1086590532038578,28.98211139278509
n2,3,top,224,5.625000000000019,158.6592735951735,1.1086898673550674,28.982131278857178
n2,3,top,225,5.650000000000019,158.65927505798084,1.1087187976702355,28.982141235650808
n2,3,top,226,5.675000000000019,158.6592759117434,1.1087326596586164,28.982137913577052
n2,3,top,227,5.70000000000002,158.65927696584995,1.1087472020939448,28.982138365818738
n2,3,top,228,5.72500000000002,158.65927804305295,1.1087599298690192,28.982138525291308
n2,3,top,229,5.75000000000002,158.6592791185022,1.108771305821138,28.98213846902672
n2,3,top,230,5.775000000000021,158.65927969153003,1.108783434628445,28.98213829443146
n2,3,top,231,5.800000000000021,158.65928495310544,1.108674621897759,28.982137720349318
n2,3,top,232,5.8250000000000215,158.6592854989011,1.1086844546319201,28.98213128850987
n2,3,top,233,5.850000000000022,158.65928673164845,1.1087104736319826,28.982138447261608
n2,3,top,234,5.875000000000022,158.65928766369242,1.1087270543416439,28.982137637491384
n2,3,top,235,5.900000000000023,158.65928866447805,1.1087416285733869,28.982137595492386
n2,3,top,236,5.925000000000023,158.65928970785455,1.1087545543009096,28.982137710581632
n2,3,top,237,5.950000000000023,158.65929076866158,1.1087660398000854,28.982137690654184
n2,3,top,238,5.975000000000024,158.6592915243292,1.1087779626695786,28.98213738226793
n2,3,top,239,6.000000000000024,158.6592973257369,1.1086960133426538,28.98216086600613
n2,3,top,240,6.025000000000024,158.65929712042515,1.1086733862512532,28.98212845635414
n2,3,top,241,6.050000000000025,158.65929826606708,1.1086989097964681,28.9821357377525
n2,3,top,242,6.075000000000025,158.6592992638357,1.1087186251891659,28.9821372102779
n2,3,top,243,6.100000000000025,158.65930020562618,1.10873365238195,28.982136653754537
n2,3,top,244,6.125000000000026,158.65930121594215,1.1087471617907478,28.982136779164048
n2,3,top,245,6.150000000000026,158.65930224979715,1.108759074159142,28.982136783607206
n2,3,top,246,6.1750000000000265,158.6593032786526,1.1087699502022015,28.982136681901462
n2,3,top,247,6.200000000000027,158.65930382853128,1.1087814877376543,28.982136541057287
n2,3,top,248,6.225000000000027,158.65930908878778,1.1086728504995458,28.98213681966749
n2,3,top,249,6.2500000000000275,158.65930955583198,1.1086811902419873,28.98212930316637
n2,3,top,250,6.275000000000028,158.65931075343664,1.1087070143522693,28.98213656241806
n2,3,top,251,6.300000000000028,158.6593116500889,1.1087234155109242,28.982135779050928
n2,3,top,252,6.325000000000029,158.65931261336863,1.1087377575320514,28.982135695711012
n2,3,top,253,6.350000000000029,158.65931362159856,1.1087504780845285,28.982135793001216
n2,3,top,254,6.375000000000029,158.65931464869635,1.1087617681777002,28.982135756037383
n2,3,top,255,6.40000000000003,158.65931551394513,1.108773195643587,28.98213529997192
n2,3,top,256,6.42500000000003,158.65931933346135,1.1087436821729628,28.982157583671306
n2,3,top,257,6.45000000000003,158.6593202154188,1.108654551655456,28.98210774500526
n2,3,top,258,6.475000000000031,158.65932180518004,1.108685314011659,28.982127847256173
n2,3,top,259,6.500000000000031,158.65932316396714,1.1087129889669223,28.982137162296056
n2,3,top,260,6.525000000000031,158.65932394993547,1.108726298039196,28.98213394014433
n2,3,top,261,6.550000000000032,158.65932493362612,1.1087402748303143,28.982134371412425
n2,3,top,262,6.575000000000032,158.65932594206842,1.1087524875051664,28.982134504660365
n2,3,top,263,6.6000000000000325,158.65932696476415,1.108763359939413,28.982134460809146
n2,3,top,264,6.625000000000033,158.6593277148274,1.1087747505446153,28.982134164118882
n2,3,top,265,6.650000000000033,158.65933366494957,1.1086977204632082,28.98216364974824
n2,3,top,266,6.675000000000034,158.65933329551774,1.108669361408729,28.98212637440286
n2,3,top,267,6.700000000000034,158.6593343289712,1.1086931896817451,28.982132148617072
n2,3,top,268,6.725000000000034,158.65933531174196,1.108713334440209,28.982134137852412
n2,3,top,269,6.750000000000035,158.65933622023215,1.1087283845237363,28.98213357419606
n2,3,top,270,6.775000000000035,158.65933719884663,1.1087418660883552,28.982133682695444
n2,3,top,271,6.800000000000035,158.6593382051521,1.1087537583341707,28.982133699091328
n2,3,top,272,6.825000000000036,158.65933923115338,1.1087644879106429,28.982133662578647
n2,3,top,273,6.850000000000036,158.65933988832637,1.108775889950662,28.98213340638647
n2,3,top,274,6.875000000000036,158.65934558409742,1.108685570977319,28.982151082592328
n2,3,top,275,6.900000000000037,158.65934544136965,1.1086705980768068,28.982124166528646
n2,3,top,276,6.925000000000037,158.65934660728772,1.1086967781504018,28.98213230090452
n2,3,top,277,6.9500000000000375,158.65934754948546,1.1087154579570266,28.98213312764662
n2,3,top,278,6.975000000000038,158.65934846819542,1.1087301251183193,28.98213264444957
n2,3,top,279,7.000000000000038,158.65934945396006,1.1087433170489376,28.9821327706599
n2,3,top,280,7.0250000000000385,158.65935046327468,1.108754960494657,28.982132758734608
n2,3,top,281,7.050000000000039,158.65935149184742,1.1087655186426366,28.982132713787774
n2,3,top,282,7.075000000000039,158.6593520642628,1.1087768470279658,28.98213246964808
n2,3,top,283,7.10000000000004,158.6593575446153,1.1086747719649894,28.982140224754207
n2,3,top,284,7.12500000000004,158.65935769565215,1.1086737019128725,28.982124271511974
n2,3,top,285,7.15000000000004,158.6593588825787,1.108699988600822,28.982132196901
n2,3,top,286,7.175000000000041,158.65935978227856,1.1087172234550458,28.982131957369013
n2,3,top,287,7.200000000000041,158.65936071771765,1.1087316883740204,28.982131714190473
n2,3,top,288,7.225000000000041,158.65936170809726,1.1087445915420953,28.9821318232222
n2,3,top,289,7.250000000000042,158.65936271984918,1.1087560121787543,28.982131791559652
n2,3,top,290,7.275000000000042,158.6593637092023,1.1087666825696434,28.982131601838148
n2,3,top,291,7.3000000000000425,158.65936424556043,1.1087776957718816,28.9821315811588
n2,3,top,292,7.325000000000043,158.659369480081,1.1086677852787756,28.98213114915574
n2,3,top,293,7.350000000000043,158.65936996098014,1.1086769310145945,28.982124524021383
n2,3,top,294,7.3750000000000435,158.6593711382975,1.1087025796592092,28.982131693336484
n2,3,top,295,7.400000000000044,158.65937201560865,1.1087188065845521,28.98213085018119
n2,3,top,296,7.425000000000044,158.65937296405065,1.1087330600926204,28.98213077508761
n2,3,top,297,7.450000000000045,158.65937395795066,1.10874570060739,28.982130864926468
n2,3,top,298,7.475000000000045,158.65937497191058,1.1087569281912217,28.982130822522965
n2,3,top,299,7.500000000000045,158.6593758852497,1.1087680661367074,28.982130379792906
n2,10,top,0,0.025000000000000022,-0.22111046944273138,0.0068865232217655325,21.36446539041716
n2,10,top,1,0.04999999999999999,-0.17453436504052164,0.009167913419490683,22.42690537132082
n2,10,top,2,0.07500000000000001,-0.1350226665163426,0.01110887265146758,23.286930201238423
n2,10,top,3,0.10000000000000003,-0.10326753844120598,0.012775453320407089,24.089101306130747
n2,10,top,4,0.12500000000000006,-0.0748520270853442,0.014231971419906685,24.874824037286608
n2,10,top,5,0.15000000000000008,-0.05036342741829269,0.015470128604842712,25.655871457836277
n2,10,top,6,0.1750000000000001,-0.029759088867257744,0.016511992376529037,26.435593089077777
n2,10,top,7,0.20000000000000012,-0.01244256684558911,0.017387816627666846,27.214938774957243
n2,10,top,8,0.22500000000000014,0.002108244844181927,0.01812393542454723,27.99417785888222
n2,10,top,9,0.25000000000000017,0.2629777233980712,0.020532922287813574,28.527937080503165
n2,10,top,10,0.2750000000000002,1.482575982803506,0.02927829328056263,28.707838318285535
n2,10,top,11,0.3000000000000002,3.679634995793718,0.04453912001247558,28.759672687334962
n2,10,top,12,0.32500000000000023,6.717415995926945,0.06543725365055818,28.774135954332117
n2,10,top,13,0.35000000000000026,10.465801020573462,0.09110205529651957,28.77814922800817
n2,10,top,14,0.3750000000000003,14.812413701093426,0.12078015504265258,28.77925968920115
n2,10,top,15,0.4000000000000003,19.662061207518796,0.15383374892394255,28.779565176551763
n2,10,top,16,0.4250000000000003,24.934543708531915,0.18972550673549604,28.77964854678048
n2,10,top,17,0.45000000000000034,30.56241990346741,0.22800379092655346,28.779669285947932
n2,10,top,18,0.47500000000000037,36.48898558797487,0.2682886045194506,28.779673035006812
n2,10,top,19,0.5000000000000004,42.66658297117174,0.3102605024501738,28.779672360422236
n2,10,top,20,0.5250000000000004,49.05515862651856,0.35365093796092945,28.779670694592053
n2,10,top,21,0.5500000000000003,55.62104725294805,0.39823406341214024,28.77966948278655
n2,10,top,22,0.5750000000000002,62.33595722755797,0.4438200748671564,28.77966825349947
n2,10,top,23,0.6000000000000001,69.17610996147351,0.49024936802952385,28.77966685954526
n2,10,top,24,0.625,76.12152318365003,0.5373878230148824,28.779665225170024
n2,10,top,25,0.6499999999999999,83.1553987642047,0.5851225392128069,28.7796640816112
n2,10,top,26,0.6749999999999998,90.2636236857207,0.6333587382884076,28.779662950713067
n2,10,top,27,0.6999999999999997,97.43433399499884,0.682016656283815,28.779662013159747
n2,10,top,28,0.7249999999999996,104.65755963081226,0.7310292242458708,28.77966120089594
n2,10,top,29,0.7499999999999996,111.92492107350115,0.7803400616596163,28.77966050845985
n2,10,top,30,0.7749999999999995,119.22937590267793,0.8299017628045079,28.779659905563758
n2,10,top,31,0.7999999999999994,126.56500539653422,0.8796744621577877,28.779659376468924
n2,10,top,32,0.8249999999999993,133.92683523197744,0.9296246346460786,28.779658910862363
n2,10,top,33,0.8499999999999992,141.31068479591318,0.9797240871753496,28.779658500694175
n2,10,top,34,0.8749999999999991,148.71304054058874,1.029949110303728,28.779658139184285
n2,10,top,35,0.899999999999999,156.13094954635497,1.0802797647391138,28.779657820463694
n2,10,top,36,0.9249999999999989,158.65772205324237,1.031886150845879,29.02691495695921
n2,10,top,37,0.9499999999999988,158.6584445787944,1.072255584599339,28.97186873878539
n2,10,top,38,0.9749999999999988,158.65799758741932,1.1191589365829036,28.984099034044323
n2,10,top,39,0.9999999999999987,158.657784693744,1.125702160859532,28.981679884122663
n2,10,top,40,1.0249999999999986,158.65789263461951,1.1236599072061897,28.982517216771434
n2,10,top,41,1.0499999999999985,158.65811798537405,1.117530003636201,28.983380979044444
n2,10,top,42,1.0749999999999984,158.6586117813104,1.1033452949194684,28.983262989991758
n2,10,top,43,1.0999999999999983,158.65855745529305,1.1006355231071905,28.9809074549859
n2,10,top,44,1.1249999999999982,158.65856106762976,1.103073421604622,28.98191776342163
n2,10,top,45,1.1499999999999981,158.65854605225195,1.1046954985236508,28.982101163188617
n2,10,top,46,1.174999999999998,158.65853180516416,1.1057896781566408,28.98209662636119
n2,10,top,47,1.199999999999998,158.6585247829817,1.1066314044606433,28.982101255364977
n2,10,top,48,1.2249999999999979,158.6585271763645,1.1072235945410476,28.982143808645684
n2,10,top,49,1.2499999999999978,158.65853211814192,1.107653975308506,28.982167577788413
n2,10,top,50,1.2749999999999977,158.65854119446385,1.1079417084083292,28.982192662387387
n2,10,top,51,1.2999999999999976,158.65855119933855,1.1081244588720853,28.982199936698525
n2,10,top,52,1.3249999999999975,158.6585619262059,1.1082779537771807,28.982215908957393
n2,10,top,53,1.3499999999999974,158.65857286010817,1.1084076245867798,28.982229569792857
n2,10,top,54,1.3749999999999973,158.65858376842613,1.1084986201442208,28.98223071576443
n2,10,top,55,1.3999999999999972,158.6585949029534,1.108562371361792,28.982228073063087
n2,10,top,56,1.4249999999999972,158.65860629721402,1.1086094721370354,28.982225795277994
n2,10,top,57,1.449999999999997,158.65861783180088,1.1086451056929536,28.982224263724554
n2,10,top,58,1.474999999999997,158.65862942262135,1.1086716349963324,28.982222898497596
n2,10,top,59,1.499999999999997,158.65864103280398,1.1086905969687215,28.982221438926896
n2,10,top,60,1.5249999999999968,158.6586526501917,1.1087041517110745,28.982220418261164
n2,10,top,61,1.5499999999999967,158.65866422714026,1.1087132719862864,28.98222003693793
n2,10,top,62,1.5749999999999966,158.65867575317534,1.108718497171084,28.982219842689464
n2,10,top,63,1.5999999999999965,158.6586872072417,1.1087209110732477,28.982220405260417
n2,10,top,64,1.6249999999999964,158.65869858524263,1.108721294894795,28.98222207989507
n2,10,top,65,1.6499999999999964,158.65870984855357,1.1087197607984975,28.982224296987347
n2,10,top,66,1.6749999999999963,158.65872100396726,1.1087175023640847,28.98222762570204
n2,10,top,67,1.6999999999999962,158.65873208718827,1.1087145476069609,28.982232967964485
n2,10,top,68,1.724999999999996,158.6587430730617,1.1087122683167572,28.982240547889045
n2,10,top,69,1.749999999999996,158.65874948079414,1.1087603912485864,28.982206237961087
n2,10,top,70,1.774999999999996,158.6587591606605,1.1087428404636033,28.9821926297276
n2,10,top,71,1.7999999999999958,158.6587701258278,1.1087333266157704,28.982206063272407
n2,10,top,72,1.8249999999999957,158.65878080895996,1.1087240551485027,28.98221744022057
n2,10,top,73,1.8499999999999956,158.6587911961528,1.1087155326085487,28.982229422509707
n2,10,top,74,1.8749999999999956,158.65879616269655,1.1087701200084337,28.982199536041872
n2,10,top,75,1.8999999999999955,158.65880643277853,1.1087404441256483,28.982199144497407
n2,10,top,76,1.9249999999999954,158.6588164982928,1.1087216089686511,28.98221032670235
n2,10,top,77,1.9499999999999953,158.65882648168446,1.1087154314932366,28.982230784065443
n2,10,top,78,1.9749999999999952,158.65883112213908,1.1087517388950092,28.98219361512359
n2,10,top,79,1.9999999999999951,158.65884071141477,1.108724161728162,28.982202602366897
n2,10,top,80,2.024999999999995,158.65885045960758,1.108716207741885,28.98222820339801
n2,10,top,81,2.049999999999995,158.65885464689387,1.108746266673448,28.98219076596884
n2,10,top,82,2.074999999999995,158.65886399213124,1.1087177037023492,28.98220480602087
n2,10,top,83,2.0999999999999948,158.65886798466602,1.108772079940749,28.982188688245092
n2,10,top,84,2.1249999999999947,158.65887706350549,1.1087256139033763,28.982189947055
n2,10,top,85,2.1499999999999946,158.65888643428016,1.1087143807785333,28.98222240167985
n2,10,top,86,2.1749999999999945,158.65888998388903,1.1087370117566464,28.982185101968764
n2,10,top,87,2.1999999999999944,158.6588990109741,1.1087150582708916,28.98221048591208
n2,10,top,88,2.2249999999999943,158.65890257315496,1.1087451986984371,28.982182994740352
n2,10,top,89,2.2499999999999942,158.65891135556663,1.1087138989577783,28.98220398440748
n2,10,top,90,2.274999999999994,158.65891476260884,1.1087480357642683,28.982180885952605
n2,10,top,91,2.299999999999994,158.65892337575417,1.1087134456206713,28.98220168603618
n2,10,top,92,2.324999999999994,158.6589265947258,1.1087459683540488,28.98217910662236
n2,10,top,93,2.349999999999994,158.65893513013003,1.1087140669952533,28.982203869526483
n2,10,top,94,2.374999999999994,158.65893807420346,1.1087388261919846,28.982177087114454
n2,10,top,95,2.3999999999999937,158.65894672977018,1.1087161002424823,28.982212069632833
n2,10,top,96,2.4249999999999936,158.65894932241682,1.1087286016654945,28.982176463020622
n2,10,top,97,2.4499999999999935,158.65895340675806,1.108779567009633,28.982183747274068
n2,10,top,98,2.4749999999999934,158.65895942229005,1.1087017831299744,28.982155660318096
n2,10,top,99,2.4999999999999933,158.65896358739457,1.1087614710310567,28.98217255859416
n2,10,top,100,2.5249999999999932,158.65897154490807,1.1087133959016628,28.98219044895561
n2,10,top,101,2.549999999999993,158.65897405971592,1.1087402786231217,28.982169904489172
n2,10,top,102,2.574999999999993,158.6589813555193,1.1087406312399604,28.9822065802477
n2,10,top,103,2.599999999999993,158.65898377507628,1.1087071043694496,28.98215538314739
n2,10,top,104,2.624999999999993,158.65898752031936,1.1087620061293535,28.98216986598513
n2,10,top,105,2.649999999999993,158.65899527125174,1.1087161879596839,28.982193194837787
n2,10,top,106,2.6749999999999927,158.65899726449902,1.108729010346729,28.98216473928653
n2,10,top,107,2.6999999999999926,158.65900048792736,1.1087798078799165,28.98217224514128
n2,10,top,108,2.7249999999999925,158.65900752408328,1.108709401002608,28.98217686362651
n2,10,top,109,2.7499999999999925,158.65900986292104,1.1087378072819591,28.982164354325253
n2,10,top,110,2.7749999999999924,158.65901275779558,1.1087866990158082,28.982171006706317
n2,10,top,111,2.7999999999999923,158.65901960214606,1.108707300140042,28.982170010076292
n2,10,top,112,2.824999999999992,158.6590220005911,1.1087392440359185,28.982163010214812
n2,10,top,113,2.849999999999992,158.65902482869035,1.1087857192727977,28.98216934069933
n2,10,top,114,2.874999999999992,158.6590315628115,1.1087068883127789,28.982170969719157
n2,10,top,115,2.899999999999992,158.65903369323482,1.1087335732139636,28.982160561523077
n2,10,top,116,2.924999999999992,158.6590366549096,1.1087778348894526,28.982167813124445
n2,10,top,117,2.9499999999999917,158.65904343025176,1.1087117942306068,28.982181287831416
n2,10,top,118,2.9749999999999917,158.659044993033,1.1087214151519498,28.982157185318126
n2,10,top,119,2.9999999999999916,158.65904781756265,1.1087650271077734,28.982165099683712
n2,10,top,120,3.0249999999999915,158.6590543438663,1.1087390824343228,28.982197255551583
n2,10,top,121,3.0499999999999914,158.65905562834766,1.1086995294351136,28.982145464498956
n2,10,top,122,3.0749999999999913,158.65905846211615,1.1087433671042686,28.982158601633394
n2,10,top,123,3.099999999999991,158.65906113205745,1.1087833335613775,28.982164881126415
n2,10,top,124,3.124999999999991,158.65906760038834,1.1087093198547973,28.982175640062163
n2,10,top,125,3.149999999999991,158.65906896413287,1.1087179042776225,28.982153577728884
n2,10,top,126,3.174999999999991,158.6590715368342,1.108758546219105,28.98216148648599
n2,10,top,127,3.199999999999991,158.65907345412558,1.108790852637515,28.982161175954623
n2,10,top,128,3.2249999999999908,158.6590797535918,1.1087017993894286,28.982161516327736
n2,10,top,129,3.2499999999999907,158.659081465642,1.1087242944090154,28.982153516165784
n2,10,top,130,3.2749999999999906,158.65908391979295,1.1087626821012686,28.982160629280543
n2,10,top,131,3.2999999999999905,158.65908563316503,1.1087919794645082,28.98215927859873
n2,10,top,132,3.3249999999999904,158.65909182495946,1.1087000121289212,28.98215861100601
n2,10,top,133,3.3499999999999903,158.65909347952697,1.1087226165588768,28.982152109426043
n2,10,top,134,3.3749999999999902,158.65909581549798,1.108759572546656,28.982159063433052
n2,10,top,135,3.39999999999999,158.65909760146434,1.1087871884029257,28.982157655300377
n2,10,top,136,3.42499999999999,158.6591038780865,1.1087035363176174,28.98216664787494
n2,10,top,137,3.44999999999999,158.65910503661786,1.1087130986408655,28.982149179520796
n2,10,top,138,3.47499999999999,158.65910727096397,1.1087498099735362,28.982156956029048
n2,10,top,139,3.49999999999999,158.6591092242812,1.10877662857778,28.982156817540687
n2,10,top,140,3.5249999999999897,158.65911589369836,1.1087221510798697,28.98219068085015
n2,10,top,141,3.5499999999999896,158.6591163001273,1.1086988100605037,28.9821469344354
n2,10,top,142,3.5749999999999895,158.65911827299297,1.1087319878793762,28.982152756178508
n2,10,top,143,3.59999999999999,158.65912025614656,1.1087622281615932,28.982155894163114
n2,10,top,144,3.6249999999999902,158.65912186062968,1.1087862698568067,28.982154471313407
n2,10,top,145,3.6499999999999906,158.65912805823015,1.10870396634212,28.982167542207808
n2,10,top,146,3.674999999999991,158.65912888528348,1.1087058345860228,28.982145716750782
n2,10,top,147,3.6999999999999913,158.65913091170063,1.108740476869077,28.98215366378937
n2,10,top,148,3.7249999999999917,158.65913267907274,1.1087659592265253,28.982153933575745
n2,10,top,149,3.749999999999992,158.65913410632504,1.1087886964517912,28.982153040708788
n2,10,top,150,3.7749999999999924,158.65914014065743,1.1086985684504254,28.982160609426824
n2,10,top,151,3.7999999999999927,158.65914105909255,1.108706377551603,28.982144890039393
n2,10,top,152,3.824999999999993,158.65914299988208,1.108739884715681,28.982152651780442
n2,10,top,153,3.8499999999999934,158.6591446520448,1.1087636544891362,28.982152386279527
n2,10,top,154,3.874999999999994,158.6591461230515,1.1087851336905632,28.982151623571355
n2,10,top,155,3.899999999999994,158.65915224661143,1.10870524384632,28.98216886564959
n2,10,top,156,3.9249999999999945,158.65915278219833,1.1086988668828766,28.98214248439152
n2,10,top,157,3.949999999999995,158.65915461463183,1.1087315076102078,28.982150462835392
n2,10,top,158,3.974999999999995,158.659156220019,1.1087559576089259,28.982151223813286
n2,10,top,159,3.9999999999999956,158.6591577952647,1.1087759015297152,28.982150721660222
n2,10,top,160,4.024999999999996,158.65916079646414,1.108774114960848,28.98216307394234
n2,10,top,161,4.049999999999996,158.65916341914786,1.108675050004307,28.98212223491873
n2,10,top,162,4.074999999999997,158.6591655787306,1.1087112128314784,28.982142125947888
n2,10,top,163,4.099999999999997,158.6591675429234,1.10874479096575,28.98215201557262
n2,10,top,164,4.124999999999997,158.6591688942278,1.1087628625204147,28.98214864960117
n2,10,top,165,4.149999999999998,158.65917033492278,1.108781944518453,28.98214869966148
n2,10,top,166,4.174999999999998,158.65917648788405,1.1087120526670387,28.982175983495498
n2,10,top,167,4.199999999999998,158.65917668034862,1.1086913118920574,28.98214049438805
n2,10,top,168,4.224999999999999,158.65917824487119,1.1087205067447663,28.982146676750403
n2,10,top,169,4.249999999999999,158.65917972677858,1.1087448420322699,28.98214849757012
n2,10,top,170,4.2749999999999995,158.65918113343872,1.1087638122349708,28.98214792959698
n2,10,top,171,4.3,158.6591824725432,1.1087817266005242,28.982147622012626
n2,10,top,172,4.325,158.65918860741172,1.1087112524458687,28.982175694807044
n2,10,top,173,4.3500000000000005,158.6591887099867,1.1086890091362769,28.98213954749322
n2,10,top,174,4.375000000000001,158.6591901913151,1.1087172773621912,28.982145499420877
n2,10,top,175,4.400000000000001,158.65919160342617,1.1087410496058148,28.98214737408685
n2,10,top,176,4.425000000000002,158.6591929384842,1.1087594585960063,28.982146796072097
n2,10,top,177,4.450000000000002,158.65919433527847,1.1087760282777082,28.98214688293236
n2,10,top,178,4.475000000000002,158.65919542118334,1.108790064889722,28.982147986289913
n2,10,top,179,4.500000000000003,158.65919978491695,1.1086724907532,28.98212386762936
n2,10,top,180,4.525000000000003,158.65920151173043,1.1087024528239613,28.982138611118458
n2,10,top,181,4.550000000000003,158.65920321423226,1.1087333440812335,28.982147851504976
n2,10,top,182,4.575000000000004,158.65920437229389,1.1087501382522764,28.982145011739185
n2,10,top,183,4.600000000000004,158.6592057001252,1.1087668769982233,28.982145335608116
n2,10,top,184,4.625000000000004,158.65920680515805,1.108782908161864,28.982145017915045
n2,10,top,185,4.650000000000005,158.65921274787135,1.1087039278936752,28.982167299031964
n2,10,top,186,4.675000000000005,158.65921283528135,1.1086858513234565,28.98213594305842
n2,10,top,187,4.7000000000000055,158.65921426806793,1.1087141781305092,28.982143437099456
n2,10,top,188,4.725000000000006,158.6592155348101,1.1087360820003742,28.982144809140703
n2,10,top,189,4.750000000000006,158.65921674611857,1.108753190208636,28.982144260303045
n2,10,top,190,4.775000000000007,158.65921802096514,1.1087686286198195,28.982144384714402
n2,10,top,191,4.800000000000007,158.65921899129395,1.1087837552399553,28.982144015814907
n2,10,top,192,4.825000000000007,158.65922482808836,1.1086965568011569,28.9821608136599
n2,10,top,193,4.850000000000008,158.6592249570961,1.108685608948821,28.982134800437773
n2,10,top,194,4.875000000000008,158.65922637705177,1.1087140703648544,28.982142897650235
n2,10,top,195,4.900000000000008,158.6592275645894,1.1087346646361498,28.982143639412524
n2,10,top,196,4.925000000000009,158.65922872831143,1.1087511602264244,28.982143179571306
n2,10,top,197,4.950000000000009,158.65922995197826,1.1087660185501589,28.982143302452474
n2,10,top,198,4.975000000000009,158.65923097881083,1.1087803660897935,28.98214285892394
n2,10,top,199,5.00000000000001,158.6592370398911,1.1087071820346122,28.982172622006132
n2,10,top,200,5.02500000000001,158.6592368645826,1.1086808332675369,28.982135053548784
n2,10,top,201,5.0500000000000105,158.65923809384356,1.1087063825234553,28.98214067490238
n2,10,top,202,5.075000000000011,158.65923927754991,1.108728216508733,28.982142699114313
n2,10,top,203,5.100000000000011,158.6592403802412,1.1087447499591128,28.982142119454245
n2,10,top,204,5.1250000000000115,158.6592415478596,1.1087595799588084,28.982142211982925
n2,10,top,205,5.150000000000012,158.65924273785217,1.1087727148527253,28.982142214785043
n2,10,top,206,5.175000000000012,158.65924340645898,1.1087863204148372,28.982141878997243
n2,10,top,207,5.200000000000013,158.65924875847963,1.1086792096008222,28.982141490469335
n2,10,top,208,5.225000000000013,158.6592493974486,1.1086898071629911,28.982134772465475
n2,10,top,209,5.250000000000013,158.65925073184343,1.108716727323935,28.98214191047352
n2,10,top,210,5.275000000000014,158.6592517648588,1.1087341345420316,28.982141088592492
n2,10,top,211,5.300000000000014,158.65925286381423,1.1087494440938999,28.982141015528725
n2,10,top,212,5.325000000000014,158.6592540035198,1.10876305107078,28.982141106234785
n2,10,top,213,5.350000000000015,158.65925507181333,1.1087758394532676,28.98214072821311
n2,10,top,214,5.375000000000015,158.65925786441977,1.1087639990942806,28.982154768615544
n2,10,top,215,5.4000000000000155,158.65925986557454,1.1086603670686905,28.982112197070713
n2,10,top,216,5.425000000000016,158.6592615752509,1.1086919396664063,28.982132570203305
n2,10,top,217,5.450000000000016,158.659263074159,1.1087211647383535,28.982142514103188
n2,10,top,218,5.4750000000000165,158.659263959987,1.1087352326360562,28.982139133071556
n2,10,top,219,5.500000000000017,158.65926504763155,1.1087500051155514,28.982139576291402
n2,10,top,220,5.525000000000017,158.6592661572261,1.10876294233805,28.982139719316923
n2,10,top,221,5.550000000000018,158.6592671704226,1.108775256257336,28.982139294011194
n2,10,top,222,5.575000000000018,158.6592696522601,1.1087670127574012,28.982150972180158
n2,10,top,223,5.600000000000018,158.65927194175444,1.1086590532038578,28.98211139278509
n2,10,top,224,5.625000000000019,158.6592735951735,1.1086898673550674,28.982131278857178
n2,10,top,225,5.650000000000019,158.65927505798084,1.1087187976702355,28.982141235650808
n2,10,top,226,5.675000000000019,158.6592759117434,1.1087326596586164,28.982137913577052
n2,10,top,227,5.70000000000002,158.65927696584995,1.1087472020939448,28.982138365818738
n2,10,top,228,5.72500000000002,158.65927804305295,1.1087599298690192,28.982138525291308
n2,10,top,229,5.75000000000002,158.6592791185022,1.108771305821138,28.98213846902672
n2,10,top,230,5.775000000000021,158.65927969153003,1.108783434628445,28.98213829443146
n2,10,top,231,5.800000000000021,158.65928495310544,1.108674621897759,28.982137720349318
n2,10,top,232,5.8250000000000215,158.6592854989011,1.1086844546319201,28.98213128850987
n2,10,top,233,5.850000000000022,158.65928673164845,1.1087104736319826,28.982138447261608
n2,10,top,234,5.875000000000022,158.65928766369242,1.1087270543416439,28.982137637491384
n2,10,top,235,5.900000000000023,158.65928866447805,1.1087416285733869,28.982137595492386
n2,10,top,236,5.925000000000023,158.65928970785455,1.1087545543009096,28.982137710581632
n2,10,top,237,5.950000000000023,158.65929076866158,1.1087660398000854,28.982137690654184
n2,10,top,238,5.975000000000024,158.6592915243292,1.1087779626695786,28.98213738226793
n2,10,top,239,6.000000000000024,158.6592973257369,1.1086960133426538,28.98216086600613
n2,10,top,240,6.025000000000024,158.65929712042515,1.1086733862512532,28.98212845635414
n2,10,top,241,6.050000000000025,158.65929826606708,1.1086989097964681,28.9821357377525
n2,10,top,242,6.075000000000025,158.6592992638357,1.1087186251891659,28.9821372102779
n2,10,top,243,6.100000000000025,158.65930020562618,1.10873365238195,28.982136653754537
n2,10,top,244,6.125000000000026,158.65930121594215,1.1087471617907478,28.982136779164048
n2,10,top,245,6.150000000000026,158.65930224979715,1.108759074159142,28.982136783607206
n2,10,top,246,6.1750000000000265,158.6593032786526,1.1087699502022015,28.982136681901462
n2,10,top,247,6.200000000000027,158.65930382853128,1.1087814877376543,28.982136541057287
n2,10,top,248,6.225000000000027,158.65930908878778,1.1086728504995458,28.98213681966749
n2,10,top,249,6.2500000000000275,158.65930955583198,1.1086811902419873,28.98212930316637
n2,10,top,250,6.275000000000028,158.65931075343664,1.1087070143522693,28.98213656241806
n2,10,top,251,6.300000000000028,158.6593116500889,1.1087234155109242,28.982135779050928
n2,10,top,252,6.325000000000029,158.65931261336863,1.1087377575320514,28.982135695711012
n2,10,top,253,6.350000000000029,158.65931362159856,1.1087504780845285,28.982135793001216
n2,10,top,254,6.375000000000029,158.65931464869635,1.1087617681777002,28.982135756037383
n2,10,top,255,6.40000000000003,158.65931551394513,1.108773195643587,28.98213529997192
n2,10,top,256,6.42500000000003,158.65931933346135,1.1087436821729628,28.982157583671306
n2,10,top,257,6.45000000000003,158.6593202154188,1.108654551655456,28.98210774500526
n2,10,top,258,6.475000000000031,158.65932180518004,1.108685314011659,28.982127847256173
n2,10,top,259,6.500000000000031,158.65932316396714,1.1087129889669223,28.982137162296056
n2,10,top,260,6.525000000000031,158.65932394993547,1.108726298039196,28.98213394014433
n2,10,top,261,6.550000000000032,158.65932493362612,1.1087402748303143,28.982134371412425
n2,10,top,262,6.575000000000032,158.65932594206842,1.1087524875051664,28.982134504660365
n2,10,top,263,6.6000000000000325,158.65932696476415,1.108763359939413,28.982134460809146
n2,10,top,264,6.625000000000033,158.6593277148274,1.1087747505446153,28.982134164118882
n2,10,top,265,6.650000000000033,158.65933366494957,1.1086977204632082,28.98216364974824
n2,10,top,266,6.675000000000034,158.65933329551774,1.108669361408729,28.98212637440286
n2,10,top,267,6.700000000000034,158.6593343289712,1.1086931896817451,28.982132148617072
n2,10,top,268,6.725000000000034,158.65933531174196,1.108713334440209,28.982134137852412
n2,10,top,269,6.750000000000035,158.65933622023215,1.1087283845237363,28.98213357419606
n2,10,top,270,6.775000000000035,158.65933719884663,1.1087418660883552,28.982133682695444
n2,10,top,271,6.800000000000035,158.6593382051521,1.1087537583341707,28.982133699091328
n2,10,top,272,6.825000000000036,158.65933923115338,1.1087644879106429,28.982133662578647
n2,10,top,273,6.850000000000036,158.65933988832637,1.108775889950662,28.98213340638647
n2,10,top,274,6.875000000000036,158.65934558409742,1.108685570977319,28.982151082592328
n2,10,top,275,6.900000000000037,158.65934544136965,1.1086705980768068,28.982124166528646
n2,10,top,276,6.925000000000037,158.65934660728772,1.1086967781504018,28.98213230090452
n2,10,top,277,6.9500000000000375,158.65934754948546,1.1087154579570266,28.98213312764662
n2,10,top,278,6.975000000000038,158.65934846819542,1.1087301251183193,28.98213264444957
n2,10,top,279,7.000000000000038,158.65934945396006,1.1087433170489376,28.9821327706599
n2,10,top,280,7.0250000000000385,158.65935046327468,1.108754960494657,28.982132758734608
n2,10,top,281,7.050000000000039,158.65935149184742,1.1087655186426366,28.982132713787774
n2,10,top,282,7.075000000000039,158.6593520642628,1.1087768470279658,28.98213246964808
n2,10,top,283,7.10000000000004,158.6593575446153,1.1086747719649894,28.982140224754207
n2,10,top,284,7.12500000000004,158.65935769565215,1.1086737019128725,28.982124271511974
n2,10,top,285,7.15000000000004,158.6593588825787,1.108699988600822,28.982132196901
n2,10,top,286,7.175000000000041,158.65935978227856,1.1087172234550458,28.982131957369013
n2,10,top,287,7.200000000000041,158.65936071771765,1.1087316883740204,28.982131714190473
n2,10,top,288,7.225000000000041,158.65936170809726,1.1087445915420953,28.9821318232222
n2,10,top,289,7.250000000000042,158.65936271984918,1.1087560121787543,28.982131791559652
n2,10,top,290,7.275000000000042,158.6593637092023,1.1087666825696434,28.982131601838148
n2,10,top,291,7.3000000000000425,158.65936424556043,1.1087776957718816,28.9821315811588
n2,10,top,292,7.325000000000043,158.659369480081,1.1086677852787756,28.98213114915574
n2,10,top,293,7.350000000000043,158.65936996098014,1.1086769310145945,28.982124524021383
n2,10,top,294,7.3750000000000435,158.6593711382975,1.1087025796592092,28.982131693336484
n2,10,top,295,7.400000000000044,158.65937201560865,1.1087188065845521,28.98213085018119
n2,10,top,296,7.425000000000044,158.65937296405065,1.1087330600926204,28.98213077508761
n2,10,top,297,7.450000000000045,158.65937395795066,1.10874570060739,28.982130864926468
n2,10,top,298,7.475000000000045,158.65937497191058,1.1087569281912217,28.982130822522965
n2,10,top,299,7.500000000000045,158.6593758852497,1.1087680661367074,28.982130379792906
n2,11,top,0,0.025000000000000022,-0.22111046944273138,0.0068865232217655325,21.36446539041716
n2,11,top,1,0.04999999999999999,-0.17453436504052164,0.009167913419490683,22.42690537132082
n2,11,top,2,0.07500000000000001,-0.1350226665163426,0.01110887265146758,23.286930201238423
n2,11,top,3,0.10000000000000003,-0.10326753844120598,0.012775453320407089,24.089101306130747
n2,11,top,4,0.12500000000000006,-0.0748520270853442,0.014231971419906685,24.874824037286608
n2,11,top,5,0.15000000000000008,-0.05036342741829269,0.015470128604842712,25.655871457836277
n2,11,top,6,0.1750000000000001,-0.029759088867257744,0.016511992376529037,26.435593089077777
n2,11,top,7,0.20000000000000012,-0.01244256684558911,0.017387816627666846,27.214938774957243
n2,11,top,8,0.22500000000000014,0.002108244844181927,0.01812393542454723,27.99417785888222
n2,11,top,9,0.25000000000000017,0.2629777233980712,0.020532922287813574,28.527937080503165
n2,11,top,10,0.2750000000000002,1.482575982803506,0.02927829328056263,28.707838318285535
n2,11,top,11,0.3000000000000002,3.679634995793718,0.04453912001247558,28.759672687334962
n2,11,top,12,0.32500000000000023,6.717415995926945,0.06543725365055818,28.774135954332117
n2,11,top,13,0.35000000000000026,10.465801020573462,0.09110205529651957,28.77814922800817
n2,11,top,14,0.3750000000000003,14.812413701093426,0.12078015504265258,28.77925968920115
n2,11,top,15,0.4000000000000003,19.662061207518796,0.15383374892394255,28.779565176551763
n2,11,top,16,0.4250000000000003,24.934543708531915,0.18972550673549604,28.77964854678048
n2,11,top,17,0.45000000000000034,30.56241990346741,0.22800379092655346,28.779669285947932
n2,11,top,18,0.47500000000000037,36.48898558797487,0.2682886045194506,28.779673035006812
n2,11,top,19,0.5000000000000004,42.66658297117174,0.3102605024501738,28.779672360422236
n2,11,top,20,0.5250000000000004,49.05515862651856,0.35365093796092945,28.779670694592053
n2,11,top,21,0.5500000000000003,55.62104725294805,0.39823406341214024,28.77966948278655
n2,11,top,22,0.5750000000000002,62.33595722755797,0.4438200748671564,28.77966825349947
n2,11,top,23,0.6000000000000001,69.17610996147351,0.49024936802952385,28.77966685954526
n2,11,top,24,0.625,76.12152318365003,0.5373878230148824,28.779665225170024
n2,11,top,25,0.6499999999999999,83.1553987642047,0.5851225392128069,28.7796640816112
n2,11,top,26,0.6749999999999998,90.2636236857207,0.6333587382884076,28.779662950713067
n2,11,top,27,0.6999999999999997,97.43433399499884,0.682016656283815,28.779662013159747
n2,11,top,28,0.7249999999999996,104.65755963081226,0.7310292242458708,28.77966120089594
n2,11,top,29,0.7499999999999996,111.92492107350115,0.7803400616596163,28.77966050845985
n2,11,top,30,0.7749999999999995,119.22937590267793,0.8299017628045079,28.779659905563758
n2,11,top,31,0.7999999999999994,126.56500539653422,0.8796744621577877,28.779659376468924
n2,11,top,32,0.8249999999999993,133.92683523197744,0.9296246346460786,28.779658910862363
n2,11,top,33,0.8499999999999992,141.31068479591318,0.9797240871753496,28.779658500694175
n2,11,top,34,0.8749999999999991,148.71304054058874,1.029949110303728,28.779658139184285
n2,11,top,35,0.899999999999999,156.13094954635497,1.0802797647391138,28.779657820463694
n2,11,top,36,0.9249999999999989,158.65772205324237,1.031886150845879,29.02691495695921
n2,11,top,37,0.9499999999999988,158.6584445787944,1.072255584599339,28.97186873878539
n2,11,top,38,0.9749999999999988,158.65799758741932,1.1191589365829036,28.984099034044323
n2,11,top,39,0.9999999999999987,158.657784693744,1.125702160859532,28.981679884122663
n2,11,top,40,1.0249999999999986,158.65789263461951,1.1236599072061897,28.982517216771434
n2,11,top,41,1.0499999999999985,158.65811798537405,1.117530003636201,28.983380979044444
n2,11,top,42,1.0749999999999984,158.6586117813104,1.1033452949194684,28.983262989991758
n2,11,top,43,1.0999999999999983,158.65855745529305,1.1006355231071905,28.9809074549859
n2,11,top,44,1.1249999999999982,158.65856106762976,1.103073421604622,28.98191776342163
n2,11,top,45,1.1499999999999981,158.65854605225195,1.1046954985236508,28.982101163188617
n2,11,top,46,1.174999999999998,158.65853180516416,1.1057896781566408,28.98209662636119
n2,11,top,47,1.199999999999998,158.6585247829817,1.1066314044606433,28.982101255364977
n2,11,top,48,1.2249999999999979,158.6585271763645,1.1072235945410476,28.982143808645684
n2,11,top,49,1.2499999999999978,158.65853211814192,1.107653975308506,28.982167577788413
n2,11,top,50,1.2749999999999977,158.65854119446385,1.1079417084083292,28.982192662387387
n2,11,top,51,1.2999999999999976,158.65855119933855,1.1081244588720853,28.982199936698525
n2,11,top,52,1.3249999999999975,158.6585619262059,1.1082779537771807,28.982215908957393
n2,11,top,53,1.3499999999999974,158.65857286010817,1.1084076245867798,28.982229569792857
n2,11,top,54,1.3749999999999973,158.65858376842613,1.1084986201442208,28.98223071576443
n2,11,top,55,1.3999999999999972,158.6585949029534,1.108562371361792,28.982228073063087
n2,11,top,56,1.4249999999999972,158.65860629721402,1.1086094721370354,28.982225795277994
n2,11,top,57,1.449999999999997,158.65861783180088,1.1086451056929536,28.982224263724554
n2,11,top,58,1.474999999999997,158.65862942262135,1.1086716349963324,28.982222898497596
n2,11,top,59,1.499999999999997,158.65864103280398,1.1086905969687215,28.982221438926896
n2,11,top,60,1.5249999999999968,158.6586526501917,1.1087041517110745,28.982220418261164
n2,11,top,61,1.5499999999999967,158.65866422714026,1.1087132719862864,28.98222003693793
n2,11,top,62,1.5749999999999966,158.65867575317534,1.108718497171084,28.982219842689464
n2,11,top,63,1.5999999999999965,158.6586872072417,1.1087209110732477,28.982220405260417
n2,11,top,64,1.6249999999999964,158.65869858524263,1.108721294894795,28.98222207989507
n2,11,top,65,1.6499999999999964,158.65870984855357,1.1087197607984975,28.982224296987347
n2,11,top,66,1.6749999999999963,158.65872100396726,1.1087175023640847,28.98222762570204
n2,11,top,67,1.6999999999999962,158.65873208718827,1.1087145476069609,28.982232967964485
n2,11,top,68,1.724999999999996,158.6587430730617,1.1087122683167572,28.982240547889045
n2,11,top,69,1.749999999999996,158.65874948079414,1.1087603912485864,28.982206237961087
n2,11,top,70,1.774999999999996,158.6587591606605,1.1087428404636033,28.9821926297276
n2,11,top,71,1.7999999999999958,158.6587701258278,1.1087333266157704,28.982206063272407
n2,11,top,72,1.8249999999999957,158.65878080895996,1.1087240551485027,28.98221744022057
n2,11,top,73,1.8499999999999956,158.6587911961528,1.1087155326085487,28.982229422509707
n2,11,top,74,1.8749999999999956,158.65879616269655,1.1087701200084337,28.982199536041872
n2,11,top,75,1.8999999999999955,158.65880643277853,1.1087404441256483,28.982199144497407
n2,11,top,76,1.9249999999999954,158.6588164982928,1.1087216089686511,28.98221032670235
n2,11,top,77,1.9499999999999953,158.65882648168446,1.1087154314932366,28.982230784065443
n2,11,top,78,1.9749999999999952,158.65883112213908,1.1087517388950092,28.98219361512359
n2,11,top,79,1.9999999999999951,158.65884071141477,1.108724161728162,28.982202602366897
n2,11,top,80,2.024999999999995,158.65885045960758,1.108716207741885,28.98222820339801
n2,11,top,81,2.049999999999995,158.65885464689387,1.108746266673448,28.98219076596884
n2,11,top,82,2.074999999999995,158.65886399213124,1.1087177037023492,28.98220480602087
n2,11,top,83,2.0999999999999948,158.65886798466602,1.108772079940749,28.982188688245092
n2,11,top,84,2.1249999999999947,158.65887706350549,1.1087256139033763,28.982189947055
n2,11,top,85,2.1499999999999946,158.65888643428016,1.1087143807785333,28.98222240167985
n2,11,top,86,2.1749999999999945,158.65888998388903,1.1087370117566464,28.982185101968764
n2,11,top,87,2.1999999999999944,158.6588990109741,1.1087150582708916,28.98221048591208
n2,11,top,88,2.2249999999999943,158.65890257315496,1.1087451986984371,28.982182994740352
n2,11,top,89,2.2499999999999942,158.65891135556663,1.1087138989577783,28.98220398440748
n2,11,top,90,2.274999999999994,158.65891476260884,1.1087480357642683,28.982180885952605
n2,11,top,91,2.299999999999994,158.65892337575417,1.1087134456206713,28.98220168603618
n2,11,top,92,2.324999999999994,158.6589265947258,1.1087459683540488,28.98217910662236
n2,11,top,93,2.349999999999994,158.65893513013003,1.1087140669952533,28.982203869526483
n2,11,top,94,2.374999999999994,158.65893807420346,1.1087388261919846,28.982177087114454
n2,11,top,95,2.3999999999999937,158.65894672977018,1.1087161002424823,28.982212069632833
n2,11,top,96,2.4249999999999936,158.65894932241682,1.1087286016654945,28.982176463020622
n2,11,top,97,2.4499999999999935,158.65895340675806,1.108779567009633,28.982183747274068
n2,11,top,98,2.4749999999999934,158.65895942229005,1.1087017831299744,28.982155660318096
n2,11,top,99,2.4999999999999933,158.65896358739457,1.1087614710310567,28.98217255859416
n2,11,top,100,2.5249999999999932,158.65897154490807,1.1087133959016628,28.98219044895561
n2,11,top,101,2.549999999999993,158.65897405971592,1.1087402786231217,28.982169904489172
n2,11,top,102,2.574999999999993,158.6589813555193,1.1087406312399604,28.9822065802477
n2,11,top,103,2.599999999999993,158.65898377507628,1.1087071043694496,28.98215538314739
n2,11,top,104,2.624999999999993,158.65898752031936,1.1087620061293535,28.98216986598513
n2,11,top,105,2.649999999999993,158.65899527125174,1.1087161879596839,28.982193194837787
n2,11,top,106,2.6749999999999927,158.65899726449902,1.108729010346729,28.98216473928653
n2,11,top,107,2.6999999999999926,158.65900048792736,1.1087798078799165,28.98217224514128
n2,11,top,108,2.7249999999999925,158.65900752408328,1.108709401002608,28.98217686362651
n2,11,top,109,2.7499999999999925,158.65900986292104,1.1087378072819591,28.982164354325253
n2,11,top,110,2.7749999999999924,158.65901275779558,1.1087866990158082,28.982171006706317
n2,11,top,111,2.7999999999999923,158.65901960214606,1.108707300140042,28.982170010076292
n2,11,top,112,2.824999999999992,158.6590220005911,1.1087392440359185,28.982163010214812
n2,11,top,113,2.849999999999992,158.65902482869035,1.1087857192727977,28.98216934069933
n2,11,top,114,2.874999999999992,158.6590315628115,1.1087068883127789,28.982170969719157
n2,11,top,115,2.899999999999992,158.65903369323482,1.1087335732139636,28.982160561523077
n2,11,top,116,2.924999999999992,158.6590366549096,1.1087778348894526,28.982167813124445
n2,11,top,117,2.9499999999999917,158.65904343025176,1.1087117942306068,28.982181287831416
n2,11,top,118,2.9749999999999917,158.659044993033,1.1087214151519498,28.982157185318126
n2,11,top,119,2.9999999999999916,158.65904781756265,1.1087650271077734,28.982165099683712
n2,11,top,120,3.0249999999999915,158.6590543438663,1.1087390824343228,28.982197255551583
n2,11,top,121,3.0499999999999914,158.65905562834766,1.1086995294351136,28.982145464498956
n2,11,top,122,3.0749999999999913,158.65905846211615,1.1087433671042686,28.982158601633394
n2,11,top,123,3.099999999999991,158.65906113205745,1.1087833335613775,28.982164881126415
n2,11,top,124,3.124999999999991,158.65906760038834,1.1087093198547973,28.982175640062163
n2,11,top,125,3.149999999999991,158.65906896413287,1.1087179042776225,28.982153577728884
n2,11,top,126,3.174999999999991,158.6590715368342,1.108758546219105,28.98216148648599
n2,11,top,127,3.199999999999991,158.65907345412558,1.108790852637515,28.982161175954623
n2,11,top,128,3.2249999999999908,158.6590797535918,1.1087017993894286,28.982161516327736
n2,11,top,129,3.2499999999999907,158.659081465642,1.1087242944090154,28.982153516165784
n2,11,top,130,3.2749999999999906,158.65908391979295,1.1087626821012686,28.982160629280543
n2,11,top,131,3.2999999999999905,158.65908563316503,1.1087919794645082,28.98215927859873
n2,11,top,132,3.3249999999999904,158.65909182495946,1.1087000121289212,28.98215861100601
n2,11,top,133,3.3499999999999903,158.65909347952697,1.1087226165588768,28.982152109426043
n2,11,top,134,3.3749999999999902,158.65909581549798,1.108759572546656,28.982159063433052
n2,11,top,135,3.39999999999999,158.65909760146434,1.1087871884029257,28.982157655300377
n2,11,top,136,3.42499999999999,158.6591038780865,1.1087035363176174,28.98216664787494
n2,11,top,137,3.44999999999999,158.65910503661786,1.1087130986408655,28.982149179520796
n2,11,top,138,3.47499999999999,158.65910727096397,1.1087498099735362,28.982156956029048
n2,11,top,139,3.49999999999999,158.6591092242812,1.10877662857778,28.982156817540687
n2,11,top,140,3.5249999999999897,158.65911589369836,1.1087221510798697,28.98219068085015
n2,11,top,141,3.5499999999999896,158.6591163001273,1.1086988100605037,28.9821469344354
n2,11,top,142,3.5749999999999895,158.65911827299297,1.1087319878793762,28.982152756178508
n2,11,top,143,3.59999999999999,158.65912025614656,1.1087622281615932,28.982155894163114
n2,11,top,144,3.6249999999999902,158.65912186062968,1.1087862698568067,28.982154471313407
n2,11,top,145,3.6499999999999906,158.65912805823015,1.10870396634212,28.982167542207808
n2,11,top,146,3.674999999999991,158.65912888528348,1.1087058345860228,28.982145716750782
n2,11,top,147,3.6999999999999913,158.65913091170063,1.108740476869077,28.98215366378937
n2,11,top,148,3.7249999999999917,158.65913267907274,1.1087659592265253,28.982153933575745
n2,11,top,149,3.749999999999992,158.65913410632504,1.1087886964517912,28.982153040708788
n2,11,top,150,3.7749999999999924,158.65914014065743,1.1086985684504254,28.982160609426824
n2,11,top,151,3.7999999999999927,158.65914105909255,1.108706377551603,28.982144890039393
n2,11,top,152,3.824999999999993,158.65914299988208,1.108739884715681,28.982152651780442
n2,11,top,153,3.8499999999999934,158.6591446520448,1.1087636544891362,28.982152386279527
n2,11,top,154,3.874999999999994,158.6591461230515,1.1087851336905632,28.982151623571355
n2,11,top,155,3.899999999999994,158.65915224661143,1.10870524384632,28.98216886564959
n2,11,top,156,3.9249999999999945,158.65915278219833,1.1086988668828766,28.98214248439152
n2,11,top,157,3.949999999999995,158.65915461463183,1.1087315076102078,28.982150462835392
n2,11,top,158,3.974999999999995,158.659156220019,1.1087559576089259,28.982151223813286
n2,11,top,159,3.9999999999999956,158.6591577952647,1.1087759015297152,28.982150721660222
n2,11,top,160,4.024999999999996,158.65916079646414,1.108774114960848,28.98216307394234
n2,11,top,161,4.049999999999996,158.65916341914786,1.108675050004307,28.98212223491873
n2,11,top,162,4.074999999999997,158.6591655787306,1.1087112128314784,28.982142125947888
n2,11,top,163,4.099999999999997,158.6591675429234,1.10874479096575,28.98215201557262
n2,11,top,164,4.124999999999997,158.6591688942278,1.1087628625204147,28.98214864960117
n2,11,top,165,4.149999999999998,158.65917033492278,1.108781944518453,28.98214869966148
n2,11,top,166,4.174999999999998,158.65917648788405,1.1087120526670387,28.982175983495498
n2,11,top,167,4.199999999999998,158.65917668034862,1.1086913118920574,28.98214049438805
n2,11,top,168,4.224999999999999,158.65917824487119,1.1087205067447663,28.982146676750403
n2,11,top,169,4.249999999999999,158.65917972677858,1.1087448420322699,28.98214849757012
n2,11,top,170,4.2749999999999995,158.65918113343872,1.1087638122349708,28.98214792959698
n2,11,top,171,4.3,158.6591824725432,1.1087817266005242,28.982147622012626
n2,11,top,172,4.325,158.65918860741172,1.1087112524458687,28.982175694807044
n2,11,top,173,4.3500000000000005,158.6591887099867,1.1086890091362769,28.98213954749322
n2,11,top,174,4.375000000000001,158.6591901913151,1.1087172773621912,28.982145499420877
n2,11,top,175,4.400000000000001,158.65919160342617,1.1087410496058148,28.98214737408685
n2,11,top,176,4.425000000000002,158.6591929384842,1.1087594585960063,28.982146796072097
n2,11,top,177,4.450000000000002,158.65919433527847,1.1087760282777082,28.98214688293236
n2,11,top,178,4.475000000000002,158.65919542118334,1.108790064889722,28.982147986289913
n2,11,top,179,4.500000000000003,158.65919978491695,1.1086724907532,28.98212386762936
n2,11,top,180,4.525000000000003,158.65920151173043,1.1087024528239613,28.982138611118458
n2,11,top,181,4.550000000000003,158.65920321423226,1.1087333440812335,28.982147851504976
n2,11,top,182,4.575000000000004,158.65920437229389,1.1087501382522764,28.982145011739185
n2,11,top,183,4.600000000000004,158.6592057001252,1.1087668769982233,28.982145335608116
n2,11,top,184,4.625000000000004,158.65920680515805,1.108782908161864,28.982145017915045
n2,11,top,185,4.650000000000005,158.65921274787135,1.1087039278936752,28.982167299031964
n2,11,top,186,4.675000000000005,158.65921283528135,1.1086858513234565,28.98213594305842
n2,11,top,187,4.7000000000000055,158.65921426806793,1.1087141781305092,28.982143437099456
n2,11,top,188,4.725000000000006,158.6592155348101,1.1087360820003742,28.982144809140703
n2,11,top,189,4.750000000000006,158.65921674611857,1.108753190208636,28.982144260303045
n2,11,top,190,4.775000000000007,158.65921802096514,1.1087686286198195,28.982144384714402
n2,11,top,191,4.800000000000007,158.65921899129395,1.1087837552399553,28.982144015814907
n2,11,top,192,4.825000000000007,158.65922482808836,1.1086965568011569,28.9821608136599
n2,11,top,193,4.850000000000008,158.6592249570961,1.108685608948821,28.982134800437773
n2,11,top,194,4.875000000000008,158.65922637705177,1.1087140703648544,28.982142897650235
n2,11,top,195,4.900000000000008,158.6592275645894,1.1087346646361498,28.982143639412524
n2,11,top,196,4.925000000000009,158.65922872831143,1.1087511602264244,28.982143179571306
n2,11,top,197,4.950000000000009,158.65922995197826,1.1087660185501589,28.982143302452474
n2,11,top,198,4.975000000000009,158.65923097881083,1.1087803660897935,28.98214285892394
n2,11,top,199,5.00000000000001,158.6592370398911,1.1087071820346122,28.982172622006132
n2,11,top,200,5.02500000000001,158.6592368645826,1.1086808332675369,28.982135053548784
n2,11,top,201,5.0500000000000105,158.65923809384356,1.1087063825234553,28.98214067490238
n2,11,top,202,5.075000000000011,158.65923927754991,1.108728216508733,28.982142699114313
n2,11,top,203,5.100000000000011,158.6592403802412,1.1087447499591128,28.982142119454245
n2,11,top,204,5.1250000000000115,158.6592415478596,1.1087595799588084,28.982142211982925
n2,11,top,205,5.150000000000012,158.65924273785217,1.1087727148527253,28.982142214785043
n2,11,top,206,5.175000000000012,158.65924340645898,1.1087863204148372,28.982141878997243
n2,11,top,207,5.200000000000013,158.65924875847963,1.1086792096008222,28.982141490469335
n2,11,top,208,5.225000000000013,158.6592493974486,1.1086898071629911,28.982134772465475
n2,11,top,209,5.250000000000013,158.65925073184343,1.108716727323935,28.98214191047352
n2,11,top,210,5.275000000000014,158.6592517648588,1.1087341345420316,28.982141088592492
n2,11,top,211,5.300000000000014,158.65925286381423,1.1087494440938999,28.982141015528725
n2,11,top,212,5.325000000000014,158.6592540035198,1.10876305107078,28.982141106234785
n2,11,top,213,5.350000000000015,158.65925507181333,1.1087758394532676,28.98214072821311
n2,11,top,214,5.375000000000015,158.65925786441977,1.1087639990942806,28.982154768615544
n2,11,top,215,5.4000000000000155,158.65925986557454,1.1086603670686905,28.982112197070713
n2,11,top,216,5.425000000000016,158.6592615752509,1.1086919396664063,28.982132570203305
n2,11,top,217,5.450000000000016,158.659263074159,1.1087211647383535,28.982142514103188
n2,11,top,218,5.4750000000000165,158.659263959987,1.1087352326360562,28.982139133071556
n2,11,top,219,5.500000000000017,158.65926504763155,1.1087500051155514,28.982139576291402
n2,11,top,220,5.525000000000017,158.6592661572261,1.10876294233805,28.982139719316923
n2,11,top,221,5.550000000000018,158.6592671704226,1.108775256257336,28.982139294011194
n2,11,top,222,5.575000000000018,158.6592696522601,1.1087670127574012,28.982150972180158
n2,11,top,223,5.600000000000018,158.65927194175444,1.1086590532038578,28.98211139278509
n2,11,top,224,5.625000000000019,158.6592735951735,1.1086898673550674,28.982131278857178
n2,11,top,225,5.650000000000019,158.65927505798084,1.1087187976702355,28.982141235650808
n2,11,top,226,5.675000000000019,158.6592759117434,1.1087326596586164,28.982137913577052
n2,11,top,227,5.70000000000002,158.65927696584995,1.1087472020939448,28.982138365818738
n2,11,top,228,5.72500000000002,158.65927804305295,1.1087599298690192,28.982138525291308
n2,11,top,229,5.75000000000002,158.6592791185022,1.108771305821138,28.98213846902672
n2,11,top,230,5.775000000000021,158.65927969153003,1.108783434628445,28.98213829443146
n2,11,top,231,5.800000000000021,158.65928495310544,1.108674621897759,28.982137720349318
n2,11,top,232,5.8250000000000215,158.6592854989011,1.1086844546319201,28.98213128850987
n2,11,top,233,5.850000000000022,158.65928673164845,1.1087104736319826,28.982138447261608
n2,11,top,234,5.875000000000022,158.65928766369242,1.1087270543416439,28.982137637491384
n2,11,top,235,5.900000000000023,158.65928866447805,1.1087416285733869,28.982137595492386
n2,11,top,236,5.925000000000023,158.65928970785455,1.1087545543009096,28.982137710581632
n2,11,top,237,5.950000000000023,158.65929076866158,1.1087660398000854,28.982137690654184
n2,11,top,238,5.975000000000024,158.6592915243292,1.1087779626695786,28.98213738226793
n2,11,top,239,6.000000000000024,158.6592973257369,1.1086960133426538,28.98216086600613
n2,11,top,240,6.025000000000024,158.65929712042515,1.1086733862512532,28.98212845635414
n2,11,top,241,6.050000000000025,158.65929826606708,1.1086989097964681,28.9821357377525
n2,11,top,242,6.075000000000025,158.6592992638357,1.1087186251891659,28.9821372102779
n2,11,top,243,6.100000000000025,158.65930020562618,1.10873365238195,28.982136653754537
n2,11,top,244,6.125000000000026,158.65930121594215,1.1087471617907478,28.982136779164048
n2,11,top,245,6.150000000000026,158.65930224979715,1.108759074159142,28.982136783607206
n2,11,top,246,6.1750000000000265,158.6593032786526,1.1087699502022015,28.982136681901462
n2,11,top,247,6.200000000000027,158.65930382853128,1.1087814877376543,28.982136541057287
n2,11,top,248,6.225000000000027,158.65930908878778,1.1086728504995458,28.98213681966749
n2,11,top,249,6.2500000000000275,158.65930955583198,1.1086811902419873,28.98212930316637
n2,11,top,250,6.275000000000028,158.65931075343664,1.1087070143522693,28.98213656241806
n2,11,top,251,6.300000000000028,158.6593116500889,1.1087234155109242,28.982135779050928
n2,11,top,252,6.325000000000029,158.65931261336863,1.1087377575320514,28.982135695711012
n2,11,top,253,6.350000000000029,158.65931362159856,1.1087504780845285,28.982135793001216
n2,11,top,254,6.375000000000029,158.65931464869635,1.1087617681777002,28.982135756037383
n2,11,top,255,6.40000000000003,158.65931551394513,1.108773195643587,28.98213529997192
n2,11,top,256,6.42500000000003,158.65931933346135,1.1087436821729628,28.982157583671306
n2,11,top,257,6.45000000000003,158.6593202154188,1.108654551655456,28.98210774500526
n2,11,top,258,6.475000000000031,158.65932180518004,1.108685314011659,28.982127847256173
n2,11,top,259,6.500000000000031,158.65932316396714,1.1087129889669223,28.982137162296056
n2,11,top,260,6.525000000000031,158.65932394993547,1.108726298039196,28.98213394014433
n2,11,top,261,6.550000000000032,158.65932493362612,1.1087402748303143,28.982134371412425
n2,11,top,262,6.575000000000032,158.65932594206842,1.1087524875051664,28.982134504660365
n2,11,top,263,6.6000000000000325,158.65932696476415,1.108763359939413,28.982134460809146
n2,11,top,264,6.625000000000033,158.6593277148274,1.1087747505446153,28.982134164118882
n2,11,top,265,6.650000000000033,158.65933366494957,1.1086977204632082,28.98216364974824
n2,11,top,266,6.675000000000034,158.65933329551774,1.108669361408729,28.98212637440286
n2,11,top,267,6.700000000000034,158.6593343289712,1.1086931896817451,28.982132148617072
n2,11,top,268,6.725000000000034,158.65933531174196,1.108713334440209,28.982134137852412
n2,11,top,269,6.750000000000035,158.65933622023215,1.1087283845237363,28.98213357419606
n2,11,top,270,6.775000000000035,158.65933719884663,1.1087418660883552,28.982133682695444
n2,11,top,271,6.800000000000035,158.6593382051521,1.1087537583341707,28.982133699091328
n2,11,top,272,6.825000000000036,158.65933923115338,1.1087644879106429,28.982133662578647
n2,11,top,273,6.850000000000036,158.65933988832637,1.108775889950662,28.98213340638647
n2,11,top,274,6.875000000000036,158.65934558409742,1.108685570977319,28.982151082592328
n2,11,top,275,6.900000000000037,158.65934544136965,1.1086705980768068,28.982124166528646
n2,11,top,276,6.925000000000037,158.65934660728772,1.1086967781504018,28.98213230090452
n2,11,top,277,6.9500000000000375,158.65934754948546,1.1087154579570266,28.98213312764662
n2,11,top,278,6.975000000000038,158.65934846819542,1.1087301251183193,28.98213264444957
n2,11,top,279,7.000000000000038,158.65934945396006,1.1087433170489376,28.9821327706599
n2,11,top,280,7.0250000000000385,158.65935046327468,1.108754960494657,28.982132758734608
n2,11,top,281,7.050000000000039,158.65935149184742,1.1087655186426366,28.982132713787774
n2,11,top,282,7.075000000000039,158.6593520642628,1.1087768470279658,28.98213246964808
n2,11,top,283,7.10000000000004,158.6593575446153,1.1086747719649894,28.982140224754207
n2,11,top,284,7.12500000000004,158.65935769565215,1.1086737019128725,28.982124271511974
n2,11,top,285,7.15000000000004,158.6593588825787,1.108699988600822,28.982132196901
n2,11,top,286,7.175000000000041,158.65935978227856,1.1087172234550458,28.982131957369013
n2,11,top,287,7.200000000000041,158.65936071771765,1.1087316883740204,28.982131714190473
n2,11,top,288,7.225000000000041,158.65936170809726,1.1087445915420953,28.9821318232222
n2,11,top,289,7.250000000000042,158.65936271984918,1.1087560121787543,28.982131791559652
n2,11,top,290,7.275000000000042,158.6593637092023,1.1087666825696434,28.982131601838148
n2,11,top,291,7.3000000000000425,158.65936424556043,1.1087776957718816,28.9821315811588
n2,11,top,292,7.325000000000043,158.659369480081,1.1086677852787756,28.98213114915574
n2,11,top,293,7.350000000000043,158.65936996098014,1.1086769310145945,28.982124524021383
n2,11,top,294,7.3750000000000435,158.6593711382975,1.1087025796592092,28.982131693336484
n2,11,top,295,7.400000000000044,158.65937201560865,1.1087188065845521,28.98213085018119
n2,11,top,296,7.425000000000044,158.65937296405065,1.1087330600926204,28.98213077508761
n2,11,top,297,7.450000000000045,158.65937395795066,1.10874570060739,28.982130864926468
n2,11,top,298,7.475000000000045,158.65937497191058,1.1087569281912217,28.982130822522965
n2,11,top,299,7.500000000000045,158.6593758852497,1.1087680661367074,28.982130379792906
n2,12,top,0,0.025000000000000022,-0.22111046944273138,0.0068865232217655325,21.36446539041716
n2,12,top,1,0.04999999999999999,-0.17453436504052164,0.009167913419490683,22.42690537132082
n2,12,top,2,0.07500000000000001,-0.1350226665163426,0.01110887265146758,23.286930201238423
n2,12,top,3,0.10000000000000003,-0.10326753844120598,0.012775453320407089,24.089101306130747
n2,12,top,4,0.12500000000000006,-0.0748520270853442,0.014231971419906685,24.874824037286608
n2,12,top,5,0.15000000000000008,-0.05036342741829269,0.015470128604842712,25.655871457836277
n2,12,top,6,0.1750000000000001,-0.029759088867257744,0.016511992376529037,26.435593089077777
n2,12,top,7,0.20000000000000012,-0.01244256684558911,0.017387816627666846,27.214938774957243
n2,12,top,8,0.22500000000000014,0.002108244844181927,0.01812393542454723,27.99417785888222
n2,12,top,9,0.25000000000000017,0.2629777233980712,0.020532922287813574,28.527937080503165
n2,12,top,10,0.2750000000000002,1.482575982803506,0.02927829328056263,28.707838318285535
n2,12,top,11,0.3000000000000002,3.679634995793718,0.04453912001247558,28.759672687334962
n2,12,top,12,0.32500000000000023,6.717415995926945,0.06543725365055818,28.774135954332117
n2,12,top,13,0.35000000000000026,10.465801020573462,0.09110205529651957,28.77814922800817
n2,12,top,14,0.3750000000000003,14.812413701093426,0.12078015504265258,28.77925968920115
n2,12,top,15,0.4000000000000003,19.662061207518796,0.15383374892394255,28.779565176551763
n2,12,top,16,0.4250000000000003,24.934543708531915,0.18972550673549604,28.77964854678048
n2,12,top,17,0.45000000000000034,30.56241990346741,0.22800379092655346,28.779669285947932
n2,12,top,18,0.47500000000000037,36.48898558797487,0.2682886045194506,28.779673035006812
n2,12,top,19,0.5000000000000004,42.66658297117174,0.3102605024501738,28.779672360422236
n2,12,top,20,0.5250000000000004,49.05515862651856,0.35365093796092945,28.779670694592053
n2,12,top,21,0.5500000000000003,55.62104725294805,0.39823406341214024,28.77966948278655
n2,12,top,22,0.5750000000000002,62.33595722755797,0.4438200748671564,28.77966825349947
n2,12,top,23,0.6000000000000001,69.17610996147351,0.49024936802952385,28.77966685954526
n2,12,top,24,0.625,76.12152318365003,0.5373878230148824,28.779665225170024
n2,12,top,25,0.6499999999999999,83.1553987642047,0.5851225392128069,28.7796640816112
n2,12,top,26,0.6749999999999998,90.2636236857207,0.6333587382884076,28.779662950713067
n2,12,top,27,0.6999999999999997,97.43433399499884,0.682016656283815,28.779662013159747
n2,12,top,28,0.7249999999999996,104.65755963081226,0.7310292242458708,28.77966120089594
n2,12,top,29,0.7499999999999996,111.92492107350115,0.7803400616596163,28.77966050845985
n2,12,top,30,0.7749999999999995,119.22937590267793,0.8299017628045079,28.779659905563758
n2,12,top,31,0.7999999999999994,126.56500539653422,0.8796744621577877,28.779659376468924
n2,12,top,32,0.8249999999999993,133.92683523197744,0.9296246346460786,28.779658910862363
n2,12,top,33,0.8499999999999992,141.31068479591318,0.9797240871753496,28.779658500694175
n2,12,top,34,0.8749999999999991,148.71304054058874,1.029949110303728,28.779658139184285
n2,12,top,35,0.899999999999999,156.13094954635497,1.0802797647391138,28.779657820463694
n2,12,top,36,0.9249999999999989,158.65772205324237,1.031886150845879,29.02691495695921
n2,12,top,37,0.9499999999999988,158.6584445787944,1.072255584599339,28.97186873878539
n2,12,top,38,0.9749999999999988,158.65799758741932,1.1191589365829036,28.984099034044323
n2,12,top,39,0.9999999999999987,158.657784693744,1.125702160859532,28.981679884122663
n2,12,top,40,1.0249999999999986,158.65789263461951,1.1236599072061897,28.982517216771434
n2,12,top,41,1.0499999999999985,158.65811798537405,1.117530003636201,28.983380979044444
n2,12,top,42,1.0749999999999984,158.6586117813104,1.1033452949194684,28.983262989991758
n2,12,top,43,1.0999999999999983,158.65855745529305,1.1006355231071905,28.9809074549859
n2,12,top,44,1.1249999999999982,158.65856106762976,1.103073421604622,28.98191776342163
n2,12,top,45,1.1499999999999981,158.65854605225195,1.1046954985236508,28.982101163188617
n2,12,top,46,1.174999999999998,158.65853180516416,1.1057896781566408,28.98209662636119
n2,12,top,47,1.199999999999998,158.6585247829817,1.1066314044606433,28.982101255364977
n2,12,top,48,1.2249999999999979,158.6585271763645,1.1072235945410476,28.982143808645684
n2,12,top,49,1.2499999999999978,158.65853211814192,1.107653975308506,28.982167577788413
n2,12,top,50,1.2749999999999977,158.65854119446385,1.1079417084083292,28.982192662387387
n2,12,top,51,1.2999999999999976,158.65855119933855,1.1081244588720853,28.982199936698525
n2,12,top,52,1.3249999999999975,158.6585619262059,1.1082779537771807,28.982215908957393
n2,12,top,53,1.3499999999999974,158.65857286010817,1.1084076245867798,28.982229569792857
n2,12,top,54,1.3749999999999973,158.65858376842613,1.1084986201442208,28.98223071576443
n2,12,top,55,1.3999999999999972,158.6585949029534,1.108562371361792,28.982228073063087
n2,12,top,56,1.4249999999999972,158.65860629721402,1.1086094721370354,28.982225795277994
n2,12,top,57,1.449999999999997,158.65861783180088,1.1086451056929536,28.982224263724554
n2,12,top,58,1.474999999999997,158.65862942262135,1.1086716349963324,28.982222898497596
n2,12,top,59,1.499999999999997,158.65864103280398,1.1086905969687215,28.982221438926896
n2,12,top,60,1.5249999999999968,158.6586526501917,1.1087041517110745,28.982220418261164
n2,12,top,61,1.5499999999999967,158.65866422714026,1.1087132719862864,28.98222003693793
n2,12,top,62,1.5749999999999966,158.65867575317534,1.108718497171084,28.982219842689464
n2,12,top,63,1.5999999999999965,158.6586872072417,1.1087209110732477,28.982220405260417
n2,12,top,64,1.6249999999999964,158.65869858524263,1.108721294894795,28.98222207989507
n2,12,top,65,1.6499999999999964,158.65870984855357,1.1087197607984975,28.982224296987347
n2,12,top,66,1.6749999999999963,158.65872100396726,1.1087175023640847,28.98222762570204
n2,12,top,67,1.6999999999999962,158.65873208718827,1.1087145476069609,28.982232967964485
n2,12,top,68,1.724999999999996,158.6587430730617,1.1087122683167572,28.982240547889045
n2,12,top,69,1.749999999999996,158.65874948079414,1.1087603912485864,28.982206237961087
n2,12,top,70,1.774999999999996,158.6587591606605,1.1087428404636033,28.9821926297276
n2,12,top,71,1.7999999999999958,158.6587701258278,1.1087333266157704,28.982206063272407
n2,12,top,72,1.8249999999999957,158.65878080895996,1.1087240551485027,28.98221744022057
n2,12,top,73,1.8499999999999956,158.6587911961528,1.1087155326085487,28.982229422509707
n2,12,top,74,1.8749999999999956,158.65879616269655,1.1087701200084337,28.982199536041872
n2,12,top,75,1.8999999999999955,158.65880643277853,1.1087404441256483,28.982199144497407
n2,12,top,76,1.9249999999999954,158.6588164982928,1.1087216089686511,28.98221032670235
n2,12,top,77,1.9499999999999953,158.65882648168446,1.1087154314932366,28.982230784065443
n2,12,top,78,1.9749999999999952,158.65883112213908,1.1087517388950092,28.98219361512359
n2,12,top,79,1.9999999999999951,158.65884071141477,1.108724161728162,28.982202602366897
n2,12,top,80,2.024999999999995,158.65885045960758,1.108716207741885,28.98222820339801
n2,12,top,81,2.049999999999995,158.65885464689387,1.108746266673448,28.98219076596884
n2,12,top,82,2.074999999999995,158.65886399213124,1.1087177037023492,28.98220480602087
n2,12,top,83,2.0999999999999948,158.65886798466602,1.108772079940749,28.982188688245092
n2,12,top,84,2.1249999999999947,158.65887706350549,1.1087256139033763,28.982189947055
n2,12,top,85,2.1499999999999946,158.65888643428016,1.1087143807785333,28.98222240167985
n2,12,top,86,2.1749999999999945,158.65888998388903,1.1087370117566464,28.982185101968764
n2,12,top,87,2.1999999999999944,158.6588990109741,1.1087150582708916,28.98221048591208
n2,12,top,88,2.2249999999999943,158.65890257315496,1.1087451986984371,28.982182994740352
n2,12,top,89,2.2499999999999942,158.65891135556663,1.1087138989577783,28.98220398440748
n2,12,top,90,2.274999999999994,158.65891476260884,1.1087480357642683,28.982180885952605
n2,12,top,91,2.299999999999994,158.65892337575417,1.1087134456206713,28.98220168603618
n2,12,top,92,2.324999999999994,158.6589265947258,1.1087459683540488,28.98217910662236
n2,12,top,93,2.349999999999994,158.65893513013003,1.1087140669952533,28.982203869526483
n2,12,top,94,2.374999999999994,158.65893807420346,1.1087388261919846,28.982177087114454
n2,12,top,95,2.3999999999999937,158.65894672977018,1.1087161002424823,28.982212069632833
n2,12,top,96,2.4249999999999936,158.65894932241682,1.1087286016654945,28.982176463020622
n2,12,top,97,2.4499999999999935,158.65895340675806,1.108779567009633,28.982183747274068
n2,12,top,98,2.4749999999999934,158.65895942229005,1.1087017831299744,28.982155660318096
n2,12,top,99,2.4999999999999933,158.65896358739457,1.1087614710310567,28.98217255859416
n2,12,top,100,2.5249999999999932,158.65897154490807,1.1087133959016628,28.98219044895561
n2,12,top,101,2.549999999999993,158.65897405971592,1.1087402786231217,28.982169904489172
n2,12,top,102,2.574999999999993,158.6589813555193,1.1087406312399604,28.9822065802477
n2,12,top,103,2.599999999999993,158.65898377507628,1.1087071043694496,28.98215538314739
n2,12,top,104,2.624999999999993,158.65898752031936,1.1087620061293535,28.98216986598513
n2,12,top,105,2.649999999999993,158.65899527125174,1.1087161879596839,28.982193194837787
n2,12,top,106,2.6749999999999927,158.65899726449902,1.108729010346729,28.98216473928653
n2,12,top,107,2.6999999999999926,158.65900048792736,1.1087798078799165,28.98217224514128
n2,12,top,108,2.7249999999999925,158.65900752408328,1.108709401002608,28.98217686362651
n2,12,top,109,2.7499999999999925,158.65900986292104,1.1087378072819591,28.982164354325253
n2,12,top,110,2.7749999999999924,158.65901275779558,1.1087866990158082,28.982171006706317
n2,12,top,111,2.7999999999999923,158.65901960214606,1.108707300140042,28.982170010076292
n2,12,top,112,2.824999999999992,158.6590220005911,1.1087392440359185,28.982163010214812
n2,12,top,113,2.849999999999992,158.65902482869035,1.1087857192727977,28.98216934069933
n2,12,top,114,2.874999999999992,158.6590315628115,1.1087068883127789,28.982170969719157
n2,12,top,115,2.899999999999992,158.65903369323482,1.1087335732139636,28.982160561523077
n2,12,top,116,2.924999999999992,158.6590366549096,1.1087778348894526,28.982167813124445
n2,12,top,117,2.9499999999999917,158.65904343025176,1.1087117942306068,28.982181287831416
n2,12,top,118,2.9749999999999917,158.659044993033,1.1087214151519498,28.982157185318126
n2,12,top,119,2.9999999999999916,158.65904781756265,1.1087650271077734,28.982165099683712
n2,12,top,120,3.0249999999999915,158.6590543438663,1.1087390824343228,28.982197255551583
n2,12,top,121,3.0499999999999914,158.65905562834766,1.1086995294351136,28.982145464498956
n2,12,top,122,3.0749999999999913,158.65905846211615,1.1087433671042686,28.982158601633394
n2,12,top,123,3.099999999999991,158.65906113205745,1.1087833335613775,28.982164881126415
n2,12,top,124,3.124999999999991,158.65906760038834,1.1087093198547973,28.982175640062163
n2,12,top,125,3.149999999999991,158.65906896413287,1.1087179042776225,28.982153577728884
n2,12,top,126,3.174999999999991,158.6590715368342,1.108758546219105,28.98216148648599
n2,12,top,127,3.199999999999991,158.65907345412558,1.108790852637515,28.982161175954623
n2,12,top,128,3.2249999999999908,158.6590797535918,1.1087017993894286,28.982161516327736
n2,12,top,129,3.2499999999999907,158.659081465642,1.1087242944090154,28.982153516165784
n2,12,top,130,3.2749999999999906,158.65908391979295,1.1087626821012686,28.982160629280543
n2,12,top,131,3.2999999999999905,158.65908563316503,1.1087919794645082,28.98215927859873
n2,12,top,132,3.3249999999999904,158.65909182495946,1.1087000121289212,28.98215861100601
n2,12,top,133,3.3499999999999903,158.65909347952697,1.1087226165588768,28.982152109426043
n2,12,top,134,3.3749999999999902,158.65909581549798,1.108759572546656,28.982159063433052
n2,12,top,135,3.39999999999999,158.65909760146434,1.1087871884029257,28.982157655300377
n2,12,top,136,3.42499999999999,158.6591038780865,1.1087035363176174,28.98216664787494
n2,12,top,137,3.44999999999999,158.65910503661786,1.1087130986408655,28.982149179520796
n2,12,top,138,3.47499999999999,158.65910727096397,1.1087498099735362,28.982156956029048
n2,12,top,139,3.49999999999999,158.6591092242812,1.10877662857778,28.982156817540687
n2,12,top,140,3.5249999999999897,158.65911589369836,1.1087221510798697,28.98219068085015
n2,12,top,141,3.5499999999999896,158.6591163001273,1.1086988100605037,28.9821469344354
n2,12,top,142,3.5749999999999895,158.65911827299297,1.1087319878793762,28.982152756178508
n2,12,top,143,3.59999999999999,158.65912025614656,1.1087622281615932,28.982155894163114
n2,12,top,144,3.6249999999999902,158.65912186062968,1.1087862698568067,28.982154471313407
n2,12,top,145,3.6499999999999906,158.65912805823015,1.10870396634212,28.982167542207808
n2,12,top,146,3.674999999999991,158.65912888528348,1.1087058345860228,28.982145716750782
n2,12,top,147,3.6999999999999913,158.65913091170063,1.108740476869077,28.98215366378937
n2,12,top,148,3.7249999999999917,158.65913267907274,1.1087659592265253,28.982153933575745
n2,12,top,149,3.749999999999992,158.65913410632504,1.1087886964517912,28.982153040708788
n2,12,top,150,3.7749999999999924,158.65914014065743,1.1086985684504254,28.982160609426824
n2,12,top,151,3.7999999999999927,158.65914105909255,1.108706377551603,28.982144890039393
n2,12,top,152,3.824999999999993,158.65914299988208,1.108739884715681,28.982152651780442
n2,12,top,153,3.8499999999999934,158.6591446520448,1.1087636544891362,28.982152386279527
n2,12,top,154,3.874999999999994,158.6591461230515,1.1087851336905632,28.982151623571355
n2,12,top,155,3.899999999999994,158.65915224661143,1.10870524384632,28.98216886564959
n2,12,top,156,3.9249999999999945,158.65915278219833,1.1086988668828766,28.98214248439152
n2,12,top,157,3.949999999999995,158.65915461463183,1.1087315076102078,28.982150462835392
n2,12,top,158,3.974999999999995,158.659156220019,1.1087559576089259,28.982151223813286
n2,12,top,159,3.9999999999999956,158.6591577952647,1.1087759015297152,28.982150721660222
n2,12,top,160,4.024999999999996,158.65916079646414,1.108774114960848,28.98216307394234
n2,12,top,161,4.049999999999996,158.65916341914786,1.108675050004307,28.98212223491873
n2,12,top,162,4.074999999999997,158.6591655787306,1.1087112128314784,28.982142125947888
n2,12,top,163,4.099999999999997,158.6591675429234,1.10874479096575,28.98215201557262
n2,12,top,164,4.124999999999997,158.6591688942278,1.1087628625204147,28.98214864960117
n2,12,top,165,4.149999999999998,158.65917033492278,1.108781944518453,28.98214869966148
n2,12,top,166,4.174999999999998,158.65917648788405,1.1087120526670387,28.982175983495498
n2,12,top,167,4.199999999999998,158.65917668034862,1.1086913118920574,28.98214049438805
n2,12,top,168,4.224999999999999,158.65917824487119,1.1087205067447663,28.982146676750403
n2,12,top,169,4.249999999999999,158.65917972677858,1.1087448420322699,28.98214849757012
n2,12,top,170,4.2749999999999995,158.65918113343872,1.1087638122349708,28.98214792959698
n2,12,top,171,4.3,158.6591824725432,1.1087817266005242,28.982147622012626
n2,12,top,172,4.325,158.65918860741172,1.1087112524458687,28.982175694807044
n2,12,top,173,4.3500000000000005,158.6591887099867,1.1086890091362769,28.98213954749322
n2,12,top,174,4.375000000000001,158.6591901913151,1.1087172773621912,28.982145499420877
n2,12,top,175,4.400000000000001,158.65919160342617,1.1087410496058148,28.98214737408685
n2,12,top,176,4.425000000000002,158.6591929384842,1.1087594585960063,28.982146796072097
n2,12,top,177,4.450000000000002,158.65919433527847,1.1087760282777082,28.98214688293236
n2,12,top,178,4.475000000000002,158.65919542118334,1.108790064889722,28.982147986289913
n2,12,top,179,4.500000000000003,158.65919978491695,1.1086724907532,28.98212386762936
n2,12,top,180,4.525000000000003,158.65920151173043,1.1087024528239613,28.982138611118458
n2,12,top,181,4.550000000000003,158.65920321423226,1.1087333440812335,28.982147851504976
n2,12,top,182,4.575000000000004,158.65920437229389,1.1087501382522764,28.982145011739185
n2,12,top,183,4.600000000000004,158.6592057001252,1.1087668769982233,28.982145335608116
n2,12,top,184,4.625000000000004,158.65920680515805,1.108782908161864,28.982145017915045
n2,12,top,185,4.650000000000005,158.65921274787135,1.1087039278936752,28.982167299031964
n2,12,top,186,4.675000000000005,158.65921283528135,1.1086858513234565,28.98213594305842
n2,12,top,187,4.7000000000000055,158.65921426806793,1.1087141781305092,28.982143437099456
n2,12,top,188,4.725000000000006,158.6592155348101,1.1087360820003742,28.982144809140703
n2,12,top,189,4.750000000000006,158.65921674611857,1.108753190208636,28.982144260303045
n2,12,top,190,4.775000000000007,158.65921802096514,1.1087686286198195,28.982144384714402
n2,12,top,191,4.800000000000007,158.65921899129395,1.1087837552399553,28.982144015814907
n2,12,top,192,4.825000000000007,158.65922482808836,1.1086965568011569,28.9821608136599
n2,12,top,193,4.850000000000008,158.6592249570961,1.108685608948821,28.982134800437773
n2,12,top,194,4.875000000000008,158.65922637705177,1.1087140703648544,28.982142897650235
n2,12,top,195,4.900000000000008,158.6592275645894,1.1087346646361498,28.982143639412524
n2,12,top,196,4.925000000000009,158.65922872831143,1.1087511602264244,28.982143179571306
n2,12,top,197,4.950000000000009,158.65922995197826,1.1087660185501589,28.982143302452474
n2,12,top,198,4.975000000000009,158.65923097881083,1.1087803660897935,28.98214285892394
n2,12,top,199,5.00000000000001,158.6592370398911,1.1087071820346122,28.982172622006132
n2,12,top,200,5.02500000000001,158.6592368645826,1.1086808332675369,28.982135053548784
n2,12,top,201,5.0500000000000105,158.65923809384356,1.1087063825234553,28.98214067490238
n2,12,top,202,5.075000000000011,158.65923927754991,1.108728216508733,28.982142699114313
n2,12,top,203,5.100000000000011,158.6592403802412,1.1087447499591128,28.982142119454245
n2,12,top,204,5.1250000000000115,158.6592415478596,1.1087595799588084,28.982142211982925
n2,12,top,205,5.150000000000012,158.65924273785217,1.1087727148527253,28.982142214785043
n2,12,top,206,5.175000000000012,158.65924340645898,1.1087863204148372,28.982141878997243
n2,12,top,207,5.200000000000013,158.65924875847963,1.1086792096008222,28.982141490469335
n2,12,top,208,5.225000000000013,158.6592493974486,1.1086898071629911,28.982134772465475
n2,12,top,209,5.250000000000013,158.65925073184343,1.108716727323935,28.98214191047352
n2,12,top,210,5.275000000000014,158.6592517648588,1.1087341345420316,28.982141088592492
n2,12,top,211,5.300000000000014,158.65925286381423,1.1087494440938999,28.982141015528725
n2,12,top,212,5.325000000000014,158.6592540035198,1.10876305107078,28.982141106234785
n2,12,top,213,5.350000000000015,158.65925507181333,1.1087758394532676,28.98214072821311
n2,12,top,214,5.375000000000015,158.65925786441977,1.1087639990942806,28.982154768615544
n2,12,top,215,5.4000000000000155,158.65925986557454,1.1086603670686905,28.982112197070713
n2,12,top,216,5.425000000000016,158.6592615752509,1.1086919396664063,28.982132570203305
n2,12,top,217,5.450000000000016,158.659263074159,1.1087211647383535,28.982142514103188
n2,12,top,218,5.4750000000000165,158.659263959987,1.1087352326360562,28.982139133071556
n2,12,top,219,5.500000000000017,158.65926504763155,1.1087500051155514,28.982139576291402
n2,12,top,220,5.525000000000017,158.6592661572261,1.10876294233805,28.982139719316923
n2,12,top,221,5.550000000000018,158.6592671704226,1.108775256257336,28.982139294011194
n2,12,top,222,5.575000000000018,158.6592696522601,1.1087670127574012,28.982150972180158
n2,12,top,223,5.600000000000018,158.65927194175444,1.1086590532038578,28.98211139278509
n2,12,top,224,5.625000000000019,158.6592735951735,1.1086898673550674,28.982131278857178
n2,12,top,225,5.650000000000019,158.65927505798084,1.1087187976702355,28.982141235650808
n2,12,top,226,5.675000000000019,158.6592759117434,1.1087326596586164,28.982137913577052
n2,12,top,227,5.70000000000002,158.65927696584995,1.1087472020939448,28.982138365818738
n2,12,top,228,5.72500000000002,158.65927804305295,1.1087599298690192,28.982138525291308
n2,12,top,229,5.75000000000002,158.6592791185022,1.108771305821138,28.98213846902672
n2,12,top,230,5.775000000000021,158.65927969153003,1.108783434628445,28.98213829443146
n2,12,top,231,5.800000000000021,158.65928495310544,1.108674621897759,28.982137720349318
n2,12,top,232,5.8250000000000215,158.6592854989011,1.1086844546319201,28.98213128850987
n2,12,top,233,5.850000000000022,158.65928673164845,1.1087104736319826,28.982138447261608
n2,12,top,234,5.875000000000022,158.65928766369242,1.1087270543416439,28.982137637491384
n2,12,top,235,5.900000000000023,158.65928866447805,1.1087416285733869,28.982137595492386
n2,12,top,236,5.925000000000023,158.65928970785455,1.1087545543009096,28.982137710581632
n2,12,top,237,5.950000000000023,158.65929076866158,1.1087660398000854,28.982137690654184
n2,12,top,238,5.975000000000024,158.6592915243292,1.1087779626695786,28.98213738226793
n2,12,top,239,6.000000000000024,158.6592973257369,1.1086960133426538,28.98216086600613
n2,12,top,240,6.025000000000024,158.65929712042515,1.1086733862512532,28.98212845635414
n2,12,top,241,6.050000000000025,158.65929826606708,1.1086989097964681,28.9821357377525
n2,12,top,242,6.075000000000025,158.6592992638357,1.1087186251891659,28.9821372102779
n2,12,top,243,6.100000000000025,158.65930020562618,1.10873365238195,28.982136653754537
n2,12,top,244,6.125000000000026,158.65930121594215,1.1087471617907478,28.982136779164048
n2,12,top,245,6.150000000000026,158.65930224979715,1.108759074159142,28.982136783607206
n2,12,top,246,6.1750000000000265,158.6593032786526,1.1087699502022015,28.982136681901462
n2,12,top,247,6.200000000000027,158.65930382853128,1.1087814877376543,28.982136541057287
n2,12,top,248,6.225000000000027,158.65930908878778,1.1086728504995458,28.98213681966749
n2,12,top,249,6.2500000000000275,158.65930955583198,1.1086811902419873,28.98212930316637
n2,12,top,250,6.275000000000028,158.65931075343664,1.1087070143522693,28.98213656241806
n2,12,top,251,6.300000000000028,158.6593116500889,1.1087234155109242,28.982135779050928
n2,12,top,252,6.325000000000029,158.65931261336863,1.1087377575320514,28.982135695711012
n2,12,top,253,6.350000000000029,158.65931362159856,1.1087504780845285,28.982135793001216
n2,12,top,254,6.375000000000029,158.65931464869635,1.1087617681777002,28.982135756037383
n2,12,top,255,6.40000000000003,158.65931551394513,1.108773195643587,28.98213529997192
n2,12,top,256,6.42500000000003,158.65931933346135,1.1087436821729628,28.982157583671306
n2,12,top,257,6.45000000000003,158.6593202154188,1.108654551655456,28.98210774500526
n2,12,top,258,6.475000000000031,158.65932180518004,1.108685314011659,28.982127847256173
n2,12,top,259,6.500000000000031,158.65932316396714,1.1087129889669223,28.982137162296056
n2,12,top,260,6.525000000000031,158.65932394993547,1.108726298039196,28.98213394014433
n2,12,top,261,6.550000000000032,158.65932493362612,1.1087402748303143,28.982134371412425
n2,12,top,262,6.575000000000032,158.65932594206842,1.1087524875051664,28.982134504660365
n2,12,top,263,6.6000000000000325,158.65932696476415,1.108763359939413,28.982134460809146
n2,12,top,264,6.625000000000033,158.6593277148274,1.1087747505446153,28.982134164118882
n2,12,top,265,6.650000000000033,158.65933366494957,1.1086977204632082,28.98216364974824
n2,12,top,266,6.675000000000034,158.65933329551774,1.108669361408729,28.98212637440286
n2,12,top,267,6.700000000000034,158.6593343289712,1.1086931896817451,28.982132148617072
n2,12,top,268,6.725000000000034,158.65933531174196,1.108713334440209,28.982134137852412
n2,12,top,269,6.750000000000035,158.65933622023215,1.1087283845237363,28.98213357419606
n2,12,top,270,6.775000000000035,158.65933719884663,1.1087418660883552,28.982133682695444
n2,12,top,271,6.800000000000035,158.6593382051521,1.1087537583341707,28.982133699091328
n2,12,top,272,6.825000000000036,158.65933923115338,1.1087644879106429,28.982133662578647
n2,12,top,273,6.850000000000036,158.65933988832637,1.108775889950662,28.98213340638647
n2,12,top,274,6.875000000000036,158.65934558409742,1.108685570977319,28.982151082592328
n2,12,top,275,6.900000000000037,158.65934544136965,1.1086705980768068,28.982124166528646
n2,12,top,276,6.925000000000037,158.65934660728772,1.1086967781504018,28.98213230090452
n2,12,top,277,6.9500000000000375,158.65934754948546,1.1087154579570266,28.98213312764662
n2,12,top,278,6.975000000000038,158.65934846819542,1.1087301251183193,28.98213264444957
n2,12,top,279,7.000000000000038,158.65934945396006,1.1087433170489376,28.9821327706599
n2,12,top,280,7.0250000000000385,158.65935046327468,1.108754960494657,28.982132758734608
n2,12,top,281,7.050000000000039,158.65935149184742,1.1087655186426366,28.982132713787774
n2,12,top,282,7.075000000000039,158.6593520642628,1.1087768470279658,28.98213246964808
n2,12,top,283,7.10000000000004,158.6593575446153,1.1086747719649894,28.982140224754207
n2,12,top,284,7.12500000000004,158.65935769565215,1.1086737019128725,28.982124271511974
n2,12,top,285,7.15000000000004,158.6593588825787,1.108699988600822,28.982132196901
n2,12,top,286,7.175000000000041,158.65935978227856,1.1087172234550458,28.982131957369013
n2,12,top,287,7.200000000000041,158.65936071771765,1.1087316883740204,28.982131714190473
n2,12,top,288,7.225000000000041,158.65936170809726,1.1087445915420953,28.9821318232222
n2,12,top,289,7.250000000000042,158.65936271984918,1.1087560121787543,28.982131791559652
n2,12,top,290,7.275000000000042,158.6593637092023,1.1087666825696434,28.982131601838148
n2,12,top,291,7.3000000000000425,158.65936424556043,1.1087776957718816,28.9821315811588
n2,12,top,292,7.325000000000043,158.659369480081,1.1086677852787756,28.98213114915574
n2,12,top,293,7.350000000000043,158.65936996098014,1.1086769310145945,28.982124524021383
n2,12,top,294,7.3750000000000435,158.6593711382975,1.1087025796592092,28.982131693336484
n2,12,top,295,7.400000000000044,158.65937201560865,1.1087188065845521,28.98213085018119
n2,12,top,296,7.425000000000044,158.65937296405065,1.1087330600926204,28.98213077508761
n2,12,top,297,7.450000000000045,158.65937395795066,1.10874570060739,28.982130864926468
n2,12,top,298,7.475000000000045,158.65937497191058,1.1087569281912217,28.982130822522965
n2,12,top,299,7.500000000000045,158.6593758852497,1.1087680661367074,28.982130379792906
n2,13,top,0,0.025000000000000022,-0.22111046944273138,0.0068865232217655325,21.36446539041716
n2,13,top,1,0.04999999999999999,-0.17453436504052164,0.009167913419490683,22.42690537132082
n2,13,top,2,0.07500000000000001,-0.1350226665163426,0.01110887265146758,23.286930201238423
n2,13,top,3,0.10000000000000003,-0.10326753844120598,0.012775453320407089,24.089101306130747
n2,13,top,4,0.12500000000000006,-0.0748520270853442,0.014231971419906685,24.874824037286608
n2,13,top,5,0.15000000000000008,-0.05036342741829269,0.015470128604842712,25.655871457836277
n2,13,top,6,0.1750000000000001,-0.029759088867257744,0.016511992376529037,26.435593089077777
n2,13,top,7,0.20000000000000012,-0.01244256684558911,0.017387816627666846,27.214938774957243
n2,13,top,8,0.22500000000000014,0.002108244844181927,0.01812393542454723,27.99417785888222
n2,13,top,9,0.25000000000000017,0.2629777233980712,0.020532922287813574,28.527937080503165
n2,13,top,10,0.2750000000000002,1.482575982803506,0.02927829328056263,28.707838318285535
n2,13,top,11,0.3000000000000002,3.679634995793718,0.04453912001247558,28.759672687334962
n2,13,top,12,0.32500000000000023,6.717415995926945,0.06543725365055818,28.774135954332117
n2,13,top,13,0.35000000000000026,10.465801020573462,0.09110205529651957,28.77814922800817
n2,13,top,14,0.3750000000000003,14.812413701093426,0.12078015504265258,28.77925968920115
n2,13,top,15,0.4000000000000003,19.662061207518796,0.15383374892394255,28.779565176551763
n2,13,top,16,0.4250000000000003,24.934543708531915,0.18972550673549604,28.77964854678048
n2,13,top,17,0.45000000000000034,30.56241990346741,0.22800379092655346,28.779669285947932
n2,13,top,18,0.47500000000000037,36.48898558797487,0.2682886045194506,28.779673035006812
n2,13,top,19,0.5000000000000004,42.66658297117174,0.3102605024501738,28.779672360422236
n2,13,top,20,0.5250000000000004,49.05515862651856,0.35365093796092945,28.779670694592053
n2,13,top,21,0.5500000000000003,55.62104725294805,0.39823406341214024,28.77966948278655
n2,13,top,22,0.5750000000000002,62.33595722755797,0.4438200748671564,28.77966825349947
n2,13,top,23,0.6000000000000001,69.17610996147351,0.49024936802952385,28.77966685954526
n2,13,top,24,0.625,76.12152318365003,0.5373878230148824,28.779665225170024
n2,13,top,25,0.6499999999999999,83.1553987642047,0.5851225392128069,28.7796640816112
n2,13,top,26,0.6749999999999998,90.2636236857207,0.6333587382884076,28.779662950713067
n2,13,top,27,0.6999999999999997,97.43433399499884,0.682016656283815,28.779662013159747
n2,13,top,28,0.7249999999999996,104.65755963081226,0.7310292242458708,28.77966120089594
n2,13,top,29,0.7499999999999996,111.92492107350115,0.7803400616596163,28.77966050845985
n2,13,top,30,0.7749999999999995,119.22937590267793,0.8299017628045079,28.779659905563758
n2,13,top,31,0.7999999999999994,126.56500539653422,0.8796744621577877,28.779659376468924
n2,13,top,32,0.8249999999999993,133.92683523197744,0.9296246346460786,28.779658910862363
n2,13,top,33,0.8499999999999992,141.31068479591318,0.9797240871753496,28.779658500694175
n2,13,top,34,0.8749999999999991,148.71304054058874,1.029949110303728,28.779658139184285
n2,13,top,35,0.899999999999999,156.13094954635497,1.0802797647391138,28.779657820463694
n2,13,top,36,0.9249999999999989,158.65772205324237,1.031886150845879,29.02691495695921
n2,13,top,37,0.9499999999999988,158.6584445787944,1.072255584599339,28.97186873878539
n2,13,top,38,0.9749999999999988,158.65799758741932,1.1191589365829036,28.984099034044323
n2,13,top,39,0.9999999999999987,158.657784693744,1.125702160859532,28.981679884122663
n2,13,top,40,1.0249999999999986,158.65789263461951,1.1236599072061897,28.982517216771434
n2,13,top,41,1.0499999999999985,158.65811798537405,1.117530003636201,28.983380979044444
n2,13,top,42,1.0749999999999984,158.6586117813104,1.1033452949194684,28.983262989991758
n2,13,top,43,1.0999999999999983,158.65855745529305,1.1006355231071905,28.9809074549859
n2,13,top,44,1.1249999999999982,158.65856106762976,1.103073421604622,28.98191776342163
n2,13,top,45,1.1499999999999981,158.65854605225195,1.1046954985236508,28.982101163188617
n2,13,top,46,1.174999999999998,158.65853180516416,1.1057896781566408,28.98209662636119
n2,13,top,47,1.199999999999998,158.6585247829817,1.1066314044606433,28.982101255364977
n2,13,top,48,1.2249999999999979,158.6585271763645,1.1072235945410476,28.982143808645684
n2,13,top,49,1.2499999999999978,158.65853211814192,1.107653975308506,28.982167577788413
n2,13,top,50,1.2749999999999977,158.65854119446385,1.1079417084083292,28.982192662387387
n2,13,top,51,1.2999999999999976,158.65855119933855,1.1081244588720853,28.982199936698525
n2,13,top,52,1.3249999999999975,158.6585619262059,1.1082779537771807,28.982215908957393
n2,13,top,53,1.3499999999999974,158.65857286010817,1.1084076245867798,28.982229569792857
n2,13,top,54,1.3749999999999973,158.65858376842613,1.1084986201442208,28.98223071576443
n2,13,top,55,1.3999999999999972,158.6585949029534,1.108562371361792,28.982228073063087
n2,13,top,56,1.4249999999999972,158.65860629721402,1.1086094721370354,28.982225795277994
n2,13,top,57,1.449999999999997,158.65861783180088,1.1086451056929536,28.982224263724554
n2,13,top,58,1.474999999999997,158.65862942262135,1.1086716349963324,28.982222898497596
n2,13,top,59,1.499999999999997,158.65864103280398,1.1086905969687215,28.982221438926896
n2,13,top,60,1.5249999999999968,158.6586526501917,1.1087041517110745,28.982220418261164
n2,13,top,61,1.5499999999999967,158.65866422714026,1.1087132719862864,28.98222003693793
n2,13,top,62,1.5749999999999966,158.65867575317534,1.108718497171084,28.982219842689464
n2,13,top,63,1.5999999999999965,158.6586872072417,1.1087209110732477,28.982220405260417
n2,13,top,64,1.6249999999999964,158.65869858524263,1.108721294894795,28.98222207989507
n2,13,top,65,1.6499999999999964,158.65870984855357,1.1087197607984975,28.982224296987347
n2,13,top,66,1.6749999999999963,158.65872100396726,1.1087175023640847,28.98222762570204
n2,13,top,67,1.6999999999999962,158.65873208718827,1.1087145476069609,28.982232967964485
n2,13,top,68,1.724999999999996,158.6587430730617,1.1087122683167572,28.982240547889045
n2,13,top,69,1.749999999999996,158.65874948079414,1.1087603912485864,28.982206237961087
n2,13,top,70,1.774999999999996,158.6587591606605,1.1087428404636033,28.9821926297276
n2,13,top,71,1.7999999999999958,158.6587701258278,1.1087333266157704,28.982206063272407
n2,13,top,72,1.8249999999999957,158.65878080895996,1.1087240551485027,28.98221744022057
n2,13,top,73,1.8499999999999956,158.6587911961528,1.1087155326085487,28.982229422509707
n2,13,top,74,1.8749999999999956,158.65879616269655,1.1087701200084337,28.982199536041872
n2,13,top,75,1.8999999999999955,158.65880643277853,1.1087404441256483,28.982199144497407
n2,13,top,76,1.9249999999999954,158.6588164982928,1.1087216089686511,28.98221032670235
n2,13,top,77,1.9499999999999953,158.65882648168446,1.1087154314932366,28.982230784065443
n2,13,top,78,1.9749999999999952,158.65883112213908,1.1087517388950092,28.98219361512359
n2,13,top,79,1.9999999999999951,158.65884071141477,1.108724161728162,28.982202602366897
n2,13,top,80,2.024999999999995,158.65885045960758,1.108716207741885,28.98222820339801
n2,13,top,81,2.049999999999995,158.65885464689387,1.108746266673448,28.98219076596884
n2,13,top,82,2.074999999999995,158.65886399213124,1.1087177037023492,28.98220480602087
n2,13,top,83,2.0999999999999948,158.65886798466602,1.108772079940749,28.982188688245092
n2,13,top,84,2.1249999999999947,158.65887706350549,1.1087256139033763,28.982189947055
n2,13,top,85,2.1499999999999946,158.65888643428016,1.1087143807785333,28.98222240167985
n2,13,top,86,2.1749999999999945,158.65888998388903,1.1087370117566464,28.982185101968764
n2,13,top,87,2.1999999999999944,158.6588990109741,1.1087150582708916,28.98221048591208
n2,13,top,88,2.2249999999999943,158.65890257315496,1.1087451986984371,28.982182994740352
n2,13,top,89,2.2499999999999942,158.65891135556663,1.1087138989577783,28.98220398440748
n2,13,top,90,2.274999999999994,158.65891476260884,1.1087480357642683,28.982180885952605
n2,13,top,91,2.299999999999994,158.65892337575417,1.1087134456206713,28.98220168603618
n2,13,top,92,2.324999999999994,158.6589265947258,1.1087459683540488,28.98217910662236
n2,13,top,93,2.349999999999994,158.65893513013003,1.1087140669952533,28.982203869526483
n2,13,top,94,2.374999999999994,158.65893807420346,1.1087388261919846,28.982177087114454
n2,13,top,95,2.3999999999999937,158.65894672977018,1.1087161002424823,28.982212069632833
n2,13,top,96,2.4249999999999936,158.65894932241682,1.1087286016654945,28.982176463020622
n2,13,top,97,2.4499999999999935,158.65895340675806,1.108779567009633,28.982183747274068
n2,13,top,98,2.4749999999999934,158.65895942229005,1.1087017831299744,28.982155660318096
n2,13,top,99,2.4999999999999933,158.65896358739457,1.1087614710310567,28.98217255859416
n2,13,top,100,2.5249999999999932,158.65897154490807,1.1087133959016628,28.98219044895561
n2,13,top,101,2.549999999999993,158.65897405971592,1.1087402786231217,28.982169904489172
n2,13,top,102,2.574999999999993,158.6589813555193,1.1087406312399604,28.9822065802477
n2,13,top,103,2.599999999999993,158.65898377507628,1.1087071043694496,28.98215538314739
n2,13,top,104,2.624999999999993,158.65898752031936,1.1087620061293535,28.98216986598513
n2,13,top,105,2.649999999999993,158.65899527125174,1.1087161879596839,28.982193194837787
n2,13,top,106,2.6749999999999927,158.65899726449902,1.108729010346729,28.98216473928653
n2,13,top,107,2.6999999999999926,158.65900048792736,1.1087798078799165,28.98217224514128
n2,13,top,108,2.7249999999999925,158.65900752408328,1.108709401002608,28.98217686362651
n2,13,top,109,2.7499999999999925,158.65900986292104,1.1087378072819591,28.982164354325253
n2,13,top,110,2.7749999999999924,158.65901275779558,1.1087866990158082,28.982171006706317
n2,13,top,111,2.7999999999999923,158.65901960214606,1.108707300140042,28.982170010076292
n2,13,top,112,2.824999999999992,158.6590220005911,1.1087392440359185,28.982163010214812
n2,13,top,113,2.849999999999992,158.65902482869035,1.1087857192727977,28.98216934069933
n2,13,top,114,2.874999999999992,158.6590315628115,1.1087068883127789,28.982170969719157
n2,13,top,115,2.899999999999992,158.65903369323482,1.1087335732139636,28.982160561523077
n2,13,top,116,2.924999999999992,158.6590366549096,1.1087778348894526,28.982167813124445
n2,13,top,117,2.9499999999999917,158.65904343025176,1.1087117942306068,28.982181287831416
n2,13,top,118,2.9749999999999917,158.659044993033,1.1087214151519498,28.982157185318126
n2,13,top,119,2.9999999999999916,158.65904781756265,1.1087650271077734,28.982165099683712
n2,13,top,120,3.0249999999999915,158.6590543438663,1.1087390824343228,28.982197255551583
n2,13,top,121,3.0499999999999914,158.65905562834766,1.1086995294351136,28.982145464498956
n2,13,top,122,3.0749999999999913,158.65905846211615,1.1087433671042686,28.982158601633394
n2,13,top,123,3.099999999999991,158.65906113205745,1.1087833335613775,28.982164881126415
n2,13,top,124,3.124999999999991,158.65906760038834,1.1087093198547973,28.982175640062163
n2,13,top,125,3.149999999999991,158.65906896413287,1.1087179042776225,28.982153577728884
n2,13,top,126,3.174999999999991,158.6590715368342,1.108758546219105,28.98216148648599
n2,13,top,127,3.199999999999991,158.65907345412558,1.108790852637515,28.982161175954623
n2,13,top,128,3.2249999999999908,158.6590797535918,1.1087017993894286,28.982161516327736
n2,13,top,129,3.2499999999999907,158.659081465642,1.1087242944090154,28.982153516165784
n2,13,top,130,3.2749999999999906,158.65908391979295,1.1087626821012686,28.982160629280543
n2,13,top,131,3.2999999999999905,158.65908563316503,1.1087919794645082,28.98215927859873
n2,13,top,132,3.3249999999999904,158.65909182495946,1.1087000121289212,28.98215861100601
n2,13,top,133,3.3499999999999903,158.65909347952697,1.1087226165588768,28.982152109426043
n2,13,top,134,3.3749999999999902,158.65909581549798,1.108759572546656,28.982159063433052
n2,13,top,135,3.39999999999999,158.65909760146434,1.1087871884029257,28.982157655300377
n2,13,top,136,3.42499999999999,158.6591038780865,1.1087035363176174,28.98216664787494
n2,13,top,137,3.44999999999999,158.65910503661786,1.1087130986408655,28.982149179520796
n2,13,top,138,3.47499999999999,158.65910727096397,1.1087498099735362,28.982156956029048
n2,13,top,139,3.49999999999999,158.6591092242812,1.10877662857778,28.982156817540687
n2,13,top,140,3.5249999999999897,158.65911589369836,1.1087221510798697,28.98219068085015
n2,13,top,141,3.5499999999999896,158.6591163001273,1.1086988100605037,28.9821469344354
n2,13,top,142,3.5749999999999895,158.65911827299297,1.1087319878793762,28.982152756178508
n2,13,top,143,3.59999999999999,158.65912025614656,1.1087622281615932,28.982155894163114
n2,13,top,144,3.6249999999999902,158.65912186062968,1.1087862698568067,28.982154471313407
n2,13,top,145,3.6499999999999906,158.65912805823015,1.10870396634212,28.982167542207808
n2,13,top,146,3.674999999999991,158.65912888528348,1.1087058345860228,28.982145716750782
n2,13,top,147,3.6999999999999913,158.65913091170063,1.108740476869077,28.98215366378937
n2,13,top,148,3.7249999999999917,158.65913267907274,1.1087659592265253,28.982153933575745
n2,13,top,149,3.749999999999992,158.65913410632504,1.1087886964517912,28.982153040708788
n2,13,top,150,3.7749999999999924,158.65914014065743,1.1086985684504254,28.982160609426824
n2,13,top,151,3.7999999999999927,158.65914105909255,1.108706377551603,28.982144890039393
n2,13,top,152,3.824999999999993,158.65914299988208,1.108739884715681,28.982152651780442
n2,13,top,153,3.8499999999999934,158.6591446520448,1.1087636544891362,28.982152386279527
n2,13,top,154,3.874999999999994,158.6591461230515,1.1087851336905632,28.982151623571355
n2,13,top,155,3.899999999999994,158.65915224661143,1.10870524384632,28.98216886564959
n2,13,top,156,3.9249999999999945,158.65915278219833,1.1086988668828766,28.98214248439152
n2,13,top,157,3.949999999999995,158.65915461463183,1.1087315076102078,28.982150462835392
n2,13,top,158,3.974999999999995,158.659156220019,1.1087559576089259,28.982151223813286
n2,13,top,159,3.9999999999999956,158.6591577952647,1.1087759015297152,28.982150721660222
n2,13,top,160,4.024999999999996,158.65916079646414,1.108774114960848,28.98216307394234
n2,13,top,161,4.049999999999996,158.65916341914786,1.108675050004307,28.98212223491873
n2,13,top,162,4.074999999999997,158.6591655787306,1.1087112128314784,28.982142125947888
n2,13,top,163,4.099999999999997,158.6591675429234,1.10874479096575,28.98215201557262
n2,13,top,164,4.124999999999997,158.6591688942278,1.1087628625204147,28.98214864960117
n2,13,top,165,4.149999999999998,158.65917033492278,1.108781944518453,28.98214869966148
n2,13,top,166,4.174999999999998,158.65917648788405,1.1087120526670387,28.982175983495498
n2,13,top,167,4.199999999999998,158.65917668034862,1.1086913118920574,28.98214049438805
n2,13,top,168,4.224999999999999,158.65917824487119,1.1087205067447663,28.982146676750403
n2,13,top,169,4.249999999999999,158.65917972677858,1.1087448420322699,28.98214849757012
n2,13,top,170,4.2749999999999995,158.65918113343872,1.1087638122349708,28.98214792959698
n2,13,top,171,4.3,158.6591824725432,1.1087817266005242,28.982147622012626
n2,13,top,172,4.325,158.65918860741172,1.1087112524458687,28.982175694807044
n2,13,top,173,4.3500000000000005,158.6591887099867,1.1086890091362769,28.98213954749322
n2,13,top,174,4.375000000000001,158.6591901913151,1.1087172773621912,28.982145499420877
n2,13,top,175,4.400000000000001,158.65919160342617,1.1087410496058148,28.98214737408685
n2,13,top,176,4.425000000000002,158.6591929384842,1.1087594585960063,28.982146796072097
n2,13,top,177,4.450000000000002,158.65919433527847,1.1087760282777082,28.98214688293236
n2,13,top,178,4.475000000000002,158.65919542118334,1.108790064889722,28.982147986289913
n2,13,top,179,4.500000000000003,158.65919978491695,1.1086724907532,28.98212386762936
n2,13,top,180,4.525000000000003,158.65920151173043,1.1087024528239613,28.982138611118458
n2,13,top,181,4.550000000000003,158.65920321423226,1.1087333440812335,28.982147851504976
n2,13,top,182,4.575000000000004,158.65920437229389,1.1087501382522764,28.982145011739185
n2,13,top,183,4.600000000000004,158.6592057001252,1.1087668769982233,28.982145335608116
n2,13,top,184,4.625000000000004,158.65920680515805,1.108782908161864,28.982145017915045
n2,13,top,185,4.650000000000005,158.65921274787135,1.1087039278936752,28.982167299031964
n2,13,top,186,4.675000000000005,158.65921283528135,1.1086858513234565,28.98213594305842
n2,13,top,187,4.7000000000000055,158.65921426806793,1.1087141781305092,28.982143437099456
n2,13,top,188,4.725000000000006,158.6592155348101,1.1087360820003742,28.982144809140703
n2,13,top,189,4.750000000000006,158.65921674611857,1.108753190208636,28.982144260303045
n2,13,top,190,4.775000000000007,158.65921802096514,1.1087686286198195,28.982144384714402
n2,13,top,191,4.800000000000007,158.65921899129395,1.1087837552399553,28.982144015814907
n2,13,top,192,4.825000000000007,158.65922482808836,1.1086965568011569,28.9821608136599
n2,13,top,193,4.850000000000008,158.6592249570961,1.108685608948821,28.982134800437773
n2,13,top,194,4.875000000000008,158.65922637705177,1.1087140703648544,28.982142897650235
n2,13,top,195,4.900000000000008,158.6592275645894,1.1087346646361498,28.982143639412524
n2,13,top,196,4.925000000000009,158.65922872831143,1.1087511602264244,28.982143179571306
n2,13,top,197,4.950000000000009,158.65922995197826,1.1087660185501589,28.982143302452474
n2,13,top,198,4.975000000000009,158.65923097881083,1.1087803660897935,28.98214285892394
n2,13,top,199,5.00000000000001,158.6592370398911,1.1087071820346122,28.982172622006132
n2,13,top,200,5.02500000000001,158.6592368645826,1.1086808332675369,28.982135053548784
n2,13,top,201,5.0500000000000105,158.65923809384356,1.1087063825234553,28.98214067490238
n2,13,top,202,5.075000000000011,158.65923927754991,1.108728216508733,28.982142699114313
n2,13,top,203,5.100000000000011,158.6592403802412,1.1087447499591128,28.982142119454245
n2,13,top,204,5.1250000000000115,158.6592415478596,1.1087595799588084,28.982142211982925
n2,13,top,205,5.150000000000012,158.65924273785217,1.1087727148527253,28.982142214785043
n2,13,top,206,5.175000000000012,158.65924340645898,1.1087863204148372,28.982141878997243
n2,13,top,207,5.200000000000013,158.65924875847963,1.1086792096008222,28.982141490469335
n2,13,top,208,5.225000000000013,158.6592493974486,1.1086898071629911,28.982134772465475
n2,13,top,209,5.250000000000013,158.65925073184343,1.108716727323935,28.98214191047352
n2,13,top,210,5.275000000000014,158.6592517648588,1.1087341345420316,28.982141088592492
n2,13,top,211,5.300000000000014,158.65925286381423,1.1087494440938999,28.982141015528725
n2,13,top,212,5.325000000000014,158.6592540035198,1.10876305107078,28.982141106234785
n2,13,top,213,5.350000000000015,158.65925507181333,1.1087758394532676,28.98214072821311
n2,13,top,214,5.375000000000015,158.65925786441977,1.1087639990942806,28.982154768615544
n2,13,top,215,5.4000000000000155,158.65925986557454,1.1086603670686905,28.982112197070713
n2,13,top,216,5.425000000000016,158.6592615752509,1.1086919396664063,28.982132570203305
n2,13,top,217,5.450000000000016,158.659263074159,1.1087211647383535,28.982142514103188
n2,13,top,218,5.4750000000000165,158.659263959987,1.1087352326360562,28.982139133071556
n2,13,top,219,5.500000000000017,158.65926504763155,1.1087500051155514,28.982139576291402
n2,13,top,220,5.525000000000017,158.6592661572261,1.10876294233805,28.982139719316923
n2,13,top,221,5.550000000000018,158.6592671704226,1.108775256257336,28.982139294011194
n2,13,top,222,5.575000000000018,158.6592696522601,1.1087670127574012,28.982150972180158
n2,13,top,223,5.600000000000018,158.65927194175444,1.1086590532038578,28.98211139278509
n2,13,top,224,5.625000000000019,158.6592735951735,1.1086898673550674,28.982131278857178
n2,13,top,225,5.650000000000019,158.65927505798084,1.1087187976702355,28.982141235650808
n2,13,top,226,5.675000000000019,158.6592759117434,1.1087326596586164,28.982137913577052
n2,13,top,227,5.70000000000002,158.65927696584995,1.1087472020939448,28.982138365818738
n2,13,top,228,5.72500000000002,158.65927804305295,1.1087599298690192,28.982138525291308
n2,13,top,229,5.75000000000002,158.6592791185022,1.108771305821138,28.98213846902672
n2,13,top,230,5.775000000000021,158.65927969153003,1.108783434628445,28.98213829443146
n2,13,top,231,5.800000000000021,158.65928495310544,1.108674621897759,28.982137720349318
n2,13,top,232,5.8250000000000215,158.6592854989011,1.1086844546319201,28.98213128850987
n2,13,top,233,5.850000000000022,158.65928673164845,1.1087104736319826,28.982138447261608
n2,13,top,234,5.875000000000022,158.65928766369242,1.1087270543416439,28.982137637491384
n2,13,top,235,5.900000000000023,158.65928866447805,1.1087416285733869,28.982137595492386
n2,13,top,236,5.925000000000023,158.65928970785455,1.1087545543009096,28.982137710581632
n2,13,top,237,5.950000000000023,158.65929076866158,1.1087660398000854,28.982137690654184
n2,13,top,238,5.975000000000024,158.6592915243292,1.1087779626695786,28.98213738226793
n2,13,top,239,6.000000000000024,158.6592973257369,1.1086960133426538,28.98216086600613
n2,13,top,240,6.025000000000024,158.65929712042515,1.1086733862512532,28.98212845635414
n2,13,top,241,6.050000000000025,158.65929826606708,1.1086989097964681,28.9821357377525
n2,13,top,242,6.075000000000025,158.6592992638357,1.1087186251891659,28.9821372102779
n2,13,top,243,6.100000000000025,158.65930020562618,1.10873365238195,28.982136653754537
n2,13,top,244,6.125000000000026,158.65930121594215,1.1087471617907478,28.982136779164048
n2,13,top,245,6.150000000000026,158.65930224979715,1.108759074159142,28.982136783607206
n2,13,top,246,6.1750000000000265,158.6593032786526,1.1087699502022015,28.982136681901462
n2,13,top,247,6.200000000000027,158.65930382853128,1.1087814877376543,28.982136541057287
n2,13,top,248,6.225000000000027,158.65930908878778,1.1086728504995458,28.98213681966749
n2,13,top,249,6.2500000000000275,158.65930955583198,1.1086811902419873,28.98212930316637
n2,13,top,250,6.275000000000028,158.65931075343664,1.1087070143522693,28.98213656241806
n2,13,top,251,6.300000000000028,158.6593116500889,1.1087234155109242,28.982135779050928
n2,13,top,252,6.325000000000029,158.65931261336863,1.1087377575320514,28.982135695711012
n2,13,top,253,6.350000000000029,158.65931362159856,1.1087504780845285,28.982135793001216
n2,13,top,254,6.375000000000029,158.65931464869635,1.1087617681777002,28.982135756037383
n2,13,top,255,6.40000000000003,158.65931551394513,1.108773195643587,28.98213529997192
n2,13,top,256,6.42500000000003,158.65931933346135,1.1087436821729628,28.982157583671306
n2,13,top,257,6.45000000000003,158.6593202154188,1.108654551655456,28.98210774500526
n2,13,top,258,6.475000000000031,158.65932180518004,1.108685314011659,28.982127847256173
n2,13,top,259,6.500000000000031,158.65932316396714,1.1087129889669223,28.982137162296056
n2,13,top,260,6.525000000000031,158.65932394993547,1.108726298039196,28.98213394014433
n2,13,top,261,6.550000000000032,158.65932493362612,1.1087402748303143,28.982134371412425
n2,13,top,262,6.575000000000032,158.65932594206842,1.1087524875051664,28.982134504660365
n2,13,top,263,6.6000000000000325,158.65932696476415,1.108763359939413,28.982134460809146
n2,13,top,264,6.625000000000033,158.6593277148274,1.1087747505446153,28.982134164118882
n2,13,top,265,6.650000000000033,158.65933366494957,1.1086977204632082,28.98216364974824
n2,13,top,266,6.675000000000034,158.65933329551774,1.108669361408729,28.98212637440286
n2,13,top,267,6.700000000000034,158.6593343289712,1.1086931896817451,28.982132148617072
n2,13,top,268,6.725000000000034,158.65933531174196,1.108713334440209,28.982134137852412
n2,13,top,269,6.750000000000035,158.65933622023215,1.1087283845237363,28.98213357419606
n2,13,top,270,6.775000000000035,158.65933719884663,1.1087418660883552,28.982133682695444
n2,13,top,271,6.800000000000035,158.6593382051521,1.1087537583341707,28.982133699091328
n2,13,top,272,6.825000000000036,158.65933923115338,1.1087644879106429,28.982133662578647
n2,13,top,273,6.850000000000036,158.65933988832637,1.108775889950662,28.98213340638647
n2,13,top,274,6.875000000000036,158.65934558409742,1.108685570977319,28.982151082592328
n2,13,top,275,6.900000000000037,158.65934544136965,1.1086705980768068,28.982124166528646
n2,13,top,276,6.925000000000037,158.65934660728772,1.1086967781504018,28.98213230090452
n2,13,top,277,6.9500000000000375,158.65934754948546,1.1087154579570266,28.98213312764662
n2,13,top,278,6.975000000000038,158.65934846819542,1.1087301251183193,28.98213264444957
n2,13,top,279,7.000000000000038,158.65934945396006,1.1087433170489376,28.9821327706599
n2,13,top,280,7.0250000000000385,158.65935046327468,1.108754960494657,28.982132758734608
n2,13,top,281,7.050000000000039,158.65935149184742,1.1087655186426366,28.982132713787774
n2,13,top,282,7.075000000000039,158.6593520642628,1.1087768470279658,28.98213246964808
n2,13,top,283,7.10000000000004,158.6593575446153,1.1086747719649894,28.982140224754207
n2,13,top,284,7.12500000000004,158.65935769565215,1.1086737019128725,28.982124271511974
n2,13,top,285,7.15000000000004,158.6593588825787,1.108699988600822,28.982132196901
n2,13,top,286,7.175000000000041,158.65935978227856,1.1087172234550458,28.982131957369013
n2,13,top,287,7.200000000000041,158.65936071771765,1.1087316883740204,28.982131714190473
n2,13,top,288,7.225000000000041,158.65936170809726,1.1087445915420953,28.9821318232222
n2,13,top,289,7.250000000000042,158.65936271984918,1.1087560121787543,28.982131791559652
n2,13,top,290,7.275000000000042,158.6593637092023,1.1087666825696434,28.982131601838148
n2,13,top,291,7.3000000000000425,158.65936424556043,1.1087776957718816,28.9821315811588
n2,13,top,292,7.325000000000043,158.659369480081,1.1086677852787756,28.98213114915574
n2,13,top,293,7.350000000000043,158.65936996098014,1.1086769310145945,28.982124524021383
n2,13,top,294,7.3750000000000435,158.6593711382975,1.1087025796592092,28.982131693336484
n2,13,top,295,7.400000000000044,158.65937201560865,1.1087188065845521,28.98213085018119
n2,13,top,296,7.425000000000044,158.65937296405065,1.1087330600926204,28.98213077508761
n2,13,top,297,7.450000000000045,158.65937395795066,1.10874570060739,28.982130864926468
n2,13,top,298,7.475000000000045,158.65937497191058,1.1087569281912217,28.982130822522965
n2,13,top,299,7.500000000000045,158.6593758852497,1.1087680661367074,28.982130379792906
n2,14,top,0,0.025000000000000022,-0.22111046944273138,0.0068865232217655325,21.36446539041716
n2,14,top,1,0.04999999999999999,-0.17453436504052164,0.009167913419490683,22.42690537132082
n2,14,top,2,0.07500000000000001,-0.1350226665163426,0.01110887265146758,23.286930201238423
n2,14,top,3,0.10000000000000003,-0.10326753844120598,0.012775453320407089,24.089101306130747
n2,14,top,4,0.12500000000000006,-0.0748520270853442,0.014231971419906685,24.874824037286608
n2,14,top,5,0.15000000000000008,-0.05036342741829269,0.015470128604842712,25.655871457836277
n2,14,top,6,0.1750000000000001,-0.029759088867257744,0.016511992376529037,26.435593089077777
n2,14,top,7,0.20000000000000012,-0.01244256684558911,0.017387816627666846,27.214938774957243
n2,14,top,8,0.22500000000000014,0.002108244844181927,0.01812393542454723,27.99417785888222
n2,14,top,9,0.25000000000000017,0.2629777233980712,0.020532922287813574,28.527937080503165
n2,14,top,10,0.2750000000000002,1.482575982803506,0.02927829328056263,28.707838318285535
n2,14,top,11,0.3000000000000002,3.679634995793718,0.04453912001247558,28.759672687334962
n2,14,top,12,0.32500000000000023,6.717415995926945,0.06543725365055818,28.774135954332117
n2,14,top,13,0.35000000000000026,10.465801020573462,0.09110205529651957,28.77814922800817
n2,14,top,14,0.3750000000000003,14.812413701093426,0.12078015504265258,28.77925968920115
n2,14,top,15,0.4000000000000003,19.662061207518796,0.15383374892394255,28.779565176551763
n2,14,top,16,0.4250000000000003,24.934543708531915,0.18972550673549604,28.77964854678048
n2,14,top,17,0.45000000000000034,30.56241990346741,0.22800379092655346,28.779669285947932
n2,14,top,18,0.47500000000000037,36.48898558797487,0.2682886045194506,28.779673035006812
n2,14,top,19,0.5000000000000004,42.66658297117174,0.3102605024501738,28.779672360422236
n2,14,top,20,0.5250000000000004,49.05515862651856,0.35365093796092945,28.779670694592053
n2,14,top,21,0.5500000000000003,55.62104725294805,0.39823406341214024,28.77966948278655
n2,14,top,22,0.5750000000000002,62.33595722755797,0.4438200748671564,28.77966825349947
n2,14,top,23,0.6000000000000001,69.17610996147351,0.49024936802952385,28.77966685954526
n2,14,top,24,0.625,76.12152318365003,0.5373878230148824,28.779665225170024
n2,14,top,25,0.6499999999999999,83.1553987642047,0.5851225392128069,28.7796640816112
n2,14,top,26,0.6749999999999998,90.2636236857207,0.6333587382884076,28.779662950713067
n2,14,top,27,0.6999999999999997,97.43433399499884,0.682016656283815,28.779662013159747
n2,14,top,28,0.7249999999999996,104.65755963081226,0.7310292242458708,28.77966120089594
n2,14,top,29,0.7499999999999996,111.92492107350115,0.7803400616596163,28.77966050845985
n2,14,top,30,0.7749999999999995,119.22937590267793,0.8299017628045079,28.779659905563758
n2,14,top,31,0.7999999999999994,126.56500539653422,0.8796744621577877,28.779659376468924
n2,14,top,32,0.8249999999999993,133.92683523197744,0.9296246346460786,28.779658910862363
n2,14,top,33,0.8499999999999992,141.31068479591318,0.9797240871753496,28.779658500694175
n2,14,top,34,0.8749999999999991,148.71304054058874,1.029949110303728,28.779658139184285
n2,14,top,35,0.899999999999999,156.13094954635497,1.0802797647391138,28.779657820463694
n2,14,top,36,0.9249999999999989,158.65772205324237,1.031886150845879,29.02691495695921
n2,14,top,37,0.9499999999999988,158.6584445787944,1.072255584599339,28.97186873878539
n2,14,top,38,0.9749999999999988,158.65799758741932,1.1191589365829036,28.984099034044323
n2,14,top,39,0.9999999999999987,158.657784693744,1.125702160859532,28.981679884122663
n2,14,top,40,1.0249999999999986,158.65789263461951,1.1236599072061897,28.982517216771434
n2,14,top,41,1.0499999999999985,158.65811798537405,1.117530003636201,28.983380979044444
n2,14,top,42,1.0749999999999984,158.6586117813104,1.1033452949194684,28.983262989991758
n2,14,top,43,1.0999999999999983,158.65855745529305,1.1006355231071905,28.9809074549859
n2,14,top,44,1.1249999999999982,158.65856106762976,1.103073421604622,28.98191776342163
n2,14,top,45,1.1499999999999981,158.65854605225195,1.1046954985236508,28.982101163188617
n2,14,top,46,1.174999999999998,158.65853180516416,1.1057896781566408,28.98209662636119
n2,14,top,47,1.199999999999998,158.6585247829817,1.1066314044606433,28.982101255364977
n2,14,top,48,1.2249999999999979,158.6585271763645,1.1072235945410476,28.982143808645684
n2,14,top,49,1.2499999999999978,158.65853211814192,1.107653975308506,28.982167577788413
n2,14,top,50,1.2749999999999977,158.65854119446385,1.1079417084083292,28.982192662387387
n2,14,top,51,1.2999999999999976,158.65855119933855,1.1081244588720853,28.982199936698525
n2,14,top,52,1.3249999999999975,158.6585619262059,1.1082779537771807,28.982215908957393
n2,14,top,53,1.3499999999999974,158.65857286010817,1.1084076245867798,28.982229569792857
n2,14,top,54,1.3749999999999973,158.65858376842613,1.1084986201442208,28.98223071576443
n2,14,top,55,1.3999999999999972,158.6585949029534,1.108562371361792,28.982228073063087
n2,14,top,56,1.4249999999999972,158.65860629721402,1.1086094721370354,28.982225795277994
n2,14,top,57,1.449999999999997,158.65861783180088,1.1086451056929536,28.982224263724554
n2,14,top,58,1.474999999999997,158.65862942262135,1.1086716349963324,28.982222898497596
n2,14,top,59,1.499999999999997,158.65864103280398,1.1086905969687215,28.982221438926896
n2,14,top,60,1.5249999999999968,158.6586526501917,1.1087041517110745,28.982220418261164
n2,14,top,61,1.5499999999999967,158.65866422714026,1.1087132719862864,28.98222003693793
n2,14,top,62,1.5749999999999966,158.65867575317534,1.108718497171084,28.982219842689464
n2,14,top,63,1.5999999999999965,158.6586872072417,1.1087209110732477,28.982220405260417
n2,14,top,64,1.6249999999999964,158.65869858524263,1.108721294894795,28.98222207989507
n2,14,top,65,1.6499999999999964,158.65870984855357,1.1087197607984975,28.982224296987347
n2,14,top,66,1.6749999999999963,158.65872100396726,1.1087175023640847,28.98222762570204
n2,14,top,67,1.6999999999999962,158.65873208718827,1.1087145476069609,28.982232967964485
n2,14,top,68,1.724999999999996,158.6587430730617,1.1087122683167572,28.982240547889045
n2,14,top,69,1.749999999999996,158.65874948079414,1.1087603912485864,28.982206237961087
n2,14,top,70,1.774999999999996,158.6587591606605,1.1087428404636033,28.9821926297276
n2,14,top,71,1.7999999999999958,158.6587701258278,1.1087333266157704,28.982206063272407
n2,14,top,72,1.8249999999999957,158.65878080895996,1.1087240551485027,28.98221744022057
n2,14,top,73,1.8499999999999956,158.6587911961528,1.1087155326085487,28.982229422509707
n2,14,top,74,1.8749999999999956,158.65879616269655,1.1087701200084337,28.982199536041872
n2,14,top,75,1.8999999999999955,158.65880643277853,1.1087404441256483,28.982199144497407
n2,14,top,76,1.9249999999999954,158.6588164982928,1.1087216089686511,28.98221032670235
n2,14,top,77,1.9499999999999953,158.65882648168446,1.1087154314932366,28.982230784065443
n2,14,top,78,1.9749999999999952,158.65883112213908,1.1087517388950092,28.98219361512359
n2,14,top,79,1.9999999999999951,158.65884071141477,1.108724161728162,28.982202602366897
n2,14,top,80,2.024999999999995,158.65885045960758,1.108716207741885,28.98222820339801
n2,14,top,81,2.049999999999995,158.65885464689387,1.108746266673448,28.98219076596884
n2,14,top,82,2.074999999999995,158.65886399213124,1.1087177037023492,28.98220480602087
n2,14,top,83,2.0999999999999948,158.65886798466602,1.108772079940749,28.982188688245092
n2,14,top,84,2.1249999999999947,158.65887706350549,1.1087256139033763,28.982189947055
n2,14,top,85,2.1499999999999946,158.65888643428016,1.1087143807785333,28.98222240167985
n2,14,top,86,2.1749999999999945,158.65888998388903,1.1087370117566464,28.982185101968764
n2,14,top,87,2.1999999999999944,158.6588990109741,1.1087150582708916,28.98221048591208
n2,14,top,88,2.2249999999999943,158.65890257315496,1.1087451986984371,28.982182994740352
n2,14,top,89,2.2499999999999942,158.65891135556663,1.1087138989577783,28.98220398440748
n2,14,top,90,2.274999999999994,158.65891476260884,1.1087480357642683,28.982180885952605
n2,14,top,91,2.299999999999994,158.65892337575417,1.1087134456206713,28.98220168603618
n2,14,top,92,2.324999999999994,158.6589265947258,1.1087459683540488,28.98217910662236
n2,14,top,93,2.349999999999994,158.65893513013003,1.1087140669952533,28.982203869526483
n2,14,top,94,2.374999999999994,158.65893807420346,1.1087388261919846,28.982177087114454
n2,14,top,95,2.3999999999999937,158.65894672977018,1.1087161002424823,28.982212069632833
n2,14,top,96,2.4249999999999936,158.65894932241682,1.1087286016654945,28.982176463020622
n2,14,top,97,2.4499999999999935,158.65895340675806,1.108779567009633,28.982183747274068
n2,14,top,98,2.4749999999999934,158.65895942229005,1.1087017831299744,28.982155660318096
n2,14,top,99,2.4999999999999933,158.65896358739457,1.1087614710310567,28.98217255859416
n2,14,top,100,2.5249999999999932,158.65897154490807,1.1087133959016628,28.98219044895561
n2,14,top,101,2.549999999999993,158.65897405971592,1.1087402786231217,28.982169904489172
n2,14,top,102,2.574999999999993,158.6589813555193,1.1087406312399604,28.9822065802477
n2,14,top,103,2.599999999999993,158.65898377507628,1.1087071043694496,28.98215538314739
n2,14,top,104,2.624999999999993,158.65898752031936,1.1087620061293535,28.98216986598513
n2,14,top,105,2.649999999999993,158.65899527125174,1.1087161879596839,28.982193194837787
n2,14,top,106,2.6749999999999927,158.65899726449902,1.108729010346729,28.98216473928653
n2,14,top,107,2.6999999999999926,158.65900048792736,1.1087798078799165,28.98217224514128
n2,14,top,108,2.7249999999999925,158.65900752408328,1.108709401002608,28.98217686362651
n2,14,top,109,2.7499999999999925,158.65900986292104,1.1087378072819591,28.982164354325253
n2,14,top,110,2.7749999999999924,158.65901275779558,1.1087866990158082,28.982171006706317
n2,14,top,111,2.7999999999999923,158.65901960214606,1.108707300140042,28.982170010076292
n2,14,top,112,2.824999999999992,158.6590220005911,1.1087392440359185,28.982163010214812
n2,14,top,113,2.849999999999992,158.65902482869035,1.1087857192727977,28.98216934069933
n2,14,top,114,2.874999999999992,158.6590315628115,1.1087068883127789,28.982170969719157
n2,14,top,115,2.899999999999992,158.65903369323482,1.1087335732139636,28.982160561523077
n2,14,top,116,2.924999999999992,158.6590366549096,1.1087778348894526,28.982167813124445
n2,14,top,117,2.9499999999999917,158.65904343025176,1.1087117942306068,28.982181287831416
n2,14,top,118,2.9749999999999917,158.659044993033,1.1087214151519498,28.982157185318126
n2,14,top,119,2.9999999999999916,158.65904781756265,1.1087650271077734,28.982165099683712
n2,14,top,120,3.0249999999999915,158.6590543438663,1.1087390824343228,28.982197255551583
n2,14,top,121,3.0499999999999914,158.65905562834766,1.1086995294351136,28.982145464498956
n2,14,top,122,3.0749999999999913,158.65905846211615,1.1087433671042686,28.982158601633394
n2,14,top,123,3.099999999999991,158.65906113205745,1.1087833335613775,28.982164881126415
n2,14,top,124,3.124999999999991,158.65906760038834,1.1087093198547973,28.982175640062163
n2,14,top,125,3.149999999999991,158.65906896413287,1.1087179042776225,28.982153577728884
n2,14,top,126,3.174999999999991,158.6590715368342,1.108758546219105,28.98216148648599
n2,14,top,127,3.199999999999991,158.65907345412558,1.108790852637515,28.982161175954623
n2,14,top,128,3.2249999999999908,158.6590797535918,1.1087017993894286,28.982161516327736
n2,14,top,129,3.2499999999999907,158.659081465642,1.1087242944090154,28.982153516165784
n2,14,top,130,3.2749999999999906,158.65908391979295,1.1087626821012686,28.982160629280543
n2,14,top,131,3.2999999999999905,158.65908563316503,1.1087919794645082,28.98215927859873
n2,14,top,132,3.3249999999999904,158.65909182495946,1.1087000121289212,28.98215861100601
n2,14,top,133,3.3499999999999903,158.65909347952697,1.1087226165588768,28.982152109426043
n2,14,top,134,3.3749999999999902,158.65909581549798,1.108759572546656,28.982159063433052
n2,14,top,135,3.39999999999999,158.65909760146434,1.1087871884029257,28.982157655300377
n2,14,top,136,3.42499999999999,158.6591038780865,1.1087035363176174,28.98216664787494
n2,14,top,137,3.44999999999999,158.65910503661786,1.1087130986408655,28.982149179520796
n2,14,top,138,3.47499999999999,158.65910727096397,1.1087498099735362,28.982156956029048
n2,14,top,139,3.49999999999999,158.6591092242812,1.10877662857778,28.982156817540687
n2,14,top,140,3.5249999999999897,158.65911589369836,1.1087221510798697,28.98219068085015
n2,14,top,141,3.5499999999999896,158.6591163001273,1.1086988100605037,28.9821469344354
n2,14,top,142,3.5749999999999895,158.65911827299297,1.1087319878793762,28.982152756178508
n2,14,top,143,3.59999999999999,158.65912025614656,1.1087622281615932,28.982155894163114
n2,14,top,144,3.6249999999999902,158.65912186062968,1.1087862698568067,28.982154471313407
n2,14,top,145,3.6499999999999906,158.65912805823015,1.10870396634212,28.982167542207808
n2,14,top,146,3.674999999999991,158.65912888528348,1.1087058345860228,28.982145716750782
n2,14,top,147,3.6999999999999913,158.65913091170063,1.108740476869077,28.98215366378937
n2,14,top,148,3.7249999999999917,158.65913267907274,1.1087659592265253,28.982153933575745
n2,14,top,149,3.749999999999992,158.65913410632504,1.1087886964517912,28.982153040708788
n2,14,top,150,3.7749999999999924,158.65914014065743,1.1086985684504254,28.982160609426824
n2,14,top,151,3.7999999999999927,158.65914105909255,1.108706377551603,28.982144890039393
n2,14,top,152,3.824999999999993,158.65914299988208,1.108739884715681,28.982152651780442
n2,14,top,153,3.8499999999999934,158.6591446520448,1.1087636544891362,28.982152386279527
n2,14,top,154,3.874999999999994,158.6591461230515,1.1087851336905632,28.982151623571355
n2,14,top,155,3.899999999999994,158.65915224661143,1.10870524384632,28.98216886564959
n2,14,top,156,3.9249999999999945,158.65915278219833,1.1086988668828766,28.98214248439152
n2,14,top,157,3.949999999999995,158.65915461463183,1.1087315076102078,28.982150462835392
n2,14,top,158,3.974999999999995,158.659156220019,1.1087559576089259,28.982151223813286
n2,14,top,159,3.9999999999999956,158.6591577952647,1.1087759015297152,28.982150721660222
n2,14,top,160,4.024999999999996,158.65916079646414,1.108774114960848,28.98216307394234
n2,14,top,161,4.049999999999996,158.65916341914786,1.108675050004307,28.98212223491873
n2,14,top,162,4.074999999999997,158.6591655787306,1.1087112128314784,28.982142125947888
n2,14,top,163,4.099999999999997,158.6591675429234,1.10874479096575,28.98215201557262
n2,14,top,164,4.124999999999997,158.6591688942278,1.1087628625204147,28.98214864960117
n2,14,top,165,4.149999999999998,158.65917033492278,1.108781944518453,28.98214869966148
n2,14,top,166,4.174999999999998,158.65917648788405,1.1087120526670387,28.982175983495498
n2,14,top,167,4.199999999999998,158.65917668034862,1.1086913118920574,28.98214049438805
n2,14,top,168,4.224999999999999,158.65917824487119,1.1087205067447663,28.982146676750403
n2,14,top,169,4.249999999999999,158.65917972677858,1.1087448420322699,28.98214849757012
n2,14,top,170,4.2749999999999995,158.65918113343872,1.1087638122349708,28.98214792959698
n2,14,top,171,4.3,158.6591824725432,1.1087817266005242,28.982147622012626
n2,14,top,172,4.325,158.65918860741172,1.1087112524458687,28.982175694807044
n2,14,top,173,4.3500000000000005,158.6591887099867,1.1086890091362769,28.98213954749322
n2,14,top,174,4.375000000000001,158.6591901913151,1.1087172773621912,28.982145499420877
n2,14,top,175,4.400000000000001,158.65919160342617,1.1087410496058148,28.98214737408685
n2,14,top,176,4.425000000000002,158.6591929384842,1.1087594585960063,28.982146796072097
n2,14,top,177,4.450000000000002,158.65919433527847,1.1087760282777082,28.98214688293236
n2,14,top,178,4.475000000000002,158.65919542118334,1.108790064889722,28.982147986289913
n2,14,top,179,4.500000000000003,158.65919978491695,1.1086724907532,28.98212386762936
n2,14,top,180,4.525000000000003,158.65920151173043,1.1087024528239613,28.982138611118458
n2,14,top,181,4.550000000000003,158.65920321423226,1.1087333440812335,28.982147851504976
n2,14,top,182,4.575000000000004,158.65920437229389,1.1087501382522764,28.982145011739185
n2,14,top,183,4.600000000000004,158.6592057001252,1.1087668769982233,28.982145335608116
n2,14,top,184,4.625000000000004,158.65920680515805,1.108782908161864,28.982145017915045
n2,14,top,185,4.650000000000005,158.65921274787135,1.1087039278936752,28.982167299031964
n2,14,top,186,4.675000000000005,158.65921283528135,1.1086858513234565,28.98213594305842
n2,14,top,187,4.7000000000000055,158.65921426806793,1.1087141781305092,28.982143437099456
n2,14,top,188,4.725000000000006,158.6592155348101,1.1087360820003742,28.982144809140703
n2,14,top,189,4.750000000000006,158.65921674611857,1.108753190208636,28.982144260303045
n2,14,top,190,4.775000000000007,158.65921802096514,1.1087686286198195,28.982144384714402
n2,14,top,191,4.800000000000007,158.65921899129395,1.1087837552399553,28.982144015814907
n2,14,top,192,4.825000000000007,158.65922482808836,1.1086965568011569,28.9821608136599
n2,14,top,193,4.850000000000008,158.6592249570961,1.108685608948821,28.982134800437773
n2,14,top,194,4.875000000000008,158.65922637705177,1.1087140703648544,28.982142897650235
n2,14,top,195,4.900000000000008,158.6592275645894,1.1087346646361498,28.982143639412524
n2,14,top,196,4.925000000000009,158.65922872831143,1.1087511602264244,28.982143179571306
n2,14,top,197,4.950000000000009,158.65922995197826,1.1087660185501589,28.982143302452474
n2,14,top,198,4.975000000000009,158.65923097881083,1.1087803660897935,28.98214285892394
n2,14,top,199,5.00000000000001,158.6592370398911,1.1087071820346122,28.982172622006132
n2,14,top,200,5.02500000000001,158.6592368645826,1.1086808332675369,28.982135053548784
n2,14,top,201,5.0500000000000105,158.65923809384356,1.1087063825234553,28.98214067490238
n2,14,top,202,5.075000000000011,158.65923927754991,1.108728216508733,28.982142699114313
n2,14,top,203,5.100000000000011,158.6592403802412,1.1087447499591128,28.982142119454245
n2,14,top,204,5.1250000000000115,158.6592415478596,1.1087595799588084,28.982142211982925
n2,14,top,205,5.150000000000012,158.65924273785217,1.1087727148527253,28.982142214785043
n2,14,top,206,5.175000000000012,158.65924340645898,1.1087863204148372,28.982141878997243
n2,14,top,207,5.200000000000013,158.65924875847963,1.1086792096008222,28.982141490469335
n2,14,top,208,5.225000000000013,158.6592493974486,1.1086898071629911,28.982134772465475
n2,14,top,209,5.250000000000013,158.65925073184343,1.108716727323935,28.98214191047352
n2,14,top,210,5.275000000000014,158.6592517648588,1.1087341345420316,28.982141088592492
n2,14,top,211,5.300000000000014,158.65925286381423,1.1087494440938999,28.982141015528725
n2,14,top,212,5.325000000000014,158.6592540035198,1.10876305107078,28.982141106234785
n2,14,top,213,5.350000000000015,158.65925507181333,1.1087758394532676,28.98214072821311
n2,14,top,214,5.375000000000015,158.65925786441977,1.1087639990942806,28.982154768615544
n2,14,top,215,5.4000000000000155,158.65925986557454,1.1086603670686905,28.982112197070713
n2,14,top,216,5.425000000000016,158.6592615752509,1.1086919396664063,28.982132570203305
n2,14,top,217,5.450000000000016,158.659263074159,1.1087211647383535,28.982142514103188
n2,14,top,218,5.4750000000000165,158.659263959987,1.1087352326360562,28.982139133071556
n2,14,top,219,5.500000000000017,158.65926504763155,1.1087500051155514,28.982139576291402
n2,14,top,220,5.525000000000017,158.6592661572261,1.10876294233805,28.982139719316923
n2,14,top,221,5.550000000000018,158.6592671704226,1.108775256257336,28.982139294011194
n2,14,top,222,5.575000000000018,158.6592696522601,1.1087670127574012,28.982150972180158
n2,14,top,223,5.600000000000018,158.65927194175444,1.1086590532038578,28.98211139278509
n2,14,top,224,5.625000000000019,158.6592735951735,1.1086898673550674,28.982131278857178
n2,14,top,225,5.650000000000019,158.65927505798084,1.1087187976702355,28.982141235650808
n2,14,top,226,5.675000000000019,158.6592759117434,1.1087326596586164,28.982137913577052
n2,14,top,227,5.70000000000002,158.65927696584995,1.1087472020939448,28.982138365818738
n2,14,top,228,5.72500000000002,158.65927804305295,1.1087599298690192,28.982138525291308
n2,14,top,229,5.75000000000002,158.6592791185022,1.108771305821138,28.98213846902672
n2,14,top,230,5.775000000000021,158.65927969153003,1.108783434628445,28.98213829443146
n2,14,top,231,5.800000000000021,158.65928495310544,1.108674621897759,28.982137720349318
n2,14,top,232,5.8250000000000215,158.6592854989011,1.1086844546319201,28.98213128850987
n2,14,top,233,5.850000000000022,158.65928673164845,1.1087104736319826,28.982138447261608
n2,14,top,234,5.875000000000022,158.65928766369242,1.1087270543416439,28.982137637491384
n2,14,top,235,5.900000000000023,158.65928866447805,1.1087416285733869,28.982137595492386
n2,14,top,236,5.925000000000023,158.65928970785455,1.1087545543009096,28.982137710581632
n2,14,top,237,5.950000000000023,158.65929076866158,1.1087660398000854,28.982137690654184
n2,14,top,238,5.975000000000024,158.6592915243292,1.1087779626695786,28.98213738226793
n2,14,top,239,6.000000000000024,158.6592973257369,1.1086960133426538,28.98216086600613
n2,14,top,240,6.025000000000024,158.65929712042515,1.1086733862512532,28.98212845635414
n2,14,top,241,6.050000000000025,158.65929826606708,1.1086989097964681,28.9821357377525
n2,14,top,242,6.075000000000025,158.6592992638357,1.1087186251891659,28.9821372102779
n2,14,top,243,6.100000000000025,158.65930020562618,1.10873365238195,28.982136653754537
n2,14,top,244,6.125000000000026,158.65930121594215,1.1087471617907478,28.982136779164048
n2,14,top,245,6.150000000000026,158.65930224979715,1.108759074159142,28.982136783607206
n2,14,top,246,6.1750000000000265,158.6593032786526,1.1087699502022015,28.982136681901462
n2,14,top,247,6.200000000000027,158.65930382853128,1.1087814877376543,28.982136541057287
n2,14,top,248,6.225000000000027,158.65930908878778,1.1086728504995458,28.98213681966749
n2,14,top,249,6.2500000000000275,158.65930955583198,1.1086811902419873,28.98212930316637
n2,14,top,250,6.275000000000028,158.65931075343664,1.1087070143522693,28.98213656241806
n2,14,top,251,6.300000000000028,158.6593116500889,1.1087234155109242,28.982135779050928
n2,14,top,252,6.325000000000029,158.65931261336863,1.1087377575320514,28.982135695711012
n2,14,top,253,6.350000000000029,158.65931362159856,1.1087504780845285,28.982135793001216
n2,14,top,254,6.375000000000029,158.65931464869635,1.1087617681777002,28.982135756037383
n2,14,top,255,6.40000000000003,158.65931551394513,1.108773195643587,28.98213529997192
n2,14,top,256,6.42500000000003,158.65931933346135,1.1087436821729628,28.982157583671306
n2,14,top,257,6.45000000000003,158.6593202154188,1.108654551655456,28.98210774500526
n2,14,top,258,6.475000000000031,158.65932180518004,1.108685314011659,28.982127847256173
n2,14,top,259,6.500000000000031,158.65932316396714,1.1087129889669223,28.982137162296056
n2,14,top,260,6.525000000000031,158.65932394993547,1.108726298039196,28.98213394014433
n2,14,top,261,6.550000000000032,158.65932493362612,1.1087402748303143,28.982134371412425
n2,14,top,262,6.575000000000032,158.65932594206842,1.1087524875051664,28.982134504660365
n2,14,top,263,6.6000000000000325,158.65932696476415,1.108763359939413,28.982134460809146
n2,14,top,264,6.625000000000033,158.6593277148274,1.1087747505446153,28.982134164118882
n2,14,top,265,6.650000000000033,158.65933366494957,1.1086977204632082,28.98216364974824
n2,14,top,266,6.675000000000034,158.65933329551774,1.108669361408729,28.98212637440286
n2,14,top,267,6.700000000000034,158.6593343289712,1.1086931896817451,28.982132148617072
n2,14,top,268,6.725000000000034,158.65933531174196,1.108713334440209,28.982134137852412
n2,14,top,269,6.750000000000035,158.65933622023215,1.1087283845237363,28.98213357419606
n2,14,top,270,6.775000000000035,158.65933719884663,1.1087418660883552,28.982133682695444
n2,14,top,271,6.800000000000035,158.6593382051521,1.1087537583341707,28.982133699091328
n2,14,top,272,6.825000000000036,158.65933923115338,1.1087644879106429,28.982133662578647
n2,14,top,273,6.850000000000036,158.65933988832637,1.108775889950662,28.98213340638647
n2,14,top,274,6.875000000000036,158.65934558409742,1.108685570977319,28.982151082592328
n2,14,top,275,6.900000000000037,158.65934544136965,1.1086705980768068,28.982124166528646
n2,14,top,276,6.925000000000037,158.65934660728772,1.1086967781504018,28.98213230090452
n2,14,top,277,6.9500000000000375,158.65934754948546,1.1087154579570266,28.98213312764662
n2,14,top,278,6.975000000000038,158.65934846819542,1.1087301251183193,28.98213264444957
n2,14,top,279,7.000000000000038,158.65934945396006,1.1087433170489376,28.9821327706599
n2,14,top,280,7.0250000000000385,158.65935046327468,1.108754960494657,28.982132758734608
n2,14,top,281,7.050000000000039,158.65935149184742,1.1087655186426366,28.982132713787774
n2,14,top,282,7.075000000000039,158.6593520642628,1.1087768470279658,28.98213246964808
n2,14,top,283,7.10000000000004,158.6593575446153,1.1086747719649894,28.982140224754207
n2,14,top,284,7.12500000000004,158.65935769565215,1.1086737019128725,28.982124271511974
n2,14,top,285,7.15000000000004,158.6593588825787,1.108699988600822,28.982132196901
n2,14,top,286,7.175000000000041,158.65935978227856,1.1087172234550458,28.982131957369013
n2,14,top,287,7.200000000000041,158.65936071771765,1.1087316883740204,28.982131714190473
n2,14,top,288,7.225000000000041,158.65936170809726,1.1087445915420953,28.9821318232222
n2,14,top,289,7.250000000000042,158.65936271984918,1.1087560121787543,28.982131791559652
n2,14,top,290,7.275000000000042,158.6593637092023,1.1087666825696434,28.982131601838148
n2,14,top,291,7.3000000000000425,158.65936424556043,1.1087776957718816,28.9821315811588
n2,14,top,292,7.325000000000043,158.659369480081,1.1086677852787756,28.98213114915574
n2,14,top,293,7.350000000000043,158.65936996098014,1.1086769310145945,28.982124524021383
n2,14,top,294,7.3750000000000435,158.6593711382975,1.1087025796592092,28.982131693336484
n2,14,top,295,7.400000000000044,158.65937201560865,1.1087188065845521,28.98213085018119
n2,14,top,296,7.425000000000044,158.65937296405065,1.1087330600926204,28.98213077508761
n2,14,top,297,7.450000000000045,158.65937395795066,1.10874570060739,28.982130864926468
n2,14,top,298,7.475000000000045,158.65937497191058,1.1087569281912217,28.982130822522965
n2,14,top,299,7.500000000000045,158.6593758852497,1.1087680661367074,28.982130379792906
