variant,drive_rate_hz,seed,step,t_ms_rel_cut,al_rate_hz
published,10.0,101,0,-987.5,35.74257425742574
published,10.0,101,1,-962.5,118.5148514851485
published,10.0,101,2,-937.5,120.24752475247523
published,10.0,101,3,-912.5,119.15841584158414
published,10.0,101,4,-887.5,120.99009900990097
published,10.0,101,5,-862.5,118.019801980198
published,10.0,101,6,-837.5,119.99999999999999
published,10.0,101,7,-812.5,118.16831683168316
published,10.0,101,8,-787.5,121.68316831683167
published,10.0,101,9,-762.5,119.95049504950494
published,10.0,101,10,-737.5,119.95049504950494
published,10.0,101,11,-712.5,117.7227722772277
published,10.0,101,12,-687.5,120.24752475247523
published,10.0,101,13,-662.5,121.03960396039602
published,10.0,101,14,-637.5,119.90099009900989
published,10.0,101,15,-612.5,120.89108910891088
published,10.0,101,16,-587.5,121.43564356435643
published,10.0,101,17,-562.5,120.09900990099008
published,10.0,101,18,-537.5,121.18811881188117
published,10.0,101,19,-512.5,118.6138613861386
published,10.0,101,20,-487.5,120.44554455445542
published,10.0,101,21,-462.5,120.44554455445542
published,10.0,101,22,-437.5,119.80198019801979
published,10.0,101,23,-412.5,120.64356435643563
published,10.0,101,24,-387.5,118.66336633663364
published,10.0,101,25,-362.5,119.95049504950494
published,10.0,101,26,-337.5,120.09900990099008
published,10.0,101,27,-312.5,120.99009900990097
published,10.0,101,28,-287.5,119.30693069306929
published,10.0,101,29,-262.5,119.2079207920792
published,10.0,101,30,-237.5,120.39603960396038
published,10.0,101,31,-212.5,119.25742574257424
published,10.0,101,32,-187.5,119.1089108910891
published,10.0,101,33,-162.5,120.04950495049503
published,10.0,101,34,-137.5,118.66336633663364
published,10.0,101,35,-112.5,119.99999999999999
published,10.0,101,36,-87.5,121.78217821782177
published,10.0,101,37,-62.5,120.09900990099008
published,10.0,101,38,-37.5,117.87128712871285
published,10.0,101,39,-12.5,120.84158415841583
published,10.0,101,40,12.5,118.9108910891089
published,10.0,101,41,37.5,118.26732673267325
published,10.0,101,42,62.5,121.08910891089107
published,10.0,101,43,87.5,119.15841584158414
published,10.0,101,44,112.5,119.60396039603958
published,10.0,101,45,137.5,118.5148514851485
published,10.0,101,46,162.5,119.80198019801979
published,10.0,101,47,187.5,120.74257425742573
published,10.0,101,48,212.5,118.9108910891089
published,10.0,101,49,237.5,121.08910891089107
published,10.0,101,50,262.5,120.24752475247523
published,10.0,101,51,287.5,118.86138613861384
published,10.0,101,52,312.5,119.85148514851484
published,10.0,101,53,337.5,117.62376237623761
published,10.0,101,54,362.5,118.3168316831683
published,10.0,101,55,387.5,119.80198019801979
published,10.0,101,56,412.5,120.24752475247523
published,10.0,101,57,437.5,119.50495049504948
published,10.0,101,58,462.5,119.90099009900989
published,10.0,101,59,487.5,119.95049504950494
published,10.0,101,60,512.5,119.40594059405939
published,10.0,101,61,537.5,119.25742574257424
published,10.0,101,62,562.5,119.85148514851484
published,10.0,101,63,587.5,118.96039603960395
published,10.0,101,64,612.5,121.33663366336631
published,10.0,101,65,637.5,119.99999999999999
published,10.0,101,66,662.5,119.80198019801979
published,10.0,101,67,687.5,119.50495049504948
published,10.0,101,68,712.5,120.44554455445542
published,10.0,101,69,737.5,119.2079207920792
published,10.0,101,70,762.5,120.49504950495047
published,10.0,101,71,787.5,118.71287128712869
published,10.0,101,72,812.5,120.59405940594058
published,10.0,101,73,837.5,118.06930693069306
published,10.0,101,74,862.5,119.85148514851484
published,10.0,101,75,887.5,119.009900990099
published,10.0,101,76,912.5,120.04950495049503
published,10.0,101,77,937.5,119.1089108910891
published,10.0,101,78,962.5,121.38613861386136
published,10.0,101,79,987.5,119.009900990099
published,10.0,102,0,-987.5,33.91089108910891
published,10.0,102,1,-962.5,117.7227722772277
published,10.0,102,2,-937.5,120.04950495049503
published,10.0,102,3,-912.5,119.95049504950494
published,10.0,102,4,-887.5,120.19801980198018
published,10.0,102,5,-862.5,120.59405940594058
published,10.0,102,6,-837.5,121.28712871287127
published,10.0,102,7,-812.5,119.50495049504948
published,10.0,102,8,-787.5,120.54455445544552
published,10.0,102,9,-762.5,119.40594059405939
published,10.0,102,10,-737.5,120.29702970297028
published,10.0,102,11,-712.5,118.76237623762374
published,10.0,102,12,-687.5,121.63366336633662
published,10.0,102,13,-662.5,120.04950495049503
published,10.0,102,14,-637.5,121.48514851485147
published,10.0,102,15,-612.5,119.65346534653463
published,10.0,102,16,-587.5,119.009900990099
published,10.0,102,17,-562.5,120.84158415841583
published,10.0,102,18,-537.5,119.80198019801979
published,10.0,102,19,-512.5,119.1089108910891
published,10.0,102,20,-487.5,118.71287128712869
published,10.0,102,21,-462.5,120.54455445544552
published,10.0,102,22,-437.5,120.34653465346533
published,10.0,102,23,-412.5,121.03960396039602
published,10.0,102,24,-387.5,120.39603960396038
published,10.0,102,25,-362.5,119.25742574257424
published,10.0,102,26,-337.5,120.54455445544552
published,10.0,102,27,-312.5,121.83168316831681
published,10.0,102,28,-287.5,118.3168316831683
published,10.0,102,29,-262.5,119.45544554455444
published,10.0,102,30,-237.5,121.38613861386136
published,10.0,102,31,-212.5,120.69306930693068
published,10.0,102,32,-187.5,119.99999999999999
published,10.0,102,33,-162.5,120.39603960396038
published,10.0,102,34,-137.5,119.85148514851484
published,10.0,102,35,-112.5,119.95049504950494
published,10.0,102,36,-87.5,119.35643564356434
published,10.0,102,37,-62.5,119.85148514851484
published,10.0,102,38,-37.5,119.80198019801979
published,10.0,102,39,-12.5,120.29702970297028
published,10.0,102,40,12.5,118.86138613861384
published,10.0,102,41,37.5,119.2079207920792
published,10.0,102,42,62.5,119.15841584158414
published,10.0,102,43,87.5,119.35643564356434
published,10.0,102,44,112.5,119.85148514851484
published,10.0,102,45,137.5,118.71287128712869
published,10.0,102,46,162.5,117.77227722772275
published,10.0,102,47,187.5,119.65346534653463
published,10.0,102,48,212.5,117.77227722772275
published,10.0,102,49,237.5,121.13861386138612
published,10.0,102,50,262.5,120.19801980198018
published,10.0,102,51,287.5,119.75247524752474
published,10.0,102,52,312.5,117.62376237623761
published,10.0,102,53,337.5,120.74257425742573
published,10.0,102,54,362.5,119.95049504950494
published,10.0,102,55,387.5,118.36633663366335
published,10.0,102,56,412.5,118.86138613861384
published,10.0,102,57,437.5,118.76237623762374
published,10.0,102,58,462.5,119.50495049504948
published,10.0,102,59,487.5,120.59405940594058
published,10.0,102,60,512.5,119.85148514851484
published,10.0,102,61,537.5,119.65346534653463
published,10.0,102,62,562.5,119.30693069306929
published,10.0,102,63,587.5,120.99009900990097
published,10.0,102,64,612.5,118.46534653465345
published,10.0,102,65,637.5,119.75247524752474
published,10.0,102,66,662.5,119.80198019801979
published,10.0,102,67,687.5,118.71287128712869
published,10.0,102,68,712.5,120.59405940594058
published,10.0,102,69,737.5,118.56435643564355
published,10.0,102,70,762.5,120.44554455445542
published,10.0,102,71,787.5,120.24752475247523
published,10.0,102,72,812.5,119.70297029702968
published,10.0,102,73,837.5,120.19801980198018
published,10.0,102,74,862.5,118.46534653465345
published,10.0,102,75,887.5,118.76237623762374
published,10.0,102,76,912.5,121.33663366336631
published,10.0,102,77,937.5,118.86138613861384
published,10.0,102,78,962.5,119.35643564356434
published,10.0,102,79,987.5,118.2178217821782
published,10.0,103,0,-987.5,41.732673267326724
published,10.0,103,1,-962.5,118.3168316831683
published,10.0,103,2,-937.5,119.95049504950494
published,10.0,103,3,-912.5,120.49504950495047
published,10.0,103,4,-887.5,119.45544554455444
published,10.0,103,5,-862.5,118.76237623762374
published,10.0,103,6,-837.5,121.23762376237622
published,10.0,103,7,-812.5,119.99999999999999
published,10.0,103,8,-787.5,120.19801980198018
published,10.0,103,9,-762.5,120.89108910891088
published,10.0,103,10,-737.5,120.24752475247523
published,10.0,103,11,-712.5,119.35643564356434
published,10.0,103,12,-687.5,118.6138613861386
published,10.0,103,13,-662.5,119.40594059405939
published,10.0,103,14,-637.5,120.04950495049503
published,10.0,103,15,-612.5,120.24752475247523
published,10.0,103,16,-587.5,120.49504950495047
published,10.0,103,17,-562.5,119.2079207920792
published,10.0,103,18,-537.5,119.45544554455444
published,10.0,103,19,-512.5,121.13861386138612
published,10.0,103,20,-487.5,120.19801980198018
published,10.0,103,21,-462.5,119.95049504950494
published,10.0,103,22,-437.5,118.86138613861384
published,10.0,103,23,-412.5,119.50495049504948
published,10.0,103,24,-387.5,120.34653465346533
published,10.0,103,25,-362.5,118.16831683168316
published,10.0,103,26,-337.5,121.13861386138612
published,10.0,103,27,-312.5,119.70297029702968
published,10.0,103,28,-287.5,119.55445544554453
published,10.0,103,29,-262.5,120.84158415841583
published,10.0,103,30,-237.5,120.79207920792078
published,10.0,103,31,-212.5,120.74257425742573
published,10.0,103,32,-187.5,119.60396039603958
published,10.0,103,33,-162.5,119.15841584158414
published,10.0,103,34,-137.5,120.14851485148513
published,10.0,103,35,-112.5,120.29702970297028
published,10.0,103,36,-87.5,121.18811881188117
published,10.0,103,37,-62.5,119.60396039603958
published,10.0,103,38,-37.5,119.65346534653463
published,10.0,103,39,-12.5,121.18811881188117
published,10.0,103,40,12.5,119.2079207920792
published,10.0,103,41,37.5,119.40594059405939
published,10.0,103,42,62.5,119.55445544554453
published,10.0,103,43,87.5,120.29702970297028
published,10.0,103,44,112.5,119.1089108910891
published,10.0,103,45,137.5,119.95049504950494
published,10.0,103,46,162.5,119.55445544554453
published,10.0,103,47,187.5,117.7227722772277
published,10.0,103,48,212.5,118.96039603960395
published,10.0,103,49,237.5,120.24752475247523
published,10.0,103,50,262.5,119.2079207920792
published,10.0,103,51,287.5,119.90099009900989
published,10.0,103,52,312.5,119.90099009900989
published,10.0,103,53,337.5,119.50495049504948
published,10.0,103,54,362.5,120.19801980198018
published,10.0,103,55,387.5,120.04950495049503
published,10.0,103,56,412.5,118.36633663366335
published,10.0,103,57,437.5,119.90099009900989
published,10.0,103,58,462.5,118.9108910891089
published,10.0,103,59,487.5,119.55445544554453
published,10.0,103,60,512.5,119.95049504950494
published,10.0,103,61,537.5,119.05940594059405
published,10.0,103,62,562.5,120.34653465346533
published,10.0,103,63,587.5,120.14851485148513
published,10.0,103,64,612.5,119.25742574257424
published,10.0,103,65,637.5,119.90099009900989
published,10.0,103,66,662.5,119.65346534653463
published,10.0,103,67,687.5,118.96039603960395
published,10.0,103,68,712.5,117.9207920792079
published,10.0,103,69,737.5,120.74257425742573
published,10.0,103,70,762.5,119.75247524752474
published,10.0,103,71,787.5,118.5148514851485
published,10.0,103,72,812.5,121.08910891089107
published,10.0,103,73,837.5,119.2079207920792
published,10.0,103,74,862.5,119.75247524752474
published,10.0,103,75,887.5,119.40594059405939
published,10.0,103,76,912.5,119.90099009900989
published,10.0,103,77,937.5,117.97029702970295
published,10.0,103,78,962.5,119.95049504950494
published,10.0,103,79,987.5,119.70297029702968
published,10.0,104,0,-987.5,10.940594059405939
published,10.0,104,1,-962.5,114.85148514851484
published,10.0,104,2,-937.5,118.6138613861386
published,10.0,104,3,-912.5,118.86138613861384
published,10.0,104,4,-887.5,119.75247524752474
published,10.0,104,5,-862.5,119.35643564356434
published,10.0,104,6,-837.5,120.64356435643563
published,10.0,104,7,-812.5,118.9108910891089
published,10.0,104,8,-787.5,120.29702970297028
published,10.0,104,9,-762.5,119.95049504950494
published,10.0,104,10,-737.5,120.04950495049503
published,10.0,104,11,-712.5,120.04950495049503
published,10.0,104,12,-687.5,118.5148514851485
published,10.0,104,13,-662.5,120.84158415841583
published,10.0,104,14,-637.5,119.65346534653463
published,10.0,104,15,-612.5,120.99009900990097
published,10.0,104,16,-587.5,118.9108910891089
published,10.0,104,17,-562.5,120.14851485148513
published,10.0,104,18,-537.5,119.45544554455444
published,10.0,104,19,-512.5,119.50495049504948
published,10.0,104,20,-487.5,120.24752475247523
published,10.0,104,21,-462.5,120.84158415841583
published,10.0,104,22,-437.5,117.67326732673266
published,10.0,104,23,-412.5,120.04950495049503
published,10.0,104,24,-387.5,121.18811881188117
published,10.0,104,25,-362.5,120.34653465346533
published,10.0,104,26,-337.5,120.79207920792078
published,10.0,104,27,-312.5,120.39603960396038
published,10.0,104,28,-287.5,119.70297029702968
published,10.0,104,29,-262.5,120.64356435643563
published,10.0,104,30,-237.5,118.86138613861384
published,10.0,104,31,-212.5,118.86138613861384
published,10.0,104,32,-187.5,119.25742574257424
published,10.0,104,33,-162.5,119.35643564356434
published,10.0,104,34,-137.5,119.55445544554453
published,10.0,104,35,-112.5,118.66336633663364
published,10.0,104,36,-87.5,120.84158415841583
published,10.0,104,37,-62.5,120.84158415841583
published,10.0,104,38,-37.5,119.95049504950494
published,10.0,104,39,-12.5,120.34653465346533
published,10.0,104,40,12.5,119.99999999999999
published,10.0,104,41,37.5,120.09900990099008
published,10.0,104,42,62.5,118.66336633663364
published,10.0,104,43,87.5,119.50495049504948
published,10.0,104,44,112.5,119.55445544554453
published,10.0,104,45,137.5,118.46534653465345
published,10.0,104,46,162.5,120.09900990099008
published,10.0,104,47,187.5,119.35643564356434
published,10.0,104,48,212.5,120.94059405940592
published,10.0,104,49,237.5,119.60396039603958
published,10.0,104,50,262.5,118.16831683168316
published,10.0,104,51,287.5,120.14851485148513
published,10.0,104,52,312.5,120.79207920792078
published,10.0,104,53,337.5,120.59405940594058
published,10.0,104,54,362.5,118.26732673267325
published,10.0,104,55,387.5,120.14851485148513
published,10.0,104,56,412.5,119.25742574257424
published,10.0,104,57,437.5,119.75247524752474
published,10.0,104,58,462.5,118.36633663366335
published,10.0,104,59,487.5,120.59405940594058
published,10.0,104,60,512.5,119.35643564356434
published,10.0,104,61,537.5,120.84158415841583
published,10.0,104,62,562.5,119.15841584158414
published,10.0,104,63,587.5,120.19801980198018
published,10.0,104,64,612.5,120.74257425742573
published,10.0,104,65,637.5,118.2178217821782
published,10.0,104,66,662.5,120.24752475247523
published,10.0,104,67,687.5,118.81188118811879
published,10.0,104,68,712.5,121.53465346534652
published,10.0,104,69,737.5,120.34653465346533
published,10.0,104,70,762.5,119.30693069306929
published,10.0,104,71,787.5,120.04950495049503
published,10.0,104,72,812.5,119.75247524752474
published,10.0,104,73,837.5,119.95049504950494
published,10.0,104,74,862.5,120.64356435643563
published,10.0,104,75,887.5,120.54455445544552
published,10.0,104,76,912.5,118.6138613861386
published,10.0,104,77,937.5,120.19801980198018
published,10.0,104,78,962.5,120.09900990099008
published,10.0,104,79,987.5,118.96039603960395
published,10.0,105,0,-987.5,31.188118811881182
published,10.0,105,1,-962.5,117.02970297029701
published,10.0,105,2,-937.5,119.15841584158414
published,10.0,105,3,-912.5,119.2079207920792
published,10.0,105,4,-887.5,120.89108910891088
published,10.0,105,5,-862.5,119.55445544554453
published,10.0,105,6,-837.5,119.85148514851484
published,10.0,105,7,-812.5,119.99999999999999
published,10.0,105,8,-787.5,119.99999999999999
published,10.0,105,9,-762.5,119.15841584158414
published,10.0,105,10,-737.5,120.34653465346533
published,10.0,105,11,-712.5,120.14851485148513
published,10.0,105,12,-687.5,121.13861386138612
published,10.0,105,13,-662.5,119.40594059405939
published,10.0,105,14,-637.5,120.04950495049503
published,10.0,105,15,-612.5,119.55445544554453
published,10.0,105,16,-587.5,119.95049504950494
published,10.0,105,17,-562.5,118.81188118811879
published,10.0,105,18,-537.5,119.65346534653463
published,10.0,105,19,-512.5,119.70297029702968
published,10.0,105,20,-487.5,117.87128712871285
published,10.0,105,21,-462.5,119.50495049504948
published,10.0,105,22,-437.5,120.59405940594058
published,10.0,105,23,-412.5,119.75247524752474
published,10.0,105,24,-387.5,118.3168316831683
published,10.0,105,25,-362.5,119.60396039603958
published,10.0,105,26,-337.5,120.04950495049503
published,10.0,105,27,-312.5,118.86138613861384
published,10.0,105,28,-287.5,120.54455445544552
published,10.0,105,29,-262.5,120.54455445544552
published,10.0,105,30,-237.5,119.75247524752474
published,10.0,105,31,-212.5,119.60396039603958
published,10.0,105,32,-187.5,120.19801980198018
published,10.0,105,33,-162.5,120.04950495049503
published,10.0,105,34,-137.5,117.97029702970295
published,10.0,105,35,-112.5,120.29702970297028
published,10.0,105,36,-87.5,119.30693069306929
published,10.0,105,37,-62.5,119.40594059405939
published,10.0,105,38,-37.5,119.15841584158414
published,10.0,105,39,-12.5,119.60396039603958
published,10.0,105,40,12.5,119.1089108910891
published,10.0,105,41,37.5,117.1287128712871
published,10.0,105,42,62.5,120.94059405940592
published,10.0,105,43,87.5,119.80198019801979
published,10.0,105,44,112.5,118.019801980198
published,10.0,105,45,137.5,119.30693069306929
published,10.0,105,46,162.5,119.70297029702968
published,10.0,105,47,187.5,120.69306930693068
published,10.0,105,48,212.5,120.44554455445542
published,10.0,105,49,237.5,119.009900990099
published,10.0,105,50,262.5,117.9207920792079
published,10.0,105,51,287.5,120.14851485148513
published,10.0,105,52,312.5,119.70297029702968
published,10.0,105,53,337.5,119.05940594059405
published,10.0,105,54,362.5,119.2079207920792
published,10.0,105,55,387.5,119.80198019801979
published,10.0,105,56,412.5,119.35643564356434
published,10.0,105,57,437.5,118.81188118811879
published,10.0,105,58,462.5,120.04950495049503
published,10.0,105,59,487.5,121.08910891089107
published,10.0,105,60,512.5,119.35643564356434
published,10.0,105,61,537.5,119.15841584158414
published,10.0,105,62,562.5,118.2178217821782
published,10.0,105,63,587.5,120.79207920792078
published,10.0,105,64,612.5,119.009900990099
published,10.0,105,65,637.5,119.05940594059405
published,10.0,105,66,662.5,120.54455445544552
published,10.0,105,67,687.5,118.96039603960395
published,10.0,105,68,712.5,119.30693069306929
published,10.0,105,69,737.5,119.2079207920792
published,10.0,105,70,762.5,119.55445544554453
published,10.0,105,71,787.5,118.86138613861384
published,10.0,105,72,812.5,119.70297029702968
published,10.0,105,73,837.5,118.5148514851485
published,10.0,105,74,862.5,119.95049504950494
published,10.0,105,75,887.5,119.50495049504948
published,10.0,105,76,912.5,119.75247524752474
published,10.0,105,77,937.5,118.4158415841584
published,10.0,105,78,962.5,121.03960396039602
published,10.0,105,79,987.5,119.85148514851484
published,130.3,101,0,-987.5,68.96039603960395
published,130.3,101,1,-962.5,124.15841584158414
published,130.3,101,2,-937.5,123.06930693069305
published,130.3,101,3,-912.5,122.97029702970295
published,130.3,101,4,-887.5,122.52475247524751
published,130.3,101,5,-862.5,125.34653465346533
published,130.3,101,6,-837.5,122.2277227722772
published,130.3,101,7,-812.5,122.52475247524751
published,130.3,101,8,-787.5,123.11881188118811
published,130.3,101,9,-762.5,122.7227722772277
published,130.3,101,10,-737.5,123.86138613861384
published,130.3,101,11,-712.5,122.2277227722772
published,130.3,101,12,-687.5,124.1089108910891
published,130.3,101,13,-662.5,122.87128712871285
published,130.3,101,14,-637.5,123.26732673267325
published,130.3,101,15,-612.5,123.11881188118811
published,130.3,101,16,-587.5,121.83168316831681
published,130.3,101,17,-562.5,123.81188118811879
published,130.3,101,18,-537.5,123.36633663366335
published,130.3,101,19,-512.5,122.17821782178216
published,130.3,101,20,-487.5,122.62376237623761
published,130.3,101,21,-462.5,121.08910891089107
published,130.3,101,22,-437.5,124.009900990099
published,130.3,101,23,-412.5,122.52475247524751
published,130.3,101,24,-387.5,121.88118811881186
published,130.3,101,25,-362.5,121.38613861386136
published,130.3,101,26,-337.5,124.35643564356434
published,130.3,101,27,-312.5,121.98019801980196
published,130.3,101,28,-287.5,121.63366336633662
published,130.3,101,29,-262.5,123.11881188118811
published,130.3,101,30,-237.5,123.46534653465345
published,130.3,101,31,-212.5,123.76237623762374
published,130.3,101,32,-187.5,122.37623762376236
published,130.3,101,33,-162.5,122.57425742574256
published,130.3,101,34,-137.5,122.47524752475246
published,130.3,101,35,-112.5,122.97029702970295
published,130.3,101,36,-87.5,122.2277227722772
published,130.3,101,37,-62.5,123.86138613861384
published,130.3,101,38,-37.5,123.46534653465345
published,130.3,101,39,-12.5,122.1287128712871
published,130.3,101,40,12.5,120.14851485148513
published,130.3,101,41,37.5,120.69306930693068
published,130.3,101,42,62.5,118.16831683168316
published,130.3,101,43,87.5,120.74257425742573
published,130.3,101,44,112.5,118.06930693069306
published,130.3,101,45,137.5,119.85148514851484
published,130.3,101,46,162.5,119.85148514851484
published,130.3,101,47,187.5,118.96039603960395
published,130.3,101,48,212.5,120.39603960396038
published,130.3,101,49,237.5,120.74257425742573
published,130.3,101,50,262.5,119.45544554455444
published,130.3,101,51,287.5,120.09900990099008
published,130.3,101,52,312.5,120.64356435643563
published,130.3,101,53,337.5,119.85148514851484
published,130.3,101,54,362.5,120.54455445544552
published,130.3,101,55,387.5,118.76237623762374
published,130.3,101,56,412.5,118.66336633663364
published,130.3,101,57,437.5,119.75247524752474
published,130.3,101,58,462.5,118.86138613861384
published,130.3,101,59,487.5,117.52475247524751
published,130.3,101,60,512.5,120.84158415841583
published,130.3,101,61,537.5,120.04950495049503
published,130.3,101,62,562.5,119.95049504950494
published,130.3,101,63,587.5,118.2178217821782
published,130.3,101,64,612.5,121.53465346534652
published,130.3,101,65,637.5,117.77227722772275
published,130.3,101,66,662.5,119.55445544554453
published,130.3,101,67,687.5,121.03960396039602
published,130.3,101,68,712.5,119.35643564356434
published,130.3,101,69,737.5,119.85148514851484
published,130.3,101,70,762.5,119.30693069306929
published,130.3,101,71,787.5,118.96039603960395
published,130.3,101,72,812.5,118.86138613861384
published,130.3,101,73,837.5,119.40594059405939
published,130.3,101,74,862.5,119.65346534653463
published,130.3,101,75,887.5,118.71287128712869
published,130.3,101,76,912.5,119.35643564356434
published,130.3,101,77,937.5,120.84158415841583
published,130.3,101,78,962.5,118.81188118811879
published,130.3,101,79,987.5,118.66336633663364
published,130.3,102,0,-987.5,70.59405940594058
published,130.3,102,1,-962.5,123.019801980198
published,130.3,102,2,-937.5,123.11881188118811
published,130.3,102,3,-912.5,121.88118811881186
published,130.3,102,4,-887.5,122.27722772277227
published,130.3,102,5,-862.5,122.52475247524751
published,130.3,102,6,-837.5,123.06930693069305
published,130.3,102,7,-812.5,123.11881188118811
published,130.3,102,8,-787.5,124.2079207920792
published,130.3,102,9,-762.5,122.87128712871285
published,130.3,102,10,-737.5,123.96039603960395
published,130.3,102,11,-712.5,123.56435643564355
published,130.3,102,12,-687.5,123.56435643564355
published,130.3,102,13,-662.5,122.17821782178216
published,130.3,102,14,-637.5,123.3168316831683
published,130.3,102,15,-612.5,123.5148514851485
published,130.3,102,16,-587.5,121.48514851485147
published,130.3,102,17,-562.5,123.76237623762374
published,130.3,102,18,-537.5,123.3168316831683
published,130.3,102,19,-512.5,122.87128712871285
published,130.3,102,20,-487.5,122.67326732673266
published,130.3,102,21,-462.5,121.93069306930691
published,130.3,102,22,-437.5,122.2277227722772
published,130.3,102,23,-412.5,122.77227722772275
published,130.3,102,24,-387.5,122.9207920792079
published,130.3,102,25,-362.5,122.67326732673266
published,130.3,102,26,-337.5,122.7227722772277
published,130.3,102,27,-312.5,123.3168316831683
published,130.3,102,28,-287.5,121.13861386138612
published,130.3,102,29,-262.5,124.1089108910891
published,130.3,102,30,-237.5,123.5148514851485
published,130.3,102,31,-212.5,122.77227722772275
published,130.3,102,32,-187.5,121.43564356435643
published,130.3,102,33,-162.5,123.11881188118811
published,130.3,102,34,-137.5,122.37623762376236
published,130.3,102,35,-112.5,123.56435643564355
published,130.3,102,36,-87.5,122.67326732673266
published,130.3,102,37,-62.5,123.2178217821782
published,130.3,102,38,-37.5,124.35643564356434
published,130.3,102,39,-12.5,121.88118811881186
published,130.3,102,40,12.5,119.65346534653463
published,130.3,102,41,37.5,120.39603960396038
published,130.3,102,42,62.5,118.3168316831683
published,130.3,102,43,87.5,119.40594059405939
published,130.3,102,44,112.5,119.25742574257424
published,130.3,102,45,137.5,119.95049504950494
published,130.3,102,46,162.5,121.43564356435643
published,130.3,102,47,187.5,117.42574257425741
published,130.3,102,48,212.5,119.70297029702968
published,130.3,102,49,237.5,119.90099009900989
published,130.3,102,50,262.5,119.60396039603958
published,130.3,102,51,287.5,117.62376237623761
published,130.3,102,52,312.5,120.29702970297028
published,130.3,102,53,337.5,119.35643564356434
published,130.3,102,54,362.5,118.2178217821782
published,130.3,102,55,387.5,118.9108910891089
published,130.3,102,56,412.5,121.98019801980196
published,130.3,102,57,437.5,118.76237623762374
published,130.3,102,58,462.5,120.74257425742573
published,130.3,102,59,487.5,118.46534653465345
published,130.3,102,60,512.5,118.71287128712869
published,130.3,102,61,537.5,119.45544554455444
published,130.3,102,62,562.5,119.2079207920792
published,130.3,102,63,587.5,119.25742574257424
published,130.3,102,64,612.5,119.05940594059405
published,130.3,102,65,637.5,121.38613861386136
published,130.3,102,66,662.5,118.3168316831683
published,130.3,102,67,687.5,119.25742574257424
published,130.3,102,68,712.5,119.1089108910891
published,130.3,102,69,737.5,119.35643564356434
published,130.3,102,70,762.5,121.58415841584157
published,130.3,102,71,787.5,120.04950495049503
published,130.3,102,72,812.5,119.50495049504948
published,130.3,102,73,837.5,120.29702970297028
published,130.3,102,74,862.5,119.55445544554453
published,130.3,102,75,887.5,121.03960396039602
published,130.3,102,76,912.5,118.86138613861384
published,130.3,102,77,937.5,120.09900990099008
published,130.3,102,78,962.5,118.56435643564355
published,130.3,102,79,987.5,119.40594059405939
published,130.3,103,0,-987.5,70.89108910891088
published,130.3,103,1,-962.5,122.62376237623761
published,130.3,103,2,-937.5,122.02970297029701
published,130.3,103,3,-912.5,122.7227722772277
published,130.3,103,4,-887.5,123.86138613861384
published,130.3,103,5,-862.5,123.4158415841584
published,130.3,103,6,-837.5,123.81188118811879
published,130.3,103,7,-812.5,123.2178217821782
published,130.3,103,8,-787.5,123.11881188118811
published,130.3,103,9,-762.5,122.42574257425741
published,130.3,103,10,-737.5,123.26732673267325
published,130.3,103,11,-712.5,121.63366336633662
published,130.3,103,12,-687.5,123.06930693069305
published,130.3,103,13,-662.5,121.83168316831681
published,130.3,103,14,-637.5,124.009900990099
published,130.3,103,15,-612.5,122.02970297029701
published,130.3,103,16,-587.5,121.48514851485147
published,130.3,103,17,-562.5,125.54455445544552
published,130.3,103,18,-537.5,122.02970297029701
published,130.3,103,19,-512.5,121.68316831683167
published,130.3,103,20,-487.5,123.3168316831683
published,130.3,103,21,-462.5,122.77227722772275
published,130.3,103,22,-437.5,122.62376237623761
published,130.3,103,23,-412.5,122.47524752475246
published,130.3,103,24,-387.5,123.91089108910889
published,130.3,103,25,-362.5,121.08910891089107
published,130.3,103,26,-337.5,123.26732673267325
published,130.3,103,27,-312.5,123.11881188118811
published,130.3,103,28,-287.5,124.1089108910891
published,130.3,103,29,-262.5,123.4158415841584
published,130.3,103,30,-237.5,122.17821782178216
published,130.3,103,31,-212.5,123.019801980198
published,130.3,103,32,-187.5,122.7227722772277
published,130.3,103,33,-162.5,121.83168316831681
published,130.3,103,34,-137.5,121.83168316831681
published,130.3,103,35,-112.5,123.3168316831683
published,130.3,103,36,-87.5,124.25742574257424
published,130.3,103,37,-62.5,122.97029702970295
published,130.3,103,38,-37.5,123.11881188118811
published,130.3,103,39,-12.5,122.77227722772275
published,130.3,103,40,12.5,119.40594059405939
published,130.3,103,41,37.5,119.45544554455444
published,130.3,103,42,62.5,119.009900990099
published,130.3,103,43,87.5,118.56435643564355
published,130.3,103,44,112.5,118.46534653465345
published,130.3,103,45,137.5,119.55445544554453
published,130.3,103,46,162.5,120.44554455445542
published,130.3,103,47,187.5,120.99009900990097
published,130.3,103,48,212.5,119.55445544554453
published,130.3,103,49,237.5,118.4158415841584
published,130.3,103,50,262.5,119.2079207920792
published,130.3,103,51,287.5,120.19801980198018
published,130.3,103,52,312.5,119.35643564356434
published,130.3,103,53,337.5,119.009900990099
published,130.3,103,54,362.5,120.89108910891088
published,130.3,103,55,387.5,119.50495049504948
published,130.3,103,56,412.5,118.96039603960395
published,130.3,103,57,437.5,119.95049504950494
published,130.3,103,58,462.5,118.06930693069306
published,130.3,103,59,487.5,118.9108910891089
published,130.3,103,60,512.5,119.60396039603958
published,130.3,103,61,537.5,120.19801980198018
published,130.3,103,62,562.5,118.16831683168316
published,130.3,103,63,587.5,119.15841584158414
published,130.3,103,64,612.5,119.55445544554453
published,130.3,103,65,637.5,118.6138613861386
published,130.3,103,66,662.5,118.96039603960395
published,130.3,103,67,687.5,119.55445544554453
published,130.3,103,68,712.5,120.24752475247523
published,130.3,103,69,737.5,118.96039603960395
published,130.3,103,70,762.5,120.29702970297028
published,130.3,103,71,787.5,119.30693069306929
published,130.3,103,72,812.5,118.86138613861384
published,130.3,103,73,837.5,120.14851485148513
published,130.3,103,74,862.5,118.6138613861386
published,130.3,103,75,887.5,119.85148514851484
published,130.3,103,76,912.5,119.25742574257424
published,130.3,103,77,937.5,119.05940594059405
published,130.3,103,78,962.5,118.86138613861384
published,130.3,103,79,987.5,119.55445544554453
published,130.3,104,0,-987.5,69.1089108910891
published,130.3,104,1,-962.5,122.7227722772277
published,130.3,104,2,-937.5,123.06930693069305
published,130.3,104,3,-912.5,122.07920792079206
published,130.3,104,4,-887.5,123.46534653465345
published,130.3,104,5,-862.5,122.42574257425741
published,130.3,104,6,-837.5,122.8217821782178
published,130.3,104,7,-812.5,123.06930693069305
published,130.3,104,8,-787.5,122.7227722772277
published,130.3,104,9,-762.5,123.16831683168316
published,130.3,104,10,-737.5,122.52475247524751
published,130.3,104,11,-712.5,123.4158415841584
published,130.3,104,12,-687.5,122.67326732673266
published,130.3,104,13,-662.5,124.05940594059405
published,130.3,104,14,-637.5,122.87128712871285
published,130.3,104,15,-612.5,124.45544554455444
published,130.3,104,16,-587.5,121.58415841584157
published,130.3,104,17,-562.5,124.009900990099
published,130.3,104,18,-537.5,122.87128712871285
published,130.3,104,19,-512.5,122.8217821782178
published,130.3,104,20,-487.5,124.25742574257424
published,130.3,104,21,-462.5,122.8217821782178
published,130.3,104,22,-437.5,124.15841584158414
published,130.3,104,23,-412.5,122.57425742574256
published,130.3,104,24,-387.5,123.16831683168316
published,130.3,104,25,-362.5,123.36633663366335
published,130.3,104,26,-337.5,122.07920792079206
published,130.3,104,27,-312.5,123.019801980198
published,130.3,104,28,-287.5,123.4158415841584
published,130.3,104,29,-262.5,123.2178217821782
published,130.3,104,30,-237.5,123.56435643564355
published,130.3,104,31,-212.5,123.96039603960395
published,130.3,104,32,-187.5,121.58415841584157
published,130.3,104,33,-162.5,123.5148514851485
published,130.3,104,34,-137.5,123.11881188118811
published,130.3,104,35,-112.5,124.50495049504948
published,130.3,104,36,-87.5,121.88118811881186
published,130.3,104,37,-62.5,124.25742574257424
published,130.3,104,38,-37.5,123.06930693069305
published,130.3,104,39,-12.5,122.52475247524751
published,130.3,104,40,12.5,120.94059405940592
published,130.3,104,41,37.5,119.60396039603958
published,130.3,104,42,62.5,119.65346534653463
published,130.3,104,43,87.5,120.54455445544552
published,130.3,104,44,112.5,118.11881188118811
published,130.3,104,45,137.5,119.55445544554453
published,130.3,104,46,162.5,121.48514851485147
published,130.3,104,47,187.5,118.86138613861384
published,130.3,104,48,212.5,120.29702970297028
published,130.3,104,49,237.5,120.29702970297028
published,130.3,104,50,262.5,119.55445544554453
published,130.3,104,51,287.5,118.96039603960395
published,130.3,104,52,312.5,120.24752475247523
published,130.3,104,53,337.5,118.81188118811879
published,130.3,104,54,362.5,119.60396039603958
published,130.3,104,55,387.5,117.97029702970295
published,130.3,104,56,412.5,119.55445544554453
published,130.3,104,57,437.5,119.45544554455444
published,130.3,104,58,462.5,119.15841584158414
published,130.3,104,59,487.5,121.03960396039602
published,130.3,104,60,512.5,119.95049504950494
published,130.3,104,61,537.5,119.45544554455444
published,130.3,104,62,562.5,120.14851485148513
published,130.3,104,63,587.5,118.86138613861384
published,130.3,104,64,612.5,119.60396039603958
published,130.3,104,65,637.5,120.59405940594058
published,130.3,104,66,662.5,119.65346534653463
published,130.3,104,67,687.5,118.46534653465345
published,130.3,104,68,712.5,120.84158415841583
published,130.3,104,69,737.5,118.36633663366335
published,130.3,104,70,762.5,120.19801980198018
published,130.3,104,71,787.5,118.86138613861384
published,130.3,104,72,812.5,121.38613861386136
published,130.3,104,73,837.5,118.66336633663364
published,130.3,104,74,862.5,119.50495049504948
published,130.3,104,75,887.5,120.04950495049503
published,130.3,104,76,912.5,118.16831683168316
published,130.3,104,77,937.5,119.70297029702968
published,130.3,104,78,962.5,118.96039603960395
published,130.3,104,79,987.5,119.45544554455444
published,130.3,105,0,-987.5,69.6039603960396
published,130.3,105,1,-962.5,123.86138613861384
published,130.3,105,2,-937.5,123.3168316831683
published,130.3,105,3,-912.5,121.98019801980196
published,130.3,105,4,-887.5,124.95049504950494
published,130.3,105,5,-862.5,122.77227722772275
published,130.3,105,6,-837.5,123.06930693069305
published,130.3,105,7,-812.5,122.8217821782178
published,130.3,105,8,-787.5,122.27722772277227
published,130.3,105,9,-762.5,121.93069306930691
published,130.3,105,10,-737.5,124.25742574257424
published,130.3,105,11,-712.5,121.13861386138612
published,130.3,105,12,-687.5,123.5148514851485
published,130.3,105,13,-662.5,123.019801980198
published,130.3,105,14,-637.5,122.9207920792079
published,130.3,105,15,-612.5,122.57425742574256
published,130.3,105,16,-587.5,121.73267326732672
published,130.3,105,17,-562.5,123.11881188118811
published,130.3,105,18,-537.5,122.87128712871285
published,130.3,105,19,-512.5,123.36633663366335
published,130.3,105,20,-487.5,122.2277227722772
published,130.3,105,21,-462.5,123.4158415841584
published,130.3,105,22,-437.5,123.11881188118811
published,130.3,105,23,-412.5,121.83168316831681
published,130.3,105,24,-387.5,125.24752475247523
published,130.3,105,25,-362.5,121.38613861386136
published,130.3,105,26,-337.5,122.7227722772277
published,130.3,105,27,-312.5,122.47524752475246
published,130.3,105,28,-287.5,123.66336633663364
published,130.3,105,29,-262.5,123.6138613861386
published,130.3,105,30,-237.5,122.1287128712871
published,130.3,105,31,-212.5,123.46534653465345
published,130.3,105,32,-187.5,123.36633663366335
published,130.3,105,33,-162.5,121.03960396039602
published,130.3,105,34,-137.5,125.04950495049503
published,130.3,105,35,-112.5,121.53465346534652
published,130.3,105,36,-87.5,123.6138613861386
published,130.3,105,37,-62.5,122.97029702970295
published,130.3,105,38,-37.5,123.46534653465345
published,130.3,105,39,-12.5,124.50495049504948
published,130.3,105,40,12.5,119.55445544554453
published,130.3,105,41,37.5,120.74257425742573
published,130.3,105,42,62.5,120.14851485148513
published,130.3,105,43,87.5,119.99999999999999
published,130.3,105,44,112.5,119.85148514851484
published,130.3,105,45,137.5,119.90099009900989
published,130.3,105,46,162.5,119.75247524752474
published,130.3,105,47,187.5,118.76237623762374
published,130.3,105,48,212.5,119.60396039603958
published,130.3,105,49,237.5,118.56435643564355
published,130.3,105,50,262.5,119.55445544554453
published,130.3,105,51,287.5,117.67326732673266
published,130.3,105,52,312.5,119.30693069306929
published,130.3,105,53,337.5,120.69306930693068
published,130.3,105,54,362.5,119.90099009900989
published,130.3,105,55,387.5,120.54455445544552
published,130.3,105,56,412.5,118.2178217821782
published,130.3,105,57,437.5,121.03960396039602
published,130.3,105,58,462.5,118.76237623762374
published,130.3,105,59,487.5,119.009900990099
published,130.3,105,60,512.5,119.65346534653463
published,130.3,105,61,537.5,119.45544554455444
published,130.3,105,62,562.5,121.03960396039602
published,130.3,105,63,587.5,119.90099009900989
published,130.3,105,64,612.5,120.44554455445542
published,130.3,105,65,637.5,119.50495049504948
published,130.3,105,66,662.5,120.24752475247523
published,130.3,105,67,687.5,119.2079207920792
published,130.3,105,68,712.5,120.59405940594058
published,130.3,105,69,737.5,120.29702970297028
published,130.3,105,70,762.5,120.39603960396038
published,130.3,105,71,787.5,120.69306930693068
published,130.3,105,72,812.5,120.19801980198018
published,130.3,105,73,837.5,118.36633663366335
published,130.3,105,74,862.5,119.75247524752474
published,130.3,105,75,887.5,119.50495049504948
published,130.3,105,76,912.5,118.06930693069306
published,130.3,105,77,937.5,121.38613861386136
published,130.3,105,78,962.5,119.1089108910891
published,130.3,105,79,987.5,120.94059405940592
published,15.3,101,0,-987.5,44.35643564356435
published,15.3,101,1,-962.5,118.6138613861386
published,15.3,101,2,-937.5,120.44554455445542
published,15.3,101,3,-912.5,119.05940594059405
published,15.3,101,4,-887.5,120.94059405940592
published,15.3,101,5,-862.5,120.29702970297028
published,15.3,101,6,-837.5,120.29702970297028
published,15.3,101,7,-812.5,119.70297029702968
published,15.3,101,8,-787.5,121.28712871287127
published,15.3,101,9,-762.5,120.49504950495047
published,15.3,101,10,-737.5,120.39603960396038
published,15.3,101,11,-712.5,119.75247524752474
published,15.3,101,12,-687.5,119.90099009900989
published,15.3,101,13,-662.5,119.85148514851484
published,15.3,101,14,-637.5,120.14851485148513
published,15.3,101,15,-612.5,120.69306930693068
published,15.3,101,16,-587.5,119.60396039603958
published,15.3,101,17,-562.5,120.54455445544552
published,15.3,101,18,-537.5,121.23762376237622
published,15.3,101,19,-512.5,120.44554455445542
published,15.3,101,20,-487.5,120.69306930693068
published,15.3,101,21,-462.5,120.14851485148513
published,15.3,101,22,-437.5,120.59405940594058
published,15.3,101,23,-412.5,118.4158415841584
published,15.3,101,24,-387.5,119.99999999999999
published,15.3,101,25,-362.5,121.03960396039602
published,15.3,101,26,-337.5,118.36633663366335
published,15.3,101,27,-312.5,118.96039603960395
published,15.3,101,28,-287.5,119.80198019801979
published,15.3,101,29,-262.5,120.89108910891088
published,15.3,101,30,-237.5,120.34653465346533
published,15.3,101,31,-212.5,119.40594059405939
published,15.3,101,32,-187.5,119.75247524752474
published,15.3,101,33,-162.5,121.28712871287127
published,15.3,101,34,-137.5,119.80198019801979
published,15.3,101,35,-112.5,121.48514851485147
published,15.3,101,36,-87.5,119.2079207920792
published,15.3,101,37,-62.5,119.99999999999999
published,15.3,101,38,-37.5,119.95049504950494
published,15.3,101,39,-12.5,121.18811881188117
published,15.3,101,40,12.5,120.04950495049503
published,15.3,101,41,37.5,119.009900990099
published,15.3,101,42,62.5,120.44554455445542
published,15.3,101,43,87.5,120.24752475247523
published,15.3,101,44,112.5,119.30693069306929
published,15.3,101,45,137.5,119.90099009900989
published,15.3,101,46,162.5,119.1089108910891
published,15.3,101,47,187.5,119.2079207920792
published,15.3,101,48,212.5,120.39603960396038
published,15.3,101,49,237.5,120.09900990099008
published,15.3,101,50,262.5,119.25742574257424
published,15.3,101,51,287.5,119.55445544554453
published,15.3,101,52,312.5,118.96039603960395
published,15.3,101,53,337.5,118.96039603960395
published,15.3,101,54,362.5,119.60396039603958
published,15.3,101,55,387.5,118.66336633663364
published,15.3,101,56,412.5,119.70297029702968
published,15.3,101,57,437.5,119.95049504950494
published,15.3,101,58,462.5,118.66336633663364
published,15.3,101,59,487.5,120.14851485148513
published,15.3,101,60,512.5,118.76237623762374
published,15.3,101,61,537.5,119.50495049504948
published,15.3,101,62,562.5,119.50495049504948
published,15.3,101,63,587.5,118.2178217821782
published,15.3,101,64,612.5,120.84158415841583
published,15.3,101,65,637.5,118.019801980198
published,15.3,101,66,662.5,119.65346534653463
published,15.3,101,67,687.5,119.90099009900989
published,15.3,101,68,712.5,119.35643564356434
published,15.3,101,69,737.5,119.80198019801979
published,15.3,101,70,762.5,120.49504950495047
published,15.3,101,71,787.5,118.36633663366335
published,15.3,101,72,812.5,120.94059405940592
published,15.3,101,73,837.5,118.66336633663364
published,15.3,101,74,862.5,120.89108910891088
published,15.3,101,75,887.5,119.75247524752474
published,15.3,101,76,912.5,119.25742574257424
published,15.3,101,77,937.5,118.9108910891089
published,15.3,101,78,962.5,119.75247524752474
published,15.3,101,79,987.5,120.39603960396038
published,15.3,102,0,-987.5,40.24752475247524
published,15.3,102,1,-962.5,117.52475247524751
published,15.3,102,2,-937.5,122.17821782178216
published,15.3,102,3,-912.5,119.60396039603958
published,15.3,102,4,-887.5,119.90099009900989
published,15.3,102,5,-862.5,119.40594059405939
published,15.3,102,6,-837.5,121.68316831683167
published,15.3,102,7,-812.5,120.59405940594058
published,15.3,102,8,-787.5,120.14851485148513
published,15.3,102,9,-762.5,120.74257425742573
published,15.3,102,10,-737.5,120.24752475247523
published,15.3,102,11,-712.5,121.28712871287127
published,15.3,102,12,-687.5,119.55445544554453
published,15.3,102,13,-662.5,119.80198019801979
published,15.3,102,14,-637.5,120.79207920792078
published,15.3,102,15,-612.5,118.6138613861386
published,15.3,102,16,-587.5,120.69306930693068
published,15.3,102,17,-562.5,120.19801980198018
published,15.3,102,18,-537.5,119.55445544554453
published,15.3,102,19,-512.5,119.99999999999999
published,15.3,102,20,-487.5,120.44554455445542
published,15.3,102,21,-462.5,119.009900990099
published,15.3,102,22,-437.5,120.19801980198018
published,15.3,102,23,-412.5,119.95049504950494
published,15.3,102,24,-387.5,119.75247524752474
published,15.3,102,25,-362.5,120.54455445544552
published,15.3,102,26,-337.5,119.05940594059405
published,15.3,102,27,-312.5,122.32673267326732
published,15.3,102,28,-287.5,119.60396039603958
published,15.3,102,29,-262.5,120.39603960396038
published,15.3,102,30,-237.5,121.58415841584157
published,15.3,102,31,-212.5,119.75247524752474
published,15.3,102,32,-187.5,122.2277227722772
published,15.3,102,33,-162.5,120.39603960396038
published,15.3,102,34,-137.5,120.24752475247523
published,15.3,102,35,-112.5,119.30693069306929
published,15.3,102,36,-87.5,118.9108910891089
published,15.3,102,37,-62.5,119.55445544554453
published,15.3,102,38,-37.5,120.44554455445542
published,15.3,102,39,-12.5,119.80198019801979
published,15.3,102,40,12.5,120.19801980198018
published,15.3,102,41,37.5,119.80198019801979
published,15.3,102,42,62.5,117.47524752475246
published,15.3,102,43,87.5,120.29702970297028
published,15.3,102,44,112.5,120.29702970297028
published,15.3,102,45,137.5,120.24752475247523
published,15.3,102,46,162.5,119.80198019801979
published,15.3,102,47,187.5,119.50495049504948
published,15.3,102,48,212.5,118.66336633663364
published,15.3,102,49,237.5,120.14851485148513
published,15.3,102,50,262.5,117.57425742574256
published,15.3,102,51,287.5,119.85148514851484
published,15.3,102,52,312.5,120.04950495049503
published,15.3,102,53,337.5,118.4158415841584
published,15.3,102,54,362.5,120.74257425742573
published,15.3,102,55,387.5,118.66336633663364
published,15.3,102,56,412.5,118.66336633663364
published,15.3,102,57,437.5,119.25742574257424
published,15.3,102,58,462.5,119.70297029702968
published,15.3,102,59,487.5,118.76237623762374
published,15.3,102,60,512.5,119.75247524752474
published,15.3,102,61,537.5,119.50495049504948
published,15.3,102,62,562.5,119.009900990099
published,15.3,102,63,587.5,120.44554455445542
published,15.3,102,64,612.5,119.55445544554453
published,15.3,102,65,637.5,120.24752475247523
published,15.3,102,66,662.5,119.60396039603958
published,15.3,102,67,687.5,118.76237623762374
published,15.3,102,68,712.5,119.2079207920792
published,15.3,102,69,737.5,120.04950495049503
published,15.3,102,70,762.5,118.86138613861384
published,15.3,102,71,787.5,120.24752475247523
published,15.3,102,72,812.5,118.66336633663364
published,15.3,102,73,837.5,119.2079207920792
published,15.3,102,74,862.5,119.55445544554453
published,15.3,102,75,887.5,119.85148514851484
published,15.3,102,76,912.5,120.34653465346533
published,15.3,102,77,937.5,118.4158415841584
published,15.3,102,78,962.5,119.70297029702968
published,15.3,102,79,987.5,120.34653465346533
published,15.3,103,0,-987.5,51.28712871287128
published,15.3,103,1,-962.5,119.15841584158414
published,15.3,103,2,-937.5,119.25742574257424
published,15.3,103,3,-912.5,119.25742574257424
published,15.3,103,4,-887.5,121.33663366336631
published,15.3,103,5,-862.5,119.60396039603958
published,15.3,103,6,-837.5,120.84158415841583
published,15.3,103,7,-812.5,120.99009900990097
published,15.3,103,8,-787.5,119.65346534653463
published,15.3,103,9,-762.5,118.96039603960395
published,15.3,103,10,-737.5,121.73267326732672
published,15.3,103,11,-712.5,119.65346534653463
published,15.3,103,12,-687.5,123.019801980198
published,15.3,103,13,-662.5,120.89108910891088
published,15.3,103,14,-637.5,120.59405940594058
published,15.3,103,15,-612.5,120.59405940594058
published,15.3,103,16,-587.5,120.14851485148513
published,15.3,103,17,-562.5,119.05940594059405
published,15.3,103,18,-537.5,120.24752475247523
published,15.3,103,19,-512.5,120.99009900990097
published,15.3,103,20,-487.5,120.69306930693068
published,15.3,103,21,-462.5,119.05940594059405
published,15.3,103,22,-437.5,119.40594059405939
published,15.3,103,23,-412.5,120.84158415841583
published,15.3,103,24,-387.5,121.33663366336631
published,15.3,103,25,-362.5,120.64356435643563
published,15.3,103,26,-337.5,121.08910891089107
published,15.3,103,27,-312.5,119.90099009900989
published,15.3,103,28,-287.5,120.49504950495047
published,15.3,103,29,-262.5,120.59405940594058
published,15.3,103,30,-237.5,119.85148514851484
published,15.3,103,31,-212.5,120.14851485148513
published,15.3,103,32,-187.5,121.18811881188117
published,15.3,103,33,-162.5,119.1089108910891
published,15.3,103,34,-137.5,120.94059405940592
published,15.3,103,35,-112.5,119.2079207920792
published,15.3,103,36,-87.5,121.58415841584157
published,15.3,103,37,-62.5,120.04950495049503
published,15.3,103,38,-37.5,120.44554455445542
published,15.3,103,39,-12.5,122.17821782178216
published,15.3,103,40,12.5,118.2178217821782
published,15.3,103,41,37.5,119.25742574257424
published,15.3,103,42,62.5,120.44554455445542
published,15.3,103,43,87.5,118.9108910891089
published,15.3,103,44,112.5,119.55445544554453
published,15.3,103,45,137.5,119.50495049504948
published,15.3,103,46,162.5,120.44554455445542
published,15.3,103,47,187.5,119.95049504950494
published,15.3,103,48,212.5,119.90099009900989
published,15.3,103,49,237.5,118.11881188118811
published,15.3,103,50,262.5,120.74257425742573
published,15.3,103,51,287.5,118.2178217821782
published,15.3,103,52,312.5,120.64356435643563
published,15.3,103,53,337.5,119.40594059405939
published,15.3,103,54,362.5,120.64356435643563
published,15.3,103,55,387.5,119.35643564356434
published,15.3,103,56,412.5,120.74257425742573
published,15.3,103,57,437.5,118.96039603960395
published,15.3,103,58,462.5,119.65346534653463
published,15.3,103,59,487.5,120.29702970297028
published,15.3,103,60,512.5,118.9108910891089
published,15.3,103,61,537.5,120.49504950495047
published,15.3,103,62,562.5,119.30693069306929
published,15.3,103,63,587.5,118.81188118811879
published,15.3,103,64,612.5,120.64356435643563
published,15.3,103,65,637.5,118.5148514851485
published,15.3,103,66,662.5,119.65346534653463
published,15.3,103,67,687.5,118.96039603960395
published,15.3,103,68,712.5,119.40594059405939
published,15.3,103,69,737.5,119.55445544554453
published,15.3,103,70,762.5,119.45544554455444
published,15.3,103,71,787.5,119.25742574257424
published,15.3,103,72,812.5,120.34653465346533
published,15.3,103,73,837.5,119.70297029702968
published,15.3,103,74,862.5,119.2079207920792
published,15.3,103,75,887.5,118.3168316831683
published,15.3,103,76,912.5,121.18811881188117
published,15.3,103,77,937.5,119.1089108910891
published,15.3,103,78,962.5,119.90099009900989
published,15.3,103,79,987.5,119.2079207920792
published,15.3,104,0,-987.5,39.900990099009896
published,15.3,104,1,-962.5,116.33663366336631
published,15.3,104,2,-937.5,121.33663366336631
published,15.3,104,3,-912.5,120.09900990099008
published,15.3,104,4,-887.5,121.13861386138612
published,15.3,104,5,-862.5,120.14851485148513
published,15.3,104,6,-837.5,120.89108910891088
published,15.3,104,7,-812.5,119.45544554455444
published,15.3,104,8,-787.5,120.74257425742573
published,15.3,104,9,-762.5,120.64356435643563
published,15.3,104,10,-737.5,118.6138613861386
published,15.3,104,11,-712.5,118.06930693069306
published,15.3,104,12,-687.5,120.54455445544552
published,15.3,104,13,-662.5,120.44554455445542
published,15.3,104,14,-637.5,118.46534653465345
published,15.3,104,15,-612.5,121.58415841584157
published,15.3,104,16,-587.5,118.9108910891089
published,15.3,104,17,-562.5,121.38613861386136
published,15.3,104,18,-537.5,119.90099009900989
published,15.3,104,19,-512.5,119.60396039603958
published,15.3,104,20,-487.5,119.30693069306929
published,15.3,104,21,-462.5,119.45544554455444
published,15.3,104,22,-437.5,120.29702970297028
published,15.3,104,23,-412.5,120.34653465346533
published,15.3,104,24,-387.5,118.76237623762374
published,15.3,104,25,-362.5,121.13861386138612
published,15.3,104,26,-337.5,118.71287128712869
published,15.3,104,27,-312.5,120.44554455445542
published,15.3,104,28,-287.5,119.85148514851484
published,15.3,104,29,-262.5,121.23762376237622
published,15.3,104,30,-237.5,119.45544554455444
published,15.3,104,31,-212.5,121.48514851485147
published,15.3,104,32,-187.5,118.9108910891089
published,15.3,104,33,-162.5,120.79207920792078
published,15.3,104,34,-137.5,120.19801980198018
published,15.3,104,35,-112.5,120.44554455445542
published,15.3,104,36,-87.5,121.08910891089107
published,15.3,104,37,-62.5,120.94059405940592
published,15.3,104,38,-37.5,119.15841584158414
published,15.3,104,39,-12.5,119.45544554455444
published,15.3,104,40,12.5,119.75247524752474
published,15.3,104,41,37.5,119.85148514851484
published,15.3,104,42,62.5,119.009900990099
published,15.3,104,43,87.5,119.2079207920792
published,15.3,104,44,112.5,117.87128712871285
published,15.3,104,45,137.5,120.09900990099008
published,15.3,104,46,162.5,120.59405940594058
published,15.3,104,47,187.5,120.39603960396038
published,15.3,104,48,212.5,119.05940594059405
published,15.3,104,49,237.5,120.79207920792078
published,15.3,104,50,262.5,120.69306930693068
published,15.3,104,51,287.5,119.40594059405939
published,15.3,104,52,312.5,119.05940594059405
published,15.3,104,53,337.5,120.29702970297028
published,15.3,104,54,362.5,118.019801980198
published,15.3,104,55,387.5,118.06930693069306
published,15.3,104,56,412.5,119.25742574257424
published,15.3,104,57,437.5,119.30693069306929
published,15.3,104,58,462.5,118.71287128712869
published,15.3,104,59,487.5,120.59405940594058
published,15.3,104,60,512.5,118.2178217821782
published,15.3,104,61,537.5,120.94059405940592
published,15.3,104,62,562.5,120.19801980198018
published,15.3,104,63,587.5,119.95049504950494
published,15.3,104,64,612.5,119.90099009900989
published,15.3,104,65,637.5,121.18811881188117
published,15.3,104,66,662.5,118.66336633663364
published,15.3,104,67,687.5,119.75247524752474
published,15.3,104,68,712.5,120.39603960396038
published,15.3,104,69,737.5,119.55445544554453
published,15.3,104,70,762.5,119.25742574257424
published,15.3,104,71,787.5,120.64356435643563
published,15.3,104,72,812.5,119.60396039603958
published,15.3,104,73,837.5,119.80198019801979
published,15.3,104,74,862.5,119.2079207920792
published,15.3,104,75,887.5,120.49504950495047
published,15.3,104,76,912.5,120.64356435643563
published,15.3,104,77,937.5,119.15841584158414
published,15.3,104,78,962.5,119.55445544554453
published,15.3,104,79,987.5,118.6138613861386
published,15.3,105,0,-987.5,39.15841584158415
published,15.3,105,1,-962.5,117.9207920792079
published,15.3,105,2,-937.5,121.23762376237622
published,15.3,105,3,-912.5,120.04950495049503
published,15.3,105,4,-887.5,119.05940594059405
published,15.3,105,5,-862.5,121.73267326732672
published,15.3,105,6,-837.5,119.35643564356434
published,15.3,105,7,-812.5,119.009900990099
published,15.3,105,8,-787.5,121.28712871287127
published,15.3,105,9,-762.5,121.43564356435643
published,15.3,105,10,-737.5,119.65346534653463
published,15.3,105,11,-712.5,118.56435643564355
published,15.3,105,12,-687.5,120.54455445544552
published,15.3,105,13,-662.5,118.86138613861384
published,15.3,105,14,-637.5,120.09900990099008
published,15.3,105,15,-612.5,119.15841584158414
published,15.3,105,16,-587.5,119.40594059405939
published,15.3,105,17,-562.5,121.23762376237622
published,15.3,105,18,-537.5,118.96039603960395
published,15.3,105,19,-512.5,119.2079207920792
published,15.3,105,20,-487.5,119.1089108910891
published,15.3,105,21,-462.5,119.80198019801979
published,15.3,105,22,-437.5,120.39603960396038
published,15.3,105,23,-412.5,119.70297029702968
published,15.3,105,24,-387.5,121.18811881188117
published,15.3,105,25,-362.5,119.75247524752474
published,15.3,105,26,-337.5,120.44554455445542
published,15.3,105,27,-312.5,118.9108910891089
published,15.3,105,28,-287.5,121.63366336633662
published,15.3,105,29,-262.5,119.85148514851484
published,15.3,105,30,-237.5,121.13861386138612
published,15.3,105,31,-212.5,120.64356435643563
published,15.3,105,32,-187.5,121.48514851485147
published,15.3,105,33,-162.5,121.03960396039602
published,15.3,105,34,-137.5,118.56435643564355
published,15.3,105,35,-112.5,120.44554455445542
published,15.3,105,36,-87.5,119.70297029702968
published,15.3,105,37,-62.5,120.04950495049503
published,15.3,105,38,-37.5,119.80198019801979
published,15.3,105,39,-12.5,121.18811881188117
published,15.3,105,40,12.5,118.66336633663364
published,15.3,105,41,37.5,119.15841584158414
published,15.3,105,42,62.5,119.05940594059405
published,15.3,105,43,87.5,119.15841584158414
published,15.3,105,44,112.5,118.86138613861384
published,15.3,105,45,137.5,119.65346534653463
published,15.3,105,46,162.5,118.81188118811879
published,15.3,105,47,187.5,118.86138613861384
published,15.3,105,48,212.5,119.40594059405939
published,15.3,105,49,237.5,120.79207920792078
published,15.3,105,50,262.5,117.8217821782178
published,15.3,105,51,287.5,119.35643564356434
published,15.3,105,52,312.5,119.85148514851484
published,15.3,105,53,337.5,118.5148514851485
published,15.3,105,54,362.5,119.80198019801979
published,15.3,105,55,387.5,119.55445544554453
published,15.3,105,56,412.5,120.09900990099008
published,15.3,105,57,437.5,118.6138613861386
published,15.3,105,58,462.5,118.9108910891089
published,15.3,105,59,487.5,120.49504950495047
published,15.3,105,60,512.5,120.29702970297028
published,15.3,105,61,537.5,118.56435643564355
published,15.3,105,62,562.5,119.05940594059405
published,15.3,105,63,587.5,119.50495049504948
published,15.3,105,64,612.5,120.14851485148513
published,15.3,105,65,637.5,119.60396039603958
published,15.3,105,66,662.5,118.96039603960395
published,15.3,105,67,687.5,118.2178217821782
published,15.3,105,68,712.5,120.09900990099008
published,15.3,105,69,737.5,118.5148514851485
published,15.3,105,70,762.5,117.87128712871285
published,15.3,105,71,787.5,119.75247524752474
published,15.3,105,72,812.5,119.2079207920792
published,15.3,105,73,837.5,120.09900990099008
published,15.3,105,74,862.5,120.09900990099008
published,15.3,105,75,887.5,119.2079207920792
published,15.3,105,76,912.5,119.50495049504948
published,15.3,105,77,937.5,117.87128712871285
published,15.3,105,78,962.5,120.99009900990097
published,15.3,105,79,987.5,119.1089108910891
published,200.0,101,0,-987.5,73.36633663366335
published,200.0,101,1,-962.5,125.04950495049503
published,200.0,101,2,-937.5,123.3168316831683
published,200.0,101,3,-912.5,126.18811881188117
published,200.0,101,4,-887.5,123.16831683168316
published,200.0,101,5,-862.5,123.46534653465345
published,200.0,101,6,-837.5,125.14851485148513
published,200.0,101,7,-812.5,124.05940594059405
published,200.0,101,8,-787.5,124.80198019801979
published,200.0,101,9,-762.5,123.36633663366335
published,200.0,101,10,-737.5,123.86138613861384
published,200.0,101,11,-712.5,123.96039603960395
published,200.0,101,12,-687.5,123.5148514851485
published,200.0,101,13,-662.5,122.97029702970295
published,200.0,101,14,-637.5,122.9207920792079
published,200.0,101,15,-612.5,124.35643564356434
published,200.0,101,16,-587.5,124.70297029702968
published,200.0,101,17,-562.5,122.87128712871285
published,200.0,101,18,-537.5,125.69306930693068
published,200.0,101,19,-512.5,123.06930693069305
published,200.0,101,20,-487.5,124.25742574257424
published,200.0,101,21,-462.5,123.6138613861386
published,200.0,101,22,-437.5,123.81188118811879
published,200.0,101,23,-412.5,125.04950495049503
published,200.0,101,24,-387.5,124.35643564356434
published,200.0,101,25,-362.5,122.8217821782178
published,200.0,101,26,-337.5,124.30693069306929
published,200.0,101,27,-312.5,124.50495049504948
published,200.0,101,28,-287.5,124.009900990099
published,200.0,101,29,-262.5,123.4158415841584
published,200.0,101,30,-237.5,124.75247524752473
published,200.0,101,31,-212.5,123.46534653465345
published,200.0,101,32,-187.5,122.07920792079206
published,200.0,101,33,-162.5,124.80198019801979
published,200.0,101,34,-137.5,123.4158415841584
published,200.0,101,35,-112.5,124.15841584158414
published,200.0,101,36,-87.5,125.39603960396038
published,200.0,101,37,-62.5,123.36633663366335
published,200.0,101,38,-37.5,124.40594059405939
published,200.0,101,39,-12.5,123.4158415841584
published,200.0,101,40,12.5,119.25742574257424
published,200.0,101,41,37.5,120.14851485148513
published,200.0,101,42,62.5,120.99009900990097
published,200.0,101,43,87.5,119.65346534653463
published,200.0,101,44,112.5,120.39603960396038
published,200.0,101,45,137.5,119.35643564356434
published,200.0,101,46,162.5,118.019801980198
published,200.0,101,47,187.5,119.60396039603958
published,200.0,101,48,212.5,118.71287128712869
published,200.0,101,49,237.5,117.77227722772275
published,200.0,101,50,262.5,118.96039603960395
published,200.0,101,51,287.5,119.95049504950494
published,200.0,101,52,312.5,118.56435643564355
published,200.0,101,53,337.5,119.35643564356434
published,200.0,101,54,362.5,120.14851485148513
published,200.0,101,55,387.5,121.08910891089107
published,200.0,101,56,412.5,119.55445544554453
published,200.0,101,57,437.5,119.30693069306929
published,200.0,101,58,462.5,117.97029702970295
published,200.0,101,59,487.5,120.59405940594058
published,200.0,101,60,512.5,119.90099009900989
published,200.0,101,61,537.5,118.06930693069306
published,200.0,101,62,562.5,118.81188118811879
published,200.0,101,63,587.5,119.75247524752474
published,200.0,101,64,612.5,118.4158415841584
published,200.0,101,65,637.5,118.96039603960395
published,200.0,101,66,662.5,118.56435643564355
published,200.0,101,67,687.5,120.14851485148513
published,200.0,101,68,712.5,120.29702970297028
published,200.0,101,69,737.5,119.35643564356434
published,200.0,101,70,762.5,119.99999999999999
published,200.0,101,71,787.5,119.15841584158414
published,200.0,101,72,812.5,120.44554455445542
published,200.0,101,73,837.5,119.85148514851484
published,200.0,101,74,862.5,119.85148514851484
published,200.0,101,75,887.5,119.1089108910891
published,200.0,101,76,912.5,118.4158415841584
published,200.0,101,77,937.5,119.65346534653463
published,200.0,101,78,962.5,120.29702970297028
published,200.0,101,79,987.5,119.1089108910891
published,200.0,102,0,-987.5,74.65346534653465
published,200.0,102,1,-962.5,124.85148514851484
published,200.0,102,2,-937.5,125.19801980198018
published,200.0,102,3,-912.5,124.85148514851484
published,200.0,102,4,-887.5,124.50495049504948
published,200.0,102,5,-862.5,124.80198019801979
published,200.0,102,6,-837.5,124.30693069306929
published,200.0,102,7,-812.5,122.97029702970295
published,200.0,102,8,-787.5,125.04950495049503
published,200.0,102,9,-762.5,123.96039603960395
published,200.0,102,10,-737.5,124.90099009900989
published,200.0,102,11,-712.5,124.2079207920792
published,200.0,102,12,-687.5,123.96039603960395
published,200.0,102,13,-662.5,124.80198019801979
published,200.0,102,14,-637.5,124.35643564356434
published,200.0,102,15,-612.5,123.81188118811879
published,200.0,102,16,-587.5,123.3168316831683
published,200.0,102,17,-562.5,124.30693069306929
published,200.0,102,18,-537.5,123.76237623762374
published,200.0,102,19,-512.5,124.40594059405939
published,200.0,102,20,-487.5,123.96039603960395
published,200.0,102,21,-462.5,124.25742574257424
published,200.0,102,22,-437.5,122.42574257425741
published,200.0,102,23,-412.5,124.25742574257424
published,200.0,102,24,-387.5,125.34653465346533
published,200.0,102,25,-362.5,124.45544554455444
published,200.0,102,26,-337.5,122.97029702970295
published,200.0,102,27,-312.5,123.56435643564355
published,200.0,102,28,-287.5,124.60396039603958
published,200.0,102,29,-262.5,124.1089108910891
published,200.0,102,30,-237.5,124.45544554455444
published,200.0,102,31,-212.5,122.62376237623761
published,200.0,102,32,-187.5,125.74257425742573
published,200.0,102,33,-162.5,123.019801980198
published,200.0,102,34,-137.5,124.15841584158414
published,200.0,102,35,-112.5,123.6138613861386
published,200.0,102,36,-87.5,124.70297029702968
published,200.0,102,37,-62.5,124.50495049504948
published,200.0,102,38,-37.5,123.2178217821782
published,200.0,102,39,-12.5,123.91089108910889
published,200.0,102,40,12.5,121.68316831683167
published,200.0,102,41,37.5,118.9108910891089
published,200.0,102,42,62.5,120.64356435643563
published,200.0,102,43,87.5,118.76237623762374
published,200.0,102,44,112.5,119.85148514851484
published,200.0,102,45,137.5,119.55445544554453
published,200.0,102,46,162.5,119.55445544554453
published,200.0,102,47,187.5,118.9108910891089
published,200.0,102,48,212.5,118.81188118811879
published,200.0,102,49,237.5,120.94059405940592
published,200.0,102,50,262.5,118.26732673267325
published,200.0,102,51,287.5,119.70297029702968
published,200.0,102,52,312.5,120.74257425742573
published,200.0,102,53,337.5,118.76237623762374
published,200.0,102,54,362.5,120.29702970297028
published,200.0,102,55,387.5,120.24752475247523
published,200.0,102,56,412.5,119.60396039603958
published,200.0,102,57,437.5,119.40594059405939
published,200.0,102,58,462.5,120.09900990099008
published,200.0,102,59,487.5,120.04950495049503
published,200.0,102,60,512.5,119.70297029702968
published,200.0,102,61,537.5,119.85148514851484
published,200.0,102,62,562.5,119.40594059405939
published,200.0,102,63,587.5,118.71287128712869
published,200.0,102,64,612.5,119.90099009900989
published,200.0,102,65,637.5,119.95049504950494
published,200.0,102,66,662.5,117.87128712871285
published,200.0,102,67,687.5,120.24752475247523
published,200.0,102,68,712.5,118.5148514851485
published,200.0,102,69,737.5,120.24752475247523
published,200.0,102,70,762.5,119.35643564356434
published,200.0,102,71,787.5,120.54455445544552
published,200.0,102,72,812.5,118.71287128712869
published,200.0,102,73,837.5,118.26732673267325
published,200.0,102,74,862.5,119.2079207920792
published,200.0,102,75,887.5,120.34653465346533
published,200.0,102,76,912.5,120.29702970297028
published,200.0,102,77,937.5,117.52475247524751
published,200.0,102,78,962.5,119.45544554455444
published,200.0,102,79,987.5,119.65346534653463
published,200.0,103,0,-987.5,74.7029702970297
published,200.0,103,1,-962.5,124.80198019801979
published,200.0,103,2,-937.5,124.40594059405939
published,200.0,103,3,-912.5,126.33663366336631
published,200.0,103,4,-887.5,123.6138613861386
published,200.0,103,5,-862.5,125.64356435643563
published,200.0,103,6,-837.5,123.71287128712869
published,200.0,103,7,-812.5,124.2079207920792
published,200.0,103,8,-787.5,124.2079207920792
published,200.0,103,9,-762.5,125.19801980198018
published,200.0,103,10,-737.5,123.66336633663364
published,200.0,103,11,-712.5,125.29702970297028
published,200.0,103,12,-687.5,125.24752475247523
published,200.0,103,13,-662.5,124.05940594059405
published,200.0,103,14,-637.5,124.75247524752473
published,200.0,103,15,-612.5,124.70297029702968
published,200.0,103,16,-587.5,124.25742574257424
published,200.0,103,17,-562.5,123.06930693069305
published,200.0,103,18,-537.5,124.70297029702968
published,200.0,103,19,-512.5,125.49504950495047
published,200.0,103,20,-487.5,123.5148514851485
published,200.0,103,21,-462.5,124.55445544554453
published,200.0,103,22,-437.5,121.98019801980196
published,200.0,103,23,-412.5,124.85148514851484
published,200.0,103,24,-387.5,123.76237623762374
published,200.0,103,25,-362.5,124.95049504950494
published,200.0,103,26,-337.5,124.60396039603958
published,200.0,103,27,-312.5,122.47524752475246
published,200.0,103,28,-287.5,124.1089108910891
published,200.0,103,29,-262.5,123.66336633663364
published,200.0,103,30,-237.5,123.96039603960395
published,200.0,103,31,-212.5,124.65346534653463
published,200.0,103,32,-187.5,124.55445544554453
published,200.0,103,33,-162.5,123.56435643564355
published,200.0,103,34,-137.5,125.09900990099008
published,200.0,103,35,-112.5,122.52475247524751
published,200.0,103,36,-87.5,124.40594059405939
published,200.0,103,37,-62.5,123.3168316831683
published,200.0,103,38,-37.5,125.69306930693068
published,200.0,103,39,-12.5,124.75247524752473
published,200.0,103,40,12.5,118.86138613861384
published,200.0,103,41,37.5,120.74257425742573
published,200.0,103,42,62.5,119.85148514851484
published,200.0,103,43,87.5,117.97029702970295
published,200.0,103,44,112.5,119.25742574257424
published,200.0,103,45,137.5,119.75247524752474
published,200.0,103,46,162.5,120.04950495049503
published,200.0,103,47,187.5,119.1089108910891
published,200.0,103,48,212.5,119.40594059405939
published,200.0,103,49,237.5,119.70297029702968
published,200.0,103,50,262.5,119.35643564356434
published,200.0,103,51,287.5,119.60396039603958
published,200.0,103,52,312.5,119.45544554455444
published,200.0,103,53,337.5,120.94059405940592
published,200.0,103,54,362.5,119.90099009900989
published,200.0,103,55,387.5,119.05940594059405
published,200.0,103,56,412.5,118.5148514851485
published,200.0,103,57,437.5,120.69306930693068
published,200.0,103,58,462.5,120.49504950495047
published,200.0,103,59,487.5,119.85148514851484
published,200.0,103,60,512.5,119.85148514851484
published,200.0,103,61,537.5,118.76237623762374
published,200.0,103,62,562.5,121.48514851485147
published,200.0,103,63,587.5,119.80198019801979
published,200.0,103,64,612.5,119.2079207920792
published,200.0,103,65,637.5,118.71287128712869
published,200.0,103,66,662.5,118.46534653465345
published,200.0,103,67,687.5,120.44554455445542
published,200.0,103,68,712.5,119.1089108910891
published,200.0,103,69,737.5,121.18811881188117
published,200.0,103,70,762.5,118.11881188118811
published,200.0,103,71,787.5,119.90099009900989
published,200.0,103,72,812.5,119.05940594059405
published,200.0,103,73,837.5,119.55445544554453
published,200.0,103,74,862.5,118.96039603960395
published,200.0,103,75,887.5,118.36633663366335
published,200.0,103,76,912.5,120.34653465346533
published,200.0,103,77,937.5,117.67326732673266
published,200.0,103,78,962.5,119.80198019801979
published,200.0,103,79,987.5,120.04950495049503
published,200.0,104,0,-987.5,74.35643564356434
published,200.0,104,1,-962.5,124.85148514851484
published,200.0,104,2,-937.5,124.009900990099
published,200.0,104,3,-912.5,124.95049504950494
published,200.0,104,4,-887.5,124.45544554455444
published,200.0,104,5,-862.5,124.25742574257424
published,200.0,104,6,-837.5,125.54455445544552
published,200.0,104,7,-812.5,123.56435643564355
published,200.0,104,8,-787.5,123.96039603960395
published,200.0,104,9,-762.5,123.96039603960395
published,200.0,104,10,-737.5,123.81188118811879
published,200.0,104,11,-712.5,123.5148514851485
published,200.0,104,12,-687.5,124.75247524752473
published,200.0,104,13,-662.5,123.56435643564355
published,200.0,104,14,-637.5,122.17821782178216
published,200.0,104,15,-612.5,125.09900990099008
published,200.0,104,16,-587.5,123.5148514851485
published,200.0,104,17,-562.5,122.87128712871285
published,200.0,104,18,-537.5,125.09900990099008
published,200.0,104,19,-512.5,124.30693069306929
published,200.0,104,20,-487.5,123.11881188118811
published,200.0,104,21,-462.5,124.80198019801979
published,200.0,104,22,-437.5,124.1089108910891
published,200.0,104,23,-412.5,123.3168316831683
published,200.0,104,24,-387.5,123.76237623762374
published,200.0,104,25,-362.5,123.5148514851485
published,200.0,104,26,-337.5,124.45544554455444
published,200.0,104,27,-312.5,123.91089108910889
published,200.0,104,28,-287.5,124.50495049504948
published,200.0,104,29,-262.5,125.09900990099008
published,200.0,104,30,-237.5,122.57425742574256
published,200.0,104,31,-212.5,124.80198019801979
published,200.0,104,32,-187.5,123.76237623762374
published,200.0,104,33,-162.5,125.59405940594057
published,200.0,104,34,-137.5,123.4158415841584
published,200.0,104,35,-112.5,123.81188118811879
published,200.0,104,36,-87.5,124.90099009900989
published,200.0,104,37,-62.5,122.52475247524751
published,200.0,104,38,-37.5,124.95049504950494
published,200.0,104,39,-12.5,123.71287128712869
published,200.0,104,40,12.5,120.39603960396038
published,200.0,104,41,37.5,119.95049504950494
published,200.0,104,42,62.5,118.019801980198
published,200.0,104,43,87.5,119.009900990099
published,200.0,104,44,112.5,119.30693069306929
published,200.0,104,45,137.5,120.64356435643563
published,200.0,104,46,162.5,120.24752475247523
published,200.0,104,47,187.5,119.50495049504948
published,200.0,104,48,212.5,119.1089108910891
published,200.0,104,49,237.5,120.09900990099008
published,200.0,104,50,262.5,118.5148514851485
published,200.0,104,51,287.5,120.19801980198018
published,200.0,104,52,312.5,119.40594059405939
published,200.0,104,53,337.5,121.03960396039602
published,200.0,104,54,362.5,118.3168316831683
published,200.0,104,55,387.5,119.009900990099
published,200.0,104,56,412.5,120.59405940594058
published,200.0,104,57,437.5,118.46534653465345
published,200.0,104,58,462.5,120.44554455445542
published,200.0,104,59,487.5,119.25742574257424
published,200.0,104,60,512.5,120.44554455445542
published,200.0,104,61,537.5,117.67326732673266
published,200.0,104,62,562.5,118.76237623762374
published,200.0,104,63,587.5,117.97029702970295
published,200.0,104,64,612.5,119.30693069306929
published,200.0,104,65,637.5,119.90099009900989
published,200.0,104,66,662.5,119.05940594059405
published,200.0,104,67,687.5,119.85148514851484
published,200.0,104,68,712.5,119.009900990099
published,200.0,104,69,737.5,121.03960396039602
published,200.0,104,70,762.5,117.07920792079206
published,200.0,104,71,787.5,120.89108910891088
published,200.0,104,72,812.5,118.9108910891089
published,200.0,104,73,837.5,119.85148514851484
published,200.0,104,74,862.5,119.45544554455444
published,200.0,104,75,887.5,119.50495049504948
published,200.0,104,76,912.5,119.40594059405939
published,200.0,104,77,937.5,118.46534653465345
published,200.0,104,78,962.5,119.99999999999999
published,200.0,104,79,987.5,118.56435643564355
published,200.0,105,0,-987.5,74.5049504950495
published,200.0,105,1,-962.5,123.6138613861386
published,200.0,105,2,-937.5,124.65346534653463
published,200.0,105,3,-912.5,124.40594059405939
published,200.0,105,4,-887.5,123.06930693069305
published,200.0,105,5,-862.5,126.43564356435641
published,200.0,105,6,-837.5,121.58415841584157
published,200.0,105,7,-812.5,123.6138613861386
published,200.0,105,8,-787.5,123.019801980198
published,200.0,105,9,-762.5,124.35643564356434
published,200.0,105,10,-737.5,124.95049504950494
published,200.0,105,11,-712.5,124.50495049504948
published,200.0,105,12,-687.5,124.99999999999999
published,200.0,105,13,-662.5,123.76237623762374
published,200.0,105,14,-637.5,123.06930693069305
published,200.0,105,15,-612.5,126.53465346534652
published,200.0,105,16,-587.5,123.36633663366335
published,200.0,105,17,-562.5,123.56435643564355
published,200.0,105,18,-537.5,124.30693069306929
published,200.0,105,19,-512.5,124.55445544554453
published,200.0,105,20,-487.5,124.50495049504948
published,200.0,105,21,-462.5,122.9207920792079
published,200.0,105,22,-437.5,124.35643564356434
published,200.0,105,23,-412.5,123.66336633663364
published,200.0,105,24,-387.5,124.60396039603958
published,200.0,105,25,-362.5,121.93069306930691
published,200.0,105,26,-337.5,124.50495049504948
published,200.0,105,27,-312.5,124.2079207920792
published,200.0,105,28,-287.5,122.47524752475246
published,200.0,105,29,-262.5,125.39603960396038
published,200.0,105,30,-237.5,124.40594059405939
published,200.0,105,31,-212.5,124.50495049504948
published,200.0,105,32,-187.5,125.39603960396038
published,200.0,105,33,-162.5,122.47524752475246
published,200.0,105,34,-137.5,124.60396039603958
published,200.0,105,35,-112.5,123.3168316831683
published,200.0,105,36,-87.5,123.46534653465345
published,200.0,105,37,-62.5,123.36633663366335
published,200.0,105,38,-37.5,124.95049504950494
published,200.0,105,39,-12.5,124.25742574257424
published,200.0,105,40,12.5,120.39603960396038
published,200.0,105,41,37.5,119.75247524752474
published,200.0,105,42,62.5,119.90099009900989
published,200.0,105,43,87.5,119.60396039603958
published,200.0,105,44,112.5,118.86138613861384
published,200.0,105,45,137.5,119.2079207920792
published,200.0,105,46,162.5,121.08910891089107
published,200.0,105,47,187.5,118.86138613861384
published,200.0,105,48,212.5,120.04950495049503
published,200.0,105,49,237.5,119.80198019801979
published,200.0,105,50,262.5,120.34653465346533
published,200.0,105,51,287.5,118.36633663366335
published,200.0,105,52,312.5,120.09900990099008
published,200.0,105,53,337.5,118.6138613861386
published,200.0,105,54,362.5,118.9108910891089
published,200.0,105,55,387.5,120.59405940594058
published,200.0,105,56,412.5,119.90099009900989
published,200.0,105,57,437.5,120.14851485148513
published,200.0,105,58,462.5,120.39603960396038
published,200.0,105,59,487.5,120.14851485148513
published,200.0,105,60,512.5,119.85148514851484
published,200.0,105,61,537.5,119.90099009900989
published,200.0,105,62,562.5,119.70297029702968
published,200.0,105,63,587.5,120.34653465346533
published,200.0,105,64,612.5,118.66336633663364
published,200.0,105,65,637.5,119.60396039603958
published,200.0,105,66,662.5,119.45544554455444
published,200.0,105,67,687.5,117.1287128712871
published,200.0,105,68,712.5,120.34653465346533
published,200.0,105,69,737.5,119.75247524752474
published,200.0,105,70,762.5,118.66336633663364
published,200.0,105,71,787.5,119.30693069306929
published,200.0,105,72,812.5,119.90099009900989
published,200.0,105,73,837.5,118.46534653465345
published,200.0,105,74,862.5,119.99999999999999
published,200.0,105,75,887.5,118.71287128712869
published,200.0,105,76,912.5,118.2178217821782
published,200.0,105,77,937.5,121.23762376237622
published,200.0,105,78,962.5,118.06930693069306
published,200.0,105,79,987.5,119.90099009900989
published,23.5,101,0,-987.5,52.72277227722771
published,23.5,101,1,-962.5,119.55445544554453
published,23.5,101,2,-937.5,120.54455445544552
published,23.5,101,3,-912.5,119.25742574257424
published,23.5,101,4,-887.5,120.64356435643563
published,23.5,101,5,-862.5,118.96039603960395
published,23.5,101,6,-837.5,120.34653465346533
published,23.5,101,7,-812.5,120.49504950495047
published,23.5,101,8,-787.5,119.60396039603958
published,23.5,101,9,-762.5,121.33663366336631
published,23.5,101,10,-737.5,119.75247524752474
published,23.5,101,11,-712.5,119.2079207920792
published,23.5,101,12,-687.5,120.34653465346533
published,23.5,101,13,-662.5,120.74257425742573
published,23.5,101,14,-637.5,119.40594059405939
published,23.5,101,15,-612.5,121.03960396039602
published,23.5,101,16,-587.5,120.24752475247523
published,23.5,101,17,-562.5,119.95049504950494
published,23.5,101,18,-537.5,120.89108910891088
published,23.5,101,19,-512.5,120.19801980198018
published,23.5,101,20,-487.5,118.4158415841584
published,23.5,101,21,-462.5,121.38613861386136
published,23.5,101,22,-437.5,120.29702970297028
published,23.5,101,23,-412.5,120.84158415841583
published,23.5,101,24,-387.5,119.60396039603958
published,23.5,101,25,-362.5,119.99999999999999
published,23.5,101,26,-337.5,121.33663366336631
published,23.5,101,27,-312.5,120.69306930693068
published,23.5,101,28,-287.5,120.99009900990097
published,23.5,101,29,-262.5,119.15841584158414
published,23.5,101,30,-237.5,121.08910891089107
published,23.5,101,31,-212.5,120.89108910891088
published,23.5,101,32,-187.5,119.40594059405939
published,23.5,101,33,-162.5,119.50495049504948
published,23.5,101,34,-137.5,119.009900990099
published,23.5,101,35,-112.5,121.63366336633662
published,23.5,101,36,-87.5,120.59405940594058
published,23.5,101,37,-62.5,121.58415841584157
published,23.5,101,38,-37.5,119.75247524752474
published,23.5,101,39,-12.5,121.73267326732672
published,23.5,101,40,12.5,117.97029702970295
published,23.5,101,41,37.5,119.55445544554453
published,23.5,101,42,62.5,119.55445544554453
published,23.5,101,43,87.5,120.29702970297028
published,23.5,101,44,112.5,119.30693069306929
published,23.5,101,45,137.5,120.84158415841583
published,23.5,101,46,162.5,120.34653465346533
published,23.5,101,47,187.5,117.7227722772277
published,23.5,101,48,212.5,119.75247524752474
published,23.5,101,49,237.5,119.25742574257424
published,23.5,101,50,262.5,119.45544554455444
published,23.5,101,51,287.5,120.59405940594058
published,23.5,101,52,312.5,119.25742574257424
published,23.5,101,53,337.5,118.6138613861386
published,23.5,101,54,362.5,119.009900990099
published,23.5,101,55,387.5,119.45544554455444
published,23.5,101,56,412.5,118.06930693069306
published,23.5,101,57,437.5,121.28712871287127
published,23.5,101,58,462.5,119.009900990099
published,23.5,101,59,487.5,118.81188118811879
published,23.5,101,60,512.5,120.94059405940592
published,23.5,101,61,537.5,118.71287128712869
published,23.5,101,62,562.5,119.90099009900989
published,23.5,101,63,587.5,118.76237623762374
published,23.5,101,64,612.5,119.60396039603958
published,23.5,101,65,637.5,119.30693069306929
published,23.5,101,66,662.5,119.60396039603958
published,23.5,101,67,687.5,119.55445544554453
published,23.5,101,68,712.5,119.35643564356434
published,23.5,101,69,737.5,119.95049504950494
published,23.5,101,70,762.5,119.15841584158414
published,23.5,101,71,787.5,119.50495049504948
published,23.5,101,72,812.5,118.36633663366335
published,23.5,101,73,837.5,119.95049504950494
published,23.5,101,74,862.5,119.55445544554453
published,23.5,101,75,887.5,119.30693069306929
published,23.5,101,76,912.5,120.04950495049503
published,23.5,101,77,937.5,118.86138613861384
published,23.5,101,78,962.5,119.30693069306929
published,23.5,101,79,987.5,120.94059405940592
published,23.5,102,0,-987.5,47.22772277227722
published,23.5,102,1,-962.5,119.25742574257424
published,23.5,102,2,-937.5,120.84158415841583
published,23.5,102,3,-912.5,119.009900990099
published,23.5,102,4,-887.5,120.74257425742573
published,23.5,102,5,-862.5,120.44554455445542
published,23.5,102,6,-837.5,120.04950495049503
published,23.5,102,7,-812.5,121.68316831683167
published,23.5,102,8,-787.5,120.34653465346533
published,23.5,102,9,-762.5,120.54455445544552
published,23.5,102,10,-737.5,120.29702970297028
published,23.5,102,11,-712.5,120.09900990099008
published,23.5,102,12,-687.5,121.13861386138612
published,23.5,102,13,-662.5,119.75247524752474
published,23.5,102,14,-637.5,120.14851485148513
published,23.5,102,15,-612.5,120.19801980198018
published,23.5,102,16,-587.5,120.39603960396038
published,23.5,102,17,-562.5,120.19801980198018
published,23.5,102,18,-537.5,120.39603960396038
published,23.5,102,19,-512.5,121.43564356435643
published,23.5,102,20,-487.5,119.50495049504948
published,23.5,102,21,-462.5,120.79207920792078
published,23.5,102,22,-437.5,121.13861386138612
published,23.5,102,23,-412.5,121.38613861386136
published,23.5,102,24,-387.5,120.59405940594058
published,23.5,102,25,-362.5,120.29702970297028
published,23.5,102,26,-337.5,120.59405940594058
published,23.5,102,27,-312.5,120.54455445544552
published,23.5,102,28,-287.5,121.48514851485147
published,23.5,102,29,-262.5,119.70297029702968
published,23.5,102,30,-237.5,120.19801980198018
published,23.5,102,31,-212.5,120.89108910891088
published,23.5,102,32,-187.5,120.74257425742573
published,23.5,102,33,-162.5,121.33663366336631
published,23.5,102,34,-137.5,119.2079207920792
published,23.5,102,35,-112.5,121.33663366336631
published,23.5,102,36,-87.5,118.76237623762374
published,23.5,102,37,-62.5,121.23762376237622
published,23.5,102,38,-37.5,120.59405940594058
published,23.5,102,39,-12.5,120.99009900990097
published,23.5,102,40,12.5,119.45544554455444
published,23.5,102,41,37.5,118.46534653465345
published,23.5,102,42,62.5,118.96039603960395
published,23.5,102,43,87.5,118.26732673267325
published,23.5,102,44,112.5,120.79207920792078
published,23.5,102,45,137.5,118.36633663366335
published,23.5,102,46,162.5,120.09900990099008
published,23.5,102,47,187.5,121.38613861386136
published,23.5,102,48,212.5,119.30693069306929
published,23.5,102,49,237.5,120.74257425742573
published,23.5,102,50,262.5,120.74257425742573
published,23.5,102,51,287.5,119.60396039603958
published,23.5,102,52,312.5,120.39603960396038
published,23.5,102,53,337.5,118.5148514851485
published,23.5,102,54,362.5,118.71287128712869
published,23.5,102,55,387.5,119.75247524752474
published,23.5,102,56,412.5,118.76237623762374
published,23.5,102,57,437.5,120.69306930693068
published,23.5,102,58,462.5,119.2079207920792
published,23.5,102,59,487.5,118.96039603960395
published,23.5,102,60,512.5,118.81188118811879
published,23.5,102,61,537.5,120.09900990099008
published,23.5,102,62,562.5,118.4158415841584
published,23.5,102,63,587.5,118.66336633663364
published,23.5,102,64,612.5,119.75247524752474
published,23.5,102,65,637.5,118.4158415841584
published,23.5,102,66,662.5,120.09900990099008
published,23.5,102,67,687.5,118.46534653465345
published,23.5,102,68,712.5,120.04950495049503
published,23.5,102,69,737.5,121.58415841584157
published,23.5,102,70,762.5,120.24752475247523
published,23.5,102,71,787.5,118.56435643564355
published,23.5,102,72,812.5,121.53465346534652
published,23.5,102,73,837.5,118.46534653465345
published,23.5,102,74,862.5,120.44554455445542
published,23.5,102,75,887.5,120.44554455445542
published,23.5,102,76,912.5,118.96039603960395
published,23.5,102,77,937.5,118.6138613861386
published,23.5,102,78,962.5,120.24752475247523
published,23.5,102,79,987.5,118.56435643564355
published,23.5,103,0,-987.5,54.950495049504944
published,23.5,103,1,-962.5,120.14851485148513
published,23.5,103,2,-937.5,119.99999999999999
published,23.5,103,3,-912.5,120.69306930693068
published,23.5,103,4,-887.5,120.19801980198018
published,23.5,103,5,-862.5,120.14851485148513
published,23.5,103,6,-837.5,121.13861386138612
published,23.5,103,7,-812.5,119.90099009900989
published,23.5,103,8,-787.5,121.73267326732672
published,23.5,103,9,-762.5,121.43564356435643
published,23.5,103,10,-737.5,120.44554455445542
published,23.5,103,11,-712.5,119.50495049504948
published,23.5,103,12,-687.5,119.95049504950494
published,23.5,103,13,-662.5,119.65346534653463
published,23.5,103,14,-637.5,119.70297029702968
published,23.5,103,15,-612.5,121.13861386138612
published,23.5,103,16,-587.5,120.49504950495047
published,23.5,103,17,-562.5,120.34653465346533
published,23.5,103,18,-537.5,119.80198019801979
published,23.5,103,19,-512.5,119.75247524752474
published,23.5,103,20,-487.5,121.18811881188117
published,23.5,103,21,-462.5,120.09900990099008
published,23.5,103,22,-437.5,120.49504950495047
published,23.5,103,23,-412.5,120.49504950495047
published,23.5,103,24,-387.5,121.23762376237622
published,23.5,103,25,-362.5,120.99009900990097
published,23.5,103,26,-337.5,120.84158415841583
published,23.5,103,27,-312.5,120.34653465346533
published,23.5,103,28,-287.5,119.70297029702968
published,23.5,103,29,-262.5,120.74257425742573
published,23.5,103,30,-237.5,120.64356435643563
published,23.5,103,31,-212.5,121.63366336633662
published,23.5,103,32,-187.5,119.95049504950494
published,23.5,103,33,-162.5,118.66336633663364
published,23.5,103,34,-137.5,122.27722772277227
published,23.5,103,35,-112.5,119.15841584158414
published,23.5,103,36,-87.5,119.30693069306929
published,23.5,103,37,-62.5,121.83168316831681
published,23.5,103,38,-37.5,119.55445544554453
published,23.5,103,39,-12.5,120.94059405940592
published,23.5,103,40,12.5,120.69306930693068
published,23.5,103,41,37.5,118.26732673267325
published,23.5,103,42,62.5,120.19801980198018
published,23.5,103,43,87.5,120.24752475247523
published,23.5,103,44,112.5,119.009900990099
published,23.5,103,45,137.5,120.49504950495047
published,23.5,103,46,162.5,119.25742574257424
published,23.5,103,47,187.5,121.98019801980196
published,23.5,103,48,212.5,118.2178217821782
published,23.5,103,49,237.5,120.69306930693068
published,23.5,103,50,262.5,119.05940594059405
published,23.5,103,51,287.5,119.30693069306929
published,23.5,103,52,312.5,120.39603960396038
published,23.5,103,53,337.5,119.35643564356434
published,23.5,103,54,362.5,119.95049504950494
published,23.5,103,55,387.5,119.60396039603958
published,23.5,103,56,412.5,119.40594059405939
published,23.5,103,57,437.5,119.70297029702968
published,23.5,103,58,462.5,119.40594059405939
published,23.5,103,59,487.5,118.5148514851485
published,23.5,103,60,512.5,119.55445544554453
published,23.5,103,61,537.5,120.09900990099008
published,23.5,103,62,562.5,118.06930693069306
published,23.5,103,63,587.5,120.84158415841583
published,23.5,103,64,612.5,118.96039603960395
published,23.5,103,65,637.5,120.49504950495047
published,23.5,103,66,662.5,118.56435643564355
published,23.5,103,67,687.5,119.95049504950494
published,23.5,103,68,712.5,119.80198019801979
published,23.5,103,69,737.5,118.2178217821782
published,23.5,103,70,762.5,118.26732673267325
published,23.5,103,71,787.5,122.17821782178216
published,23.5,103,72,812.5,118.16831683168316
published,23.5,103,73,837.5,119.70297029702968
published,23.5,103,74,862.5,119.30693069306929
published,23.5,103,75,887.5,119.45544554455444
published,23.5,103,76,912.5,119.65346534653463
published,23.5,103,77,937.5,119.45544554455444
published,23.5,103,78,962.5,118.76237623762374
published,23.5,103,79,987.5,118.71287128712869
published,23.5,104,0,-987.5,45.39603960396039
published,23.5,104,1,-962.5,118.019801980198
published,23.5,104,2,-937.5,120.39603960396038
published,23.5,104,3,-912.5,120.29702970297028
published,23.5,104,4,-887.5,120.24752475247523
published,23.5,104,5,-862.5,120.64356435643563
published,23.5,104,6,-837.5,120.69306930693068
published,23.5,104,7,-812.5,119.95049504950494
published,23.5,104,8,-787.5,121.68316831683167
published,23.5,104,9,-762.5,120.64356435643563
published,23.5,104,10,-737.5,119.55445544554453
published,23.5,104,11,-712.5,118.4158415841584
published,23.5,104,12,-687.5,119.1089108910891
published,23.5,104,13,-662.5,119.75247524752474
published,23.5,104,14,-637.5,120.84158415841583
published,23.5,104,15,-612.5,120.04950495049503
published,23.5,104,16,-587.5,120.74257425742573
published,23.5,104,17,-562.5,119.65346534653463
published,23.5,104,18,-537.5,120.49504950495047
published,23.5,104,19,-512.5,119.90099009900989
published,23.5,104,20,-487.5,121.48514851485147
published,23.5,104,21,-462.5,121.28712871287127
published,23.5,104,22,-437.5,120.54455445544552
published,23.5,104,23,-412.5,119.50495049504948
published,23.5,104,24,-387.5,120.09900990099008
published,23.5,104,25,-362.5,119.95049504950494
published,23.5,104,26,-337.5,120.04950495049503
published,23.5,104,27,-312.5,119.90099009900989
published,23.5,104,28,-287.5,120.29702970297028
published,23.5,104,29,-262.5,120.99009900990097
published,23.5,104,30,-237.5,121.38613861386136
published,23.5,104,31,-212.5,119.65346534653463
published,23.5,104,32,-187.5,120.39603960396038
published,23.5,104,33,-162.5,119.009900990099
published,23.5,104,34,-137.5,121.13861386138612
published,23.5,104,35,-112.5,118.96039603960395
published,23.5,104,36,-87.5,122.37623762376236
published,23.5,104,37,-62.5,120.44554455445542
published,23.5,104,38,-37.5,120.44554455445542
published,23.5,104,39,-12.5,120.84158415841583
published,23.5,104,40,12.5,119.75247524752474
published,23.5,104,41,37.5,119.55445544554453
published,23.5,104,42,62.5,118.76237623762374
published,23.5,104,43,87.5,118.66336633663364
published,23.5,104,44,112.5,118.6138613861386
published,23.5,104,45,137.5,118.5148514851485
published,23.5,104,46,162.5,119.50495049504948
published,23.5,104,47,187.5,120.04950495049503
published,23.5,104,48,212.5,119.90099009900989
published,23.5,104,49,237.5,117.7227722772277
published,23.5,104,50,262.5,120.09900990099008
published,23.5,104,51,287.5,119.15841584158414
published,23.5,104,52,312.5,119.1089108910891
published,23.5,104,53,337.5,119.80198019801979
published,23.5,104,54,362.5,120.69306930693068
published,23.5,104,55,387.5,119.40594059405939
published,23.5,104,56,412.5,118.6138613861386
published,23.5,104,57,437.5,120.69306930693068
published,23.5,104,58,462.5,118.6138613861386
published,23.5,104,59,487.5,120.74257425742573
published,23.5,104,60,512.5,119.15841584158414
published,23.5,104,61,537.5,120.79207920792078
published,23.5,104,62,562.5,118.36633663366335
published,23.5,104,63,587.5,121.18811881188117
published,23.5,104,64,612.5,118.11881188118811
published,23.5,104,65,637.5,119.85148514851484
published,23.5,104,66,662.5,119.85148514851484
published,23.5,104,67,687.5,119.05940594059405
published,23.5,104,68,712.5,119.05940594059405
published,23.5,104,69,737.5,119.95049504950494
published,23.5,104,70,762.5,118.019801980198
published,23.5,104,71,787.5,120.14851485148513
published,23.5,104,72,812.5,120.14851485148513
published,23.5,104,73,837.5,120.19801980198018
published,23.5,104,74,862.5,118.5148514851485
published,23.5,104,75,887.5,119.05940594059405
published,23.5,104,76,912.5,120.89108910891088
published,23.5,104,77,937.5,120.44554455445542
published,23.5,104,78,962.5,118.66336633663364
published,23.5,104,79,987.5,120.24752475247523
published,23.5,105,0,-987.5,46.732673267326724
published,23.5,105,1,-962.5,119.009900990099
published,23.5,105,2,-937.5,120.34653465346533
published,23.5,105,3,-912.5,121.23762376237622
published,23.5,105,4,-887.5,120.84158415841583
published,23.5,105,5,-862.5,119.55445544554453
published,23.5,105,6,-837.5,120.99009900990097
published,23.5,105,7,-812.5,121.18811881188117
published,23.5,105,8,-787.5,120.79207920792078
published,23.5,105,9,-762.5,120.04950495049503
published,23.5,105,10,-737.5,120.09900990099008
published,23.5,105,11,-712.5,121.33663366336631
published,23.5,105,12,-687.5,119.25742574257424
published,23.5,105,13,-662.5,119.75247524752474
published,23.5,105,14,-637.5,121.18811881188117
published,23.5,105,15,-612.5,118.26732673267325
published,23.5,105,16,-587.5,121.93069306930691
published,23.5,105,17,-562.5,120.74257425742573
published,23.5,105,18,-537.5,120.59405940594058
published,23.5,105,19,-512.5,120.24752475247523
published,23.5,105,20,-487.5,120.94059405940592
published,23.5,105,21,-462.5,121.68316831683167
published,23.5,105,22,-437.5,120.09900990099008
published,23.5,105,23,-412.5,119.2079207920792
published,23.5,105,24,-387.5,120.29702970297028
published,23.5,105,25,-362.5,120.99009900990097
published,23.5,105,26,-337.5,119.2079207920792
published,23.5,105,27,-312.5,121.53465346534652
published,23.5,105,28,-287.5,120.84158415841583
published,23.5,105,29,-262.5,120.54455445544552
published,23.5,105,30,-237.5,120.24752475247523
published,23.5,105,31,-212.5,120.64356435643563
published,23.5,105,32,-187.5,119.75247524752474
published,23.5,105,33,-162.5,119.95049504950494
published,23.5,105,34,-137.5,120.64356435643563
published,23.5,105,35,-112.5,122.27722772277227
published,23.5,105,36,-87.5,119.1089108910891
published,23.5,105,37,-62.5,119.25742574257424
published,23.5,105,38,-37.5,120.34653465346533
published,23.5,105,39,-12.5,121.08910891089107
published,23.5,105,40,12.5,117.77227722772275
published,23.5,105,41,37.5,120.29702970297028
published,23.5,105,42,62.5,120.84158415841583
published,23.5,105,43,87.5,119.35643564356434
published,23.5,105,44,112.5,118.5148514851485
published,23.5,105,45,137.5,120.54455445544552
published,23.5,105,46,162.5,119.55445544554453
published,23.5,105,47,187.5,119.15841584158414
published,23.5,105,48,212.5,120.39603960396038
published,23.5,105,49,237.5,119.15841584158414
published,23.5,105,50,262.5,119.25742574257424
published,23.5,105,51,287.5,120.49504950495047
published,23.5,105,52,312.5,118.96039603960395
published,23.5,105,53,337.5,118.46534653465345
published,23.5,105,54,362.5,119.65346534653463
published,23.5,105,55,387.5,119.95049504950494
published,23.5,105,56,412.5,119.40594059405939
published,23.5,105,57,437.5,119.55445544554453
published,23.5,105,58,462.5,118.71287128712869
published,23.5,105,59,487.5,119.75247524752474
published,23.5,105,60,512.5,119.15841584158414
published,23.5,105,61,537.5,120.19801980198018
published,23.5,105,62,562.5,119.1089108910891
published,23.5,105,63,587.5,119.05940594059405
published,23.5,105,64,612.5,119.65346534653463
published,23.5,105,65,637.5,119.60396039603958
published,23.5,105,66,662.5,120.34653465346533
published,23.5,105,67,687.5,118.66336633663364
published,23.5,105,68,712.5,120.09900990099008
published,23.5,105,69,737.5,119.50495049504948
published,23.5,105,70,762.5,118.71287128712869
published,23.5,105,71,787.5,119.95049504950494
published,23.5,105,72,812.5,118.66336633663364
published,23.5,105,73,837.5,119.40594059405939
published,23.5,105,74,862.5,120.94059405940592
published,23.5,105,75,887.5,117.9207920792079
published,23.5,105,76,912.5,120.09900990099008
published,23.5,105,77,937.5,118.76237623762374
published,23.5,105,78,962.5,119.80198019801979
published,23.5,105,79,987.5,118.81188118811879
published,36.1,101,0,-987.5,59.009900990099
published,36.1,101,1,-962.5,120.74257425742573
published,36.1,101,2,-937.5,120.09900990099008
published,36.1,101,3,-912.5,120.64356435643563
published,36.1,101,4,-887.5,119.009900990099
published,36.1,101,5,-862.5,120.54455445544552
published,36.1,101,6,-837.5,120.49504950495047
published,36.1,101,7,-812.5,119.45544554455444
published,36.1,101,8,-787.5,120.14851485148513
published,36.1,101,9,-762.5,120.54455445544552
published,36.1,101,10,-737.5,121.18811881188117
published,36.1,101,11,-712.5,119.65346534653463
published,36.1,101,12,-687.5,120.34653465346533
published,36.1,101,13,-662.5,121.98019801980196
published,36.1,101,14,-637.5,121.13861386138612
published,36.1,101,15,-612.5,120.19801980198018
published,36.1,101,16,-587.5,120.99009900990097
published,36.1,101,17,-562.5,120.99009900990097
published,36.1,101,18,-537.5,120.59405940594058
published,36.1,101,19,-512.5,120.79207920792078
published,36.1,101,20,-487.5,121.18811881188117
published,36.1,101,21,-462.5,120.84158415841583
published,36.1,101,22,-437.5,122.32673267326732
published,36.1,101,23,-412.5,119.35643564356434
published,36.1,101,24,-387.5,120.69306930693068
published,36.1,101,25,-362.5,121.88118811881186
published,36.1,101,26,-337.5,120.29702970297028
published,36.1,101,27,-312.5,122.2277227722772
published,36.1,101,28,-287.5,119.99999999999999
published,36.1,101,29,-262.5,119.99999999999999
published,36.1,101,30,-237.5,120.44554455445542
published,36.1,101,31,-212.5,120.84158415841583
published,36.1,101,32,-187.5,119.80198019801979
published,36.1,101,33,-162.5,119.95049504950494
published,36.1,101,34,-137.5,120.74257425742573
published,36.1,101,35,-112.5,119.90099009900989
published,36.1,101,36,-87.5,118.81188118811879
published,36.1,101,37,-62.5,121.08910891089107
published,36.1,101,38,-37.5,120.74257425742573
published,36.1,101,39,-12.5,120.44554455445542
published,36.1,101,40,12.5,119.95049504950494
published,36.1,101,41,37.5,119.35643564356434
published,36.1,101,42,62.5,119.1089108910891
published,36.1,101,43,87.5,120.74257425742573
published,36.1,101,44,112.5,118.66336633663364
published,36.1,101,45,137.5,119.75247524752474
published,36.1,101,46,162.5,118.96039603960395
published,36.1,101,47,187.5,119.70297029702968
published,36.1,101,48,212.5,119.85148514851484
published,36.1,101,49,237.5,118.9108910891089
published,36.1,101,50,262.5,120.49504950495047
published,36.1,101,51,287.5,118.66336633663364
published,36.1,101,52,312.5,120.84158415841583
published,36.1,101,53,337.5,119.2079207920792
published,36.1,101,54,362.5,118.96039603960395
published,36.1,101,55,387.5,119.05940594059405
published,36.1,101,56,412.5,119.60396039603958
published,36.1,101,57,437.5,117.8217821782178
published,36.1,101,58,462.5,119.30693069306929
published,36.1,101,59,487.5,119.80198019801979
published,36.1,101,60,512.5,118.71287128712869
published,36.1,101,61,537.5,119.90099009900989
published,36.1,101,62,562.5,119.25742574257424
published,36.1,101,63,587.5,120.99009900990097
published,36.1,101,64,612.5,119.009900990099
published,36.1,101,65,637.5,119.40594059405939
published,36.1,101,66,662.5,119.35643564356434
published,36.1,101,67,687.5,118.96039603960395
published,36.1,101,68,712.5,121.03960396039602
published,36.1,101,69,737.5,119.05940594059405
published,36.1,101,70,762.5,119.75247524752474
published,36.1,101,71,787.5,118.46534653465345
published,36.1,101,72,812.5,119.25742574257424
published,36.1,101,73,837.5,120.24752475247523
published,36.1,101,74,862.5,119.1089108910891
published,36.1,101,75,887.5,119.40594059405939
published,36.1,101,76,912.5,118.06930693069306
published,36.1,101,77,937.5,118.6138613861386
published,36.1,101,78,962.5,119.30693069306929
published,36.1,101,79,987.5,119.55445544554453
published,36.1,102,0,-987.5,53.811881188118804
published,36.1,102,1,-962.5,117.37623762376236
published,36.1,102,2,-937.5,121.73267326732672
published,36.1,102,3,-912.5,119.55445544554453
published,36.1,102,4,-887.5,120.74257425742573
published,36.1,102,5,-862.5,119.2079207920792
published,36.1,102,6,-837.5,122.77227722772275
published,36.1,102,7,-812.5,118.9108910891089
published,36.1,102,8,-787.5,122.37623762376236
published,36.1,102,9,-762.5,121.03960396039602
published,36.1,102,10,-737.5,118.6138613861386
published,36.1,102,11,-712.5,123.26732673267325
published,36.1,102,12,-687.5,120.29702970297028
published,36.1,102,13,-662.5,120.74257425742573
published,36.1,102,14,-637.5,120.24752475247523
published,36.1,102,15,-612.5,119.05940594059405
published,36.1,102,16,-587.5,120.79207920792078
published,36.1,102,17,-562.5,120.74257425742573
published,36.1,102,18,-537.5,119.85148514851484
published,36.1,102,19,-512.5,121.03960396039602
published,36.1,102,20,-487.5,120.24752475247523
published,36.1,102,21,-462.5,120.04950495049503
published,36.1,102,22,-437.5,119.90099009900989
published,36.1,102,23,-412.5,119.90099009900989
published,36.1,102,24,-387.5,121.63366336633662
published,36.1,102,25,-362.5,119.15841584158414
published,36.1,102,26,-337.5,121.68316831683167
published,36.1,102,27,-312.5,119.99999999999999
published,36.1,102,28,-287.5,122.52475247524751
published,36.1,102,29,-262.5,121.38613861386136
published,36.1,102,30,-237.5,122.02970297029701
published,36.1,102,31,-212.5,121.73267326732672
published,36.1,102,32,-187.5,120.89108910891088
published,36.1,102,33,-162.5,121.23762376237622
published,36.1,102,34,-137.5,119.95049504950494
published,36.1,102,35,-112.5,122.57425742574256
published,36.1,102,36,-87.5,120.99009900990097
published,36.1,102,37,-62.5,119.99999999999999
published,36.1,102,38,-37.5,121.38613861386136
published,36.1,102,39,-12.5,120.19801980198018
published,36.1,102,40,12.5,120.79207920792078
published,36.1,102,41,37.5,119.65346534653463
published,36.1,102,42,62.5,119.85148514851484
published,36.1,102,43,87.5,120.99009900990097
published,36.1,102,44,112.5,118.26732673267325
published,36.1,102,45,137.5,118.019801980198
published,36.1,102,46,162.5,120.59405940594058
published,36.1,102,47,187.5,118.6138613861386
published,36.1,102,48,212.5,120.14851485148513
published,36.1,102,49,237.5,119.99999999999999
published,36.1,102,50,262.5,119.85148514851484
published,36.1,102,51,287.5,119.40594059405939
published,36.1,102,52,312.5,118.11881188118811
published,36.1,102,53,337.5,119.80198019801979
published,36.1,102,54,362.5,119.009900990099
published,36.1,102,55,387.5,120.04950495049503
published,36.1,102,56,412.5,119.95049504950494
published,36.1,102,57,437.5,121.98019801980196
published,36.1,102,58,462.5,118.96039603960395
published,36.1,102,59,487.5,118.71287128712869
published,36.1,102,60,512.5,119.60396039603958
published,36.1,102,61,537.5,119.85148514851484
published,36.1,102,62,562.5,118.46534653465345
published,36.1,102,63,587.5,120.89108910891088
published,36.1,102,64,612.5,118.2178217821782
published,36.1,102,65,637.5,119.70297029702968
published,36.1,102,66,662.5,121.13861386138612
published,36.1,102,67,687.5,119.70297029702968
published,36.1,102,68,712.5,119.45544554455444
published,36.1,102,69,737.5,120.74257425742573
published,36.1,102,70,762.5,121.78217821782177
published,36.1,102,71,787.5,119.40594059405939
published,36.1,102,72,812.5,117.97029702970295
published,36.1,102,73,837.5,120.39603960396038
published,36.1,102,74,862.5,119.75247524752474
published,36.1,102,75,887.5,119.25742574257424
published,36.1,102,76,912.5,119.85148514851484
published,36.1,102,77,937.5,120.24752475247523
published,36.1,102,78,962.5,118.56435643564355
published,36.1,102,79,987.5,120.24752475247523
published,36.1,103,0,-987.5,61.88118811881187
published,36.1,103,1,-962.5,121.68316831683167
published,36.1,103,2,-937.5,118.71287128712869
published,36.1,103,3,-912.5,120.64356435643563
published,36.1,103,4,-887.5,121.08910891089107
published,36.1,103,5,-862.5,121.03960396039602
published,36.1,103,6,-837.5,121.13861386138612
published,36.1,103,7,-812.5,120.84158415841583
published,36.1,103,8,-787.5,120.29702970297028
published,36.1,103,9,-762.5,121.53465346534652
published,36.1,103,10,-737.5,120.59405940594058
published,36.1,103,11,-712.5,120.19801980198018
published,36.1,103,12,-687.5,120.94059405940592
published,36.1,103,13,-662.5,121.43564356435643
published,36.1,103,14,-637.5,120.24752475247523
published,36.1,103,15,-612.5,119.85148514851484
published,36.1,103,16,-587.5,121.48514851485147
published,36.1,103,17,-562.5,120.64356435643563
published,36.1,103,18,-537.5,120.39603960396038
published,36.1,103,19,-512.5,120.79207920792078
published,36.1,103,20,-487.5,121.73267326732672
published,36.1,103,21,-462.5,119.85148514851484
published,36.1,103,22,-437.5,119.25742574257424
published,36.1,103,23,-412.5,120.94059405940592
published,36.1,103,24,-387.5,120.54455445544552
published,36.1,103,25,-362.5,119.1089108910891
published,36.1,103,26,-337.5,119.85148514851484
published,36.1,103,27,-312.5,120.44554455445542
published,36.1,103,28,-287.5,120.54455445544552
published,36.1,103,29,-262.5,121.73267326732672
published,36.1,103,30,-237.5,121.18811881188117
published,36.1,103,31,-212.5,120.94059405940592
published,36.1,103,32,-187.5,121.53465346534652
published,36.1,103,33,-162.5,121.18811881188117
published,36.1,103,34,-137.5,120.94059405940592
published,36.1,103,35,-112.5,120.14851485148513
published,36.1,103,36,-87.5,120.99009900990097
published,36.1,103,37,-62.5,121.78217821782177
published,36.1,103,38,-37.5,119.55445544554453
published,36.1,103,39,-12.5,120.54455445544552
published,36.1,103,40,12.5,119.40594059405939
published,36.1,103,41,37.5,118.2178217821782
published,36.1,103,42,62.5,119.65346534653463
published,36.1,103,43,87.5,118.4158415841584
published,36.1,103,44,112.5,119.50495049504948
published,36.1,103,45,137.5,119.009900990099
published,36.1,103,46,162.5,119.60396039603958
published,36.1,103,47,187.5,119.35643564356434
published,36.1,103,48,212.5,119.80198019801979
published,36.1,103,49,237.5,119.95049504950494
published,36.1,103,50,262.5,118.81188118811879
published,36.1,103,51,287.5,119.2079207920792
published,36.1,103,52,312.5,119.50495049504948
published,36.1,103,53,337.5,119.05940594059405
published,36.1,103,54,362.5,119.15841584158414
published,36.1,103,55,387.5,118.2178217821782
published,36.1,103,56,412.5,119.15841584158414
published,36.1,103,57,437.5,120.54455445544552
published,36.1,103,58,462.5,119.05940594059405
published,36.1,103,59,487.5,119.30693069306929
published,36.1,103,60,512.5,119.50495049504948
published,36.1,103,61,537.5,118.6138613861386
published,36.1,103,62,562.5,119.30693069306929
published,36.1,103,63,587.5,119.35643564356434
published,36.1,103,64,612.5,119.99999999999999
published,36.1,103,65,637.5,118.4158415841584
published,36.1,103,66,662.5,119.2079207920792
published,36.1,103,67,687.5,119.60396039603958
published,36.1,103,68,712.5,120.49504950495047
published,36.1,103,69,737.5,118.5148514851485
published,36.1,103,70,762.5,120.84158415841583
published,36.1,103,71,787.5,119.009900990099
published,36.1,103,72,812.5,120.19801980198018
published,36.1,103,73,837.5,118.56435643564355
published,36.1,103,74,862.5,119.45544554455444
published,36.1,103,75,887.5,118.86138613861384
published,36.1,103,76,912.5,119.35643564356434
published,36.1,103,77,937.5,119.75247524752474
published,36.1,103,78,962.5,119.80198019801979
published,36.1,103,79,987.5,118.36633663366335
published,36.1,104,0,-987.5,53.465346534653456
published,36.1,104,1,-962.5,119.35643564356434
published,36.1,104,2,-937.5,120.09900990099008
published,36.1,104,3,-912.5,119.1089108910891
published,36.1,104,4,-887.5,120.04950495049503
published,36.1,104,5,-862.5,120.89108910891088
published,36.1,104,6,-837.5,121.58415841584157
published,36.1,104,7,-812.5,119.95049504950494
published,36.1,104,8,-787.5,121.23762376237622
published,36.1,104,9,-762.5,120.49504950495047
published,36.1,104,10,-737.5,120.69306930693068
published,36.1,104,11,-712.5,120.49504950495047
published,36.1,104,12,-687.5,120.49504950495047
published,36.1,104,13,-662.5,121.83168316831681
published,36.1,104,14,-637.5,122.67326732673266
published,36.1,104,15,-612.5,119.80198019801979
published,36.1,104,16,-587.5,120.39603960396038
published,36.1,104,17,-562.5,119.95049504950494
published,36.1,104,18,-537.5,120.74257425742573
published,36.1,104,19,-512.5,119.25742574257424
published,36.1,104,20,-487.5,121.78217821782177
published,36.1,104,21,-462.5,120.89108910891088
published,36.1,104,22,-437.5,120.59405940594058
published,36.1,104,23,-412.5,120.49504950495047
published,36.1,104,24,-387.5,121.38613861386136
published,36.1,104,25,-362.5,119.40594059405939
published,36.1,104,26,-337.5,120.19801980198018
published,36.1,104,27,-312.5,122.2277227722772
published,36.1,104,28,-287.5,120.59405940594058
published,36.1,104,29,-262.5,121.48514851485147
published,36.1,104,30,-237.5,120.79207920792078
published,36.1,104,31,-212.5,122.62376237623761
published,36.1,104,32,-187.5,119.65346534653463
published,36.1,104,33,-162.5,120.29702970297028
published,36.1,104,34,-137.5,121.08910891089107
published,36.1,104,35,-112.5,120.89108910891088
published,36.1,104,36,-87.5,120.89108910891088
published,36.1,104,37,-62.5,119.25742574257424
published,36.1,104,38,-37.5,119.95049504950494
published,36.1,104,39,-12.5,119.009900990099
published,36.1,104,40,12.5,120.89108910891088
published,36.1,104,41,37.5,119.65346534653463
published,36.1,104,42,62.5,118.2178217821782
published,36.1,104,43,87.5,119.85148514851484
published,36.1,104,44,112.5,119.90099009900989
published,36.1,104,45,137.5,118.26732673267325
published,36.1,104,46,162.5,120.89108910891088
published,36.1,104,47,187.5,119.70297029702968
published,36.1,104,48,212.5,117.87128712871285
published,36.1,104,49,237.5,120.49504950495047
published,36.1,104,50,262.5,119.35643564356434
published,36.1,104,51,287.5,119.90099009900989
published,36.1,104,52,312.5,119.90099009900989
published,36.1,104,53,337.5,119.75247524752474
published,36.1,104,54,362.5,119.65346534653463
published,36.1,104,55,387.5,119.40594059405939
published,36.1,104,56,412.5,118.9108910891089
published,36.1,104,57,437.5,121.78217821782177
published,36.1,104,58,462.5,117.9207920792079
published,36.1,104,59,487.5,119.30693069306929
published,36.1,104,60,512.5,120.29702970297028
published,36.1,104,61,537.5,118.4158415841584
published,36.1,104,62,562.5,121.68316831683167
published,36.1,104,63,587.5,118.2178217821782
published,36.1,104,64,612.5,119.70297029702968
published,36.1,104,65,637.5,119.75247524752474
published,36.1,104,66,662.5,119.50495049504948
published,36.1,104,67,687.5,119.55445544554453
published,36.1,104,68,712.5,118.56435643564355
published,36.1,104,69,737.5,121.58415841584157
published,36.1,104,70,762.5,118.06930693069306
published,36.1,104,71,787.5,120.09900990099008
published,36.1,104,72,812.5,119.40594059405939
published,36.1,104,73,837.5,118.11881188118811
published,36.1,104,74,862.5,120.04950495049503
published,36.1,104,75,887.5,118.66336633663364
published,36.1,104,76,912.5,118.9108910891089
published,36.1,104,77,937.5,118.5148514851485
published,36.1,104,78,962.5,119.50495049504948
published,36.1,104,79,987.5,119.50495049504948
published,36.1,105,0,-987.5,53.96039603960395
published,36.1,105,1,-962.5,119.55445544554453
published,36.1,105,2,-937.5,120.44554455445542
published,36.1,105,3,-912.5,120.69306930693068
published,36.1,105,4,-887.5,121.33663366336631
published,36.1,105,5,-862.5,119.35643564356434
published,36.1,105,6,-837.5,122.52475247524751
published,36.1,105,7,-812.5,120.59405940594058
published,36.1,105,8,-787.5,121.88118811881186
published,36.1,105,9,-762.5,120.19801980198018
published,36.1,105,10,-737.5,120.14851485148513
published,36.1,105,11,-712.5,122.97029702970295
published,36.1,105,12,-687.5,120.04950495049503
published,36.1,105,13,-662.5,121.33663366336631
published,36.1,105,14,-637.5,121.28712871287127
published,36.1,105,15,-612.5,121.13861386138612
published,36.1,105,16,-587.5,120.24752475247523
published,36.1,105,17,-562.5,120.59405940594058
published,36.1,105,18,-537.5,120.74257425742573
published,36.1,105,19,-512.5,120.04950495049503
published,36.1,105,20,-487.5,120.79207920792078
published,36.1,105,21,-462.5,120.59405940594058
published,36.1,105,22,-437.5,120.79207920792078
published,36.1,105,23,-412.5,120.09900990099008
published,36.1,105,24,-387.5,121.08910891089107
published,36.1,105,25,-362.5,122.67326732673266
published,36.1,105,26,-337.5,120.49504950495047
published,36.1,105,27,-312.5,119.90099009900989
published,36.1,105,28,-287.5,119.2079207920792
published,36.1,105,29,-262.5,120.34653465346533
published,36.1,105,30,-237.5,121.33663366336631
published,36.1,105,31,-212.5,121.48514851485147
published,36.1,105,32,-187.5,120.14851485148513
published,36.1,105,33,-162.5,120.44554455445542
published,36.1,105,34,-137.5,119.2079207920792
published,36.1,105,35,-112.5,121.03960396039602
published,36.1,105,36,-87.5,120.79207920792078
published,36.1,105,37,-62.5,119.95049504950494
published,36.1,105,38,-37.5,121.78217821782177
published,36.1,105,39,-12.5,121.33663366336631
published,36.1,105,40,12.5,119.70297029702968
published,36.1,105,41,37.5,119.009900990099
published,36.1,105,42,62.5,119.60396039603958
published,36.1,105,43,87.5,120.14851485148513
published,36.1,105,44,112.5,120.54455445544552
published,36.1,105,45,137.5,118.71287128712869
published,36.1,105,46,162.5,120.54455445544552
published,36.1,105,47,187.5,119.009900990099
published,36.1,105,48,212.5,118.81188118811879
published,36.1,105,49,237.5,119.1089108910891
published,36.1,105,50,262.5,121.28712871287127
published,36.1,105,51,287.5,119.70297029702968
published,36.1,105,52,312.5,118.9108910891089
published,36.1,105,53,337.5,120.24752475247523
published,36.1,105,54,362.5,118.96039603960395
published,36.1,105,55,387.5,118.56435643564355
published,36.1,105,56,412.5,120.24752475247523
published,36.1,105,57,437.5,121.68316831683167
published,36.1,105,58,462.5,118.6138613861386
published,36.1,105,59,487.5,120.44554455445542
published,36.1,105,60,512.5,119.05940594059405
published,36.1,105,61,537.5,121.13861386138612
published,36.1,105,62,562.5,118.4158415841584
published,36.1,105,63,587.5,119.35643564356434
published,36.1,105,64,612.5,120.94059405940592
published,36.1,105,65,637.5,119.95049504950494
published,36.1,105,66,662.5,118.36633663366335
published,36.1,105,67,687.5,119.70297029702968
published,36.1,105,68,712.5,119.2079207920792
published,36.1,105,69,737.5,120.09900990099008
published,36.1,105,70,762.5,119.99999999999999
published,36.1,105,71,787.5,118.019801980198
published,36.1,105,72,812.5,119.40594059405939
published,36.1,105,73,837.5,118.56435643564355
published,36.1,105,74,862.5,120.14851485148513
published,36.1,105,75,887.5,118.26732673267325
published,36.1,105,76,912.5,120.34653465346533
published,36.1,105,77,937.5,118.76237623762374
published,36.1,105,78,962.5,118.56435643564355
published,36.1,105,79,987.5,120.29702970297028
published,55.4,101,0,-987.5,62.623762376237615
published,55.4,101,1,-962.5,121.33663366336631
published,55.4,101,2,-937.5,121.08910891089107
published,55.4,101,3,-912.5,119.05940594059405
published,55.4,101,4,-887.5,120.89108910891088
published,55.4,101,5,-862.5,120.14851485148513
published,55.4,101,6,-837.5,121.63366336633662
published,55.4,101,7,-812.5,120.09900990099008
published,55.4,101,8,-787.5,121.28712871287127
published,55.4,101,9,-762.5,120.19801980198018
published,55.4,101,10,-737.5,121.03960396039602
published,55.4,101,11,-712.5,121.58415841584157
published,55.4,101,12,-687.5,120.84158415841583
published,55.4,101,13,-662.5,121.08910891089107
published,55.4,101,14,-637.5,121.38613861386136
published,55.4,101,15,-612.5,121.23762376237622
published,55.4,101,16,-587.5,120.34653465346533
published,55.4,101,17,-562.5,120.54455445544552
published,55.4,101,18,-537.5,121.33663366336631
published,55.4,101,19,-512.5,121.88118811881186
published,55.4,101,20,-487.5,121.03960396039602
published,55.4,101,21,-462.5,122.77227722772275
published,55.4,101,22,-437.5,121.28712871287127
published,55.4,101,23,-412.5,122.2277227722772
published,55.4,101,24,-387.5,123.11881188118811
published,55.4,101,25,-362.5,120.79207920792078
published,55.4,101,26,-337.5,119.70297029702968
published,55.4,101,27,-312.5,122.97029702970295
published,55.4,101,28,-287.5,121.93069306930691
published,55.4,101,29,-262.5,120.64356435643563
published,55.4,101,30,-237.5,119.85148514851484
published,55.4,101,31,-212.5,122.47524752475246
published,55.4,101,32,-187.5,120.34653465346533
published,55.4,101,33,-162.5,120.34653465346533
published,55.4,101,34,-137.5,121.48514851485147
published,55.4,101,35,-112.5,121.58415841584157
published,55.4,101,36,-87.5,121.83168316831681
published,55.4,101,37,-62.5,120.39603960396038
published,55.4,101,38,-37.5,121.58415841584157
published,55.4,101,39,-12.5,121.63366336633662
published,55.4,101,40,12.5,119.45544554455444
published,55.4,101,41,37.5,120.69306930693068
published,55.4,101,42,62.5,118.5148514851485
published,55.4,101,43,87.5,120.19801980198018
published,55.4,101,44,112.5,120.34653465346533
published,55.4,101,45,137.5,119.80198019801979
published,55.4,101,46,162.5,119.35643564356434
published,55.4,101,47,187.5,118.71287128712869
published,55.4,101,48,212.5,119.50495049504948
published,55.4,101,49,237.5,120.34653465346533
published,55.4,101,50,262.5,120.59405940594058
published,55.4,101,51,287.5,118.81188118811879
published,55.4,101,52,312.5,121.08910891089107
published,55.4,101,53,337.5,118.71287128712869
published,55.4,101,54,362.5,118.5148514851485
published,55.4,101,55,387.5,119.40594059405939
published,55.4,101,56,412.5,119.2079207920792
published,55.4,101,57,437.5,121.13861386138612
published,55.4,101,58,462.5,120.99009900990097
published,55.4,101,59,487.5,118.56435643564355
published,55.4,101,60,512.5,118.2178217821782
published,55.4,101,61,537.5,119.1089108910891
published,55.4,101,62,562.5,119.05940594059405
published,55.4,101,63,587.5,120.04950495049503
published,55.4,101,64,612.5,118.3168316831683
published,55.4,101,65,637.5,120.94059405940592
published,55.4,101,66,662.5,118.81188118811879
published,55.4,101,67,687.5,120.49504950495047
published,55.4,101,68,712.5,119.2079207920792
published,55.4,101,69,737.5,119.75247524752474
published,55.4,101,70,762.5,119.1089108910891
published,55.4,101,71,787.5,119.99999999999999
published,55.4,101,72,812.5,118.96039603960395
published,55.4,101,73,837.5,118.56435643564355
published,55.4,101,74,862.5,120.49504950495047
published,55.4,101,75,887.5,118.26732673267325
published,55.4,101,76,912.5,119.80198019801979
published,55.4,101,77,937.5,119.30693069306929
published,55.4,101,78,962.5,119.55445544554453
published,55.4,101,79,987.5,120.14851485148513
published,55.4,102,0,-987.5,60.09900990099009
published,55.4,102,1,-962.5,120.49504950495047
published,55.4,102,2,-937.5,120.29702970297028
published,55.4,102,3,-912.5,120.59405940594058
published,55.4,102,4,-887.5,122.47524752475246
published,55.4,102,5,-862.5,120.49504950495047
published,55.4,102,6,-837.5,121.48514851485147
published,55.4,102,7,-812.5,121.08910891089107
published,55.4,102,8,-787.5,121.38613861386136
published,55.4,102,9,-762.5,121.53465346534652
published,55.4,102,10,-737.5,120.79207920792078
published,55.4,102,11,-712.5,123.46534653465345
published,55.4,102,12,-687.5,118.71287128712869
published,55.4,102,13,-662.5,122.32673267326732
published,55.4,102,14,-637.5,121.78217821782177
published,55.4,102,15,-612.5,122.97029702970295
published,55.4,102,16,-587.5,119.35643564356434
published,55.4,102,17,-562.5,121.43564356435643
published,55.4,102,18,-537.5,119.90099009900989
published,55.4,102,19,-512.5,121.73267326732672
published,55.4,102,20,-487.5,120.44554455445542
published,55.4,102,21,-462.5,121.88118811881186
published,55.4,102,22,-437.5,122.2277227722772
published,55.4,102,23,-412.5,121.63366336633662
published,55.4,102,24,-387.5,121.68316831683167
published,55.4,102,25,-362.5,123.2178217821782
published,55.4,102,26,-337.5,120.19801980198018
published,55.4,102,27,-312.5,121.78217821782177
published,55.4,102,28,-287.5,120.59405940594058
published,55.4,102,29,-262.5,121.18811881188117
published,55.4,102,30,-237.5,122.37623762376236
published,55.4,102,31,-212.5,120.89108910891088
published,55.4,102,32,-187.5,121.18811881188117
published,55.4,102,33,-162.5,120.69306930693068
published,55.4,102,34,-137.5,120.89108910891088
published,55.4,102,35,-112.5,122.07920792079206
published,55.4,102,36,-87.5,121.28712871287127
published,55.4,102,37,-62.5,120.99009900990097
published,55.4,102,38,-37.5,122.17821782178216
published,55.4,102,39,-12.5,121.98019801980196
published,55.4,102,40,12.5,118.56435643564355
published,55.4,102,41,37.5,119.90099009900989
published,55.4,102,42,62.5,118.96039603960395
published,55.4,102,43,87.5,120.04950495049503
published,55.4,102,44,112.5,120.04950495049503
published,55.4,102,45,137.5,120.54455445544552
published,55.4,102,46,162.5,120.09900990099008
published,55.4,102,47,187.5,120.19801980198018
published,55.4,102,48,212.5,118.46534653465345
published,55.4,102,49,237.5,120.54455445544552
published,55.4,102,50,262.5,119.2079207920792
published,55.4,102,51,287.5,119.009900990099
published,55.4,102,52,312.5,119.1089108910891
published,55.4,102,53,337.5,119.40594059405939
published,55.4,102,54,362.5,119.40594059405939
published,55.4,102,55,387.5,119.65346534653463
published,55.4,102,56,412.5,119.50495049504948
published,55.4,102,57,437.5,118.81188118811879
published,55.4,102,58,462.5,118.9108910891089
published,55.4,102,59,487.5,120.94059405940592
published,55.4,102,60,512.5,119.30693069306929
published,55.4,102,61,537.5,118.81188118811879
published,55.4,102,62,562.5,118.4158415841584
published,55.4,102,63,587.5,119.85148514851484
published,55.4,102,64,612.5,119.05940594059405
published,55.4,102,65,637.5,119.95049504950494
published,55.4,102,66,662.5,119.90099009900989
published,55.4,102,67,687.5,119.85148514851484
published,55.4,102,68,712.5,117.57425742574256
published,55.4,102,69,737.5,120.34653465346533
published,55.4,102,70,762.5,120.09900990099008
published,55.4,102,71,787.5,119.25742574257424
published,55.4,102,72,812.5,120.24752475247523
published,55.4,102,73,837.5,119.65346534653463
published,55.4,102,74,862.5,119.50495049504948
published,55.4,102,75,887.5,120.24752475247523
published,55.4,102,76,912.5,118.36633663366335
published,55.4,102,77,937.5,119.50495049504948
published,55.4,102,78,962.5,118.96039603960395
published,55.4,102,79,987.5,119.40594059405939
published,55.4,103,0,-987.5,63.9108910891089
published,55.4,103,1,-962.5,121.53465346534652
published,55.4,103,2,-937.5,121.53465346534652
published,55.4,103,3,-912.5,119.80198019801979
published,55.4,103,4,-887.5,121.78217821782177
published,55.4,103,5,-862.5,121.68316831683167
published,55.4,103,6,-837.5,122.32673267326732
published,55.4,103,7,-812.5,120.49504950495047
published,55.4,103,8,-787.5,122.07920792079206
published,55.4,103,9,-762.5,121.63366336633662
published,55.4,103,10,-737.5,120.74257425742573
published,55.4,103,11,-712.5,120.99009900990097
published,55.4,103,12,-687.5,121.88118811881186
published,55.4,103,13,-662.5,121.73267326732672
published,55.4,103,14,-637.5,120.29702970297028
published,55.4,103,15,-612.5,119.95049504950494
published,55.4,103,16,-587.5,120.99009900990097
published,55.4,103,17,-562.5,122.52475247524751
published,55.4,103,18,-537.5,120.39603960396038
published,55.4,103,19,-512.5,122.87128712871285
published,55.4,103,20,-487.5,122.1287128712871
published,55.4,103,21,-462.5,121.13861386138612
published,55.4,103,22,-437.5,123.16831683168316
published,55.4,103,23,-412.5,121.23762376237622
published,55.4,103,24,-387.5,123.26732673267325
published,55.4,103,25,-362.5,120.19801980198018
published,55.4,103,26,-337.5,121.58415841584157
published,55.4,103,27,-312.5,120.39603960396038
published,55.4,103,28,-287.5,120.84158415841583
published,55.4,103,29,-262.5,120.99009900990097
published,55.4,103,30,-237.5,120.44554455445542
published,55.4,103,31,-212.5,123.019801980198
published,55.4,103,32,-187.5,121.93069306930691
published,55.4,103,33,-162.5,121.33663366336631
published,55.4,103,34,-137.5,121.28712871287127
published,55.4,103,35,-112.5,121.68316831683167
published,55.4,103,36,-87.5,120.69306930693068
published,55.4,103,37,-62.5,119.99999999999999
published,55.4,103,38,-37.5,122.17821782178216
published,55.4,103,39,-12.5,119.95049504950494
published,55.4,103,40,12.5,120.64356435643563
published,55.4,103,41,37.5,118.5148514851485
published,55.4,103,42,62.5,119.30693069306929
published,55.4,103,43,87.5,119.85148514851484
published,55.4,103,44,112.5,117.22772277227722
published,55.4,103,45,137.5,119.85148514851484
published,55.4,103,46,162.5,118.9108910891089
published,55.4,103,47,187.5,118.76237623762374
published,55.4,103,48,212.5,119.75247524752474
published,55.4,103,49,237.5,120.14851485148513
published,55.4,103,50,262.5,119.70297029702968
published,55.4,103,51,287.5,120.79207920792078
published,55.4,103,52,312.5,119.40594059405939
published,55.4,103,53,337.5,119.45544554455444
published,55.4,103,54,362.5,119.55445544554453
published,55.4,103,55,387.5,120.64356435643563
published,55.4,103,56,412.5,119.05940594059405
published,55.4,103,57,437.5,119.80198019801979
published,55.4,103,58,462.5,119.70297029702968
published,55.4,103,59,487.5,120.04950495049503
published,55.4,103,60,512.5,119.1089108910891
published,55.4,103,61,537.5,119.60396039603958
published,55.4,103,62,562.5,119.40594059405939
published,55.4,103,63,587.5,118.71287128712869
published,55.4,103,64,612.5,120.09900990099008
published,55.4,103,65,637.5,119.60396039603958
published,55.4,103,66,662.5,119.80198019801979
published,55.4,103,67,687.5,119.50495049504948
published,55.4,103,68,712.5,120.59405940594058
published,55.4,103,69,737.5,119.65346534653463
published,55.4,103,70,762.5,118.5148514851485
published,55.4,103,71,787.5,120.19801980198018
published,55.4,103,72,812.5,120.34653465346533
published,55.4,103,73,837.5,119.25742574257424
published,55.4,103,74,862.5,119.35643564356434
published,55.4,103,75,887.5,119.15841584158414
published,55.4,103,76,912.5,118.36633663366335
published,55.4,103,77,937.5,121.03960396039602
published,55.4,103,78,962.5,119.65346534653463
published,55.4,103,79,987.5,119.009900990099
published,55.4,104,0,-987.5,60.14851485148514
published,55.4,104,1,-962.5,121.98019801980196
published,55.4,104,2,-937.5,120.19801980198018
published,55.4,104,3,-912.5,120.94059405940592
published,55.4,104,4,-887.5,122.52475247524751
published,55.4,104,5,-862.5,121.63366336633662
published,55.4,104,6,-837.5,122.7227722772277
published,55.4,104,7,-812.5,122.27722772277227
published,55.4,104,8,-787.5,120.09900990099008
published,55.4,104,9,-762.5,123.06930693069305
published,55.4,104,10,-737.5,121.13861386138612
published,55.4,104,11,-712.5,122.27722772277227
published,55.4,104,12,-687.5,120.54455445544552
published,55.4,104,13,-662.5,122.42574257425741
published,55.4,104,14,-637.5,122.7227722772277
published,55.4,104,15,-612.5,121.33663366336631
published,55.4,104,16,-587.5,122.42574257425741
published,55.4,104,17,-562.5,122.77227722772275
published,55.4,104,18,-537.5,121.28712871287127
published,55.4,104,19,-512.5,120.34653465346533
published,55.4,104,20,-487.5,120.39603960396038
published,55.4,104,21,-462.5,121.78217821782177
published,55.4,104,22,-437.5,121.83168316831681
published,55.4,104,23,-412.5,121.53465346534652
published,55.4,104,24,-387.5,121.63366336633662
published,55.4,104,25,-362.5,121.33663366336631
published,55.4,104,26,-337.5,120.59405940594058
published,55.4,104,27,-312.5,121.98019801980196
published,55.4,104,28,-287.5,121.73267326732672
published,55.4,104,29,-262.5,120.94059405940592
published,55.4,104,30,-237.5,121.43564356435643
published,55.4,104,31,-212.5,121.18811881188117
published,55.4,104,32,-187.5,122.62376237623761
published,55.4,104,33,-162.5,120.44554455445542
published,55.4,104,34,-137.5,122.47524752475246
published,55.4,104,35,-112.5,120.59405940594058
published,55.4,104,36,-87.5,121.73267326732672
published,55.4,104,37,-62.5,120.49504950495047
published,55.4,104,38,-37.5,121.93069306930691
published,55.4,104,39,-12.5,120.79207920792078
published,55.4,104,40,12.5,120.14851485148513
published,55.4,104,41,37.5,118.76237623762374
published,55.4,104,42,62.5,118.4158415841584
published,55.4,104,43,87.5,119.25742574257424
published,55.4,104,44,112.5,120.54455445544552
published,55.4,104,45,137.5,118.5148514851485
published,55.4,104,46,162.5,120.44554455445542
published,55.4,104,47,187.5,119.85148514851484
published,55.4,104,48,212.5,120.44554455445542
published,55.4,104,49,237.5,119.45544554455444
published,55.4,104,50,262.5,120.44554455445542
published,55.4,104,51,287.5,119.65346534653463
published,55.4,104,52,312.5,118.5148514851485
published,55.4,104,53,337.5,120.14851485148513
published,55.4,104,54,362.5,119.85148514851484
published,55.4,104,55,387.5,120.59405940594058
published,55.4,104,56,412.5,118.5148514851485
published,55.4,104,57,437.5,119.25742574257424
published,55.4,104,58,462.5,119.99999999999999
published,55.4,104,59,487.5,118.86138613861384
published,55.4,104,60,512.5,118.76237623762374
published,55.4,104,61,537.5,120.04950495049503
published,55.4,104,62,562.5,119.1089108910891
published,55.4,104,63,587.5,120.69306930693068
published,55.4,104,64,612.5,119.40594059405939
published,55.4,104,65,637.5,119.1089108910891
published,55.4,104,66,662.5,118.4158415841584
published,55.4,104,67,687.5,118.96039603960395
published,55.4,104,68,712.5,119.50495049504948
published,55.4,104,69,737.5,121.73267326732672
published,55.4,104,70,762.5,119.75247524752474
published,55.4,104,71,787.5,119.60396039603958
published,55.4,104,72,812.5,118.2178217821782
published,55.4,104,73,837.5,119.40594059405939
published,55.4,104,74,862.5,119.90099009900989
published,55.4,104,75,887.5,119.35643564356434
published,55.4,104,76,912.5,120.59405940594058
published,55.4,104,77,937.5,118.96039603960395
published,55.4,104,78,962.5,119.25742574257424
published,55.4,104,79,987.5,118.4158415841584
published,55.4,105,0,-987.5,58.514851485148505
published,55.4,105,1,-962.5,120.69306930693068
published,55.4,105,2,-937.5,120.54455445544552
published,55.4,105,3,-912.5,122.32673267326732
published,55.4,105,4,-887.5,121.63366336633662
published,55.4,105,5,-862.5,119.45544554455444
published,55.4,105,6,-837.5,122.37623762376236
published,55.4,105,7,-812.5,121.28712871287127
published,55.4,105,8,-787.5,120.79207920792078
published,55.4,105,9,-762.5,121.08910891089107
published,55.4,105,10,-737.5,121.18811881188117
published,55.4,105,11,-712.5,121.43564356435643
published,55.4,105,12,-687.5,120.99009900990097
published,55.4,105,13,-662.5,121.58415841584157
published,55.4,105,14,-637.5,122.07920792079206
published,55.4,105,15,-612.5,120.99009900990097
published,55.4,105,16,-587.5,120.59405940594058
published,55.4,105,17,-562.5,123.06930693069305
published,55.4,105,18,-537.5,122.97029702970295
published,55.4,105,19,-512.5,121.73267326732672
published,55.4,105,20,-487.5,121.18811881188117
published,55.4,105,21,-462.5,120.49504950495047
published,55.4,105,22,-437.5,123.019801980198
published,55.4,105,23,-412.5,120.34653465346533
published,55.4,105,24,-387.5,121.48514851485147
published,55.4,105,25,-362.5,120.74257425742573
published,55.4,105,26,-337.5,121.13861386138612
published,55.4,105,27,-312.5,121.53465346534652
published,55.4,105,28,-287.5,119.05940594059405
published,55.4,105,29,-262.5,121.68316831683167
published,55.4,105,30,-237.5,121.18811881188117
published,55.4,105,31,-212.5,121.43564356435643
published,55.4,105,32,-187.5,121.68316831683167
published,55.4,105,33,-162.5,121.38613861386136
published,55.4,105,34,-137.5,121.03960396039602
published,55.4,105,35,-112.5,121.98019801980196
published,55.4,105,36,-87.5,121.23762376237622
published,55.4,105,37,-62.5,122.87128712871285
published,55.4,105,38,-37.5,121.13861386138612
published,55.4,105,39,-12.5,120.74257425742573
published,55.4,105,40,12.5,121.28712871287127
published,55.4,105,41,37.5,119.2079207920792
published,55.4,105,42,62.5,117.62376237623761
published,55.4,105,43,87.5,118.4158415841584
published,55.4,105,44,112.5,120.94059405940592
published,55.4,105,45,137.5,118.96039603960395
published,55.4,105,46,162.5,119.009900990099
published,55.4,105,47,187.5,117.87128712871285
published,55.4,105,48,212.5,119.75247524752474
published,55.4,105,49,237.5,119.70297029702968
published,55.4,105,50,262.5,118.56435643564355
published,55.4,105,51,287.5,120.94059405940592
published,55.4,105,52,312.5,120.24752475247523
published,55.4,105,53,337.5,118.4158415841584
published,55.4,105,54,362.5,118.6138613861386
published,55.4,105,55,387.5,119.25742574257424
published,55.4,105,56,412.5,118.86138613861384
published,55.4,105,57,437.5,119.85148514851484
published,55.4,105,58,462.5,119.2079207920792
published,55.4,105,59,487.5,119.75247524752474
published,55.4,105,60,512.5,118.46534653465345
published,55.4,105,61,537.5,118.9108910891089
published,55.4,105,62,562.5,119.65346534653463
published,55.4,105,63,587.5,118.06930693069306
published,55.4,105,64,612.5,119.65346534653463
published,55.4,105,65,637.5,118.81188118811879
published,55.4,105,66,662.5,118.56435643564355
published,55.4,105,67,687.5,120.34653465346533
published,55.4,105,68,712.5,119.60396039603958
published,55.4,105,69,737.5,118.2178217821782
published,55.4,105,70,762.5,119.30693069306929
published,55.4,105,71,787.5,119.05940594059405
published,55.4,105,72,812.5,120.99009900990097
published,55.4,105,73,837.5,120.44554455445542
published,55.4,105,74,862.5,118.3168316831683
published,55.4,105,75,887.5,120.39603960396038
published,55.4,105,76,912.5,119.65346534653463
published,55.4,105,77,937.5,120.29702970297028
published,55.4,105,78,962.5,121.43564356435643
published,55.4,105,79,987.5,118.86138613861384
published,85.0,101,0,-987.5,64.90099009900989
published,85.0,101,1,-962.5,123.3168316831683
published,85.0,101,2,-937.5,120.89108910891088
published,85.0,101,3,-912.5,121.93069306930691
published,85.0,101,4,-887.5,120.14851485148513
published,85.0,101,5,-862.5,121.88118811881186
published,85.0,101,6,-837.5,122.17821782178216
published,85.0,101,7,-812.5,121.53465346534652
published,85.0,101,8,-787.5,120.49504950495047
published,85.0,101,9,-762.5,120.79207920792078
published,85.0,101,10,-737.5,122.87128712871285
published,85.0,101,11,-712.5,122.07920792079206
published,85.0,101,12,-687.5,121.13861386138612
published,85.0,101,13,-662.5,120.34653465346533
published,85.0,101,14,-637.5,122.87128712871285
published,85.0,101,15,-612.5,120.74257425742573
published,85.0,101,16,-587.5,122.37623762376236
published,85.0,101,17,-562.5,121.88118811881186
published,85.0,101,18,-537.5,122.87128712871285
published,85.0,101,19,-512.5,121.63366336633662
published,85.0,101,20,-487.5,121.33663366336631
published,85.0,101,21,-462.5,120.54455445544552
published,85.0,101,22,-437.5,123.019801980198
published,85.0,101,23,-412.5,121.78217821782177
published,85.0,101,24,-387.5,122.47524752475246
published,85.0,101,25,-362.5,121.33663366336631
published,85.0,101,26,-337.5,123.06930693069305
published,85.0,101,27,-312.5,122.77227722772275
published,85.0,101,28,-287.5,121.38613861386136
published,85.0,101,29,-262.5,122.02970297029701
published,85.0,101,30,-237.5,122.17821782178216
published,85.0,101,31,-212.5,121.78217821782177
published,85.0,101,32,-187.5,123.26732673267325
published,85.0,101,33,-162.5,120.69306930693068
published,85.0,101,34,-137.5,121.38613861386136
published,85.0,101,35,-112.5,122.32673267326732
published,85.0,101,36,-87.5,122.47524752475246
published,85.0,101,37,-62.5,121.93069306930691
published,85.0,101,38,-37.5,122.1287128712871
published,85.0,101,39,-12.5,121.38613861386136
published,85.0,101,40,12.5,120.64356435643563
published,85.0,101,41,37.5,119.35643564356434
published,85.0,101,42,62.5,119.50495049504948
published,85.0,101,43,87.5,119.95049504950494
published,85.0,101,44,112.5,119.55445544554453
published,85.0,101,45,137.5,119.2079207920792
published,85.0,101,46,162.5,117.77227722772275
published,85.0,101,47,187.5,119.30693069306929
published,85.0,101,48,212.5,119.05940594059405
published,85.0,101,49,237.5,119.45544554455444
published,85.0,101,50,262.5,119.65346534653463
published,85.0,101,51,287.5,121.28712871287127
published,85.0,101,52,312.5,119.009900990099
published,85.0,101,53,337.5,119.70297029702968
published,85.0,101,54,362.5,119.65346534653463
published,85.0,101,55,387.5,120.79207920792078
published,85.0,101,56,412.5,119.35643564356434
published,85.0,101,57,437.5,119.50495049504948
published,85.0,101,58,462.5,119.85148514851484
published,85.0,101,59,487.5,119.70297029702968
published,85.0,101,60,512.5,118.11881188118811
published,85.0,101,61,537.5,120.39603960396038
published,85.0,101,62,562.5,118.56435643564355
published,85.0,101,63,587.5,119.95049504950494
published,85.0,101,64,612.5,119.15841584158414
published,85.0,101,65,637.5,119.55445544554453
published,85.0,101,66,662.5,120.39603960396038
published,85.0,101,67,687.5,119.35643564356434
published,85.0,101,68,712.5,119.40594059405939
published,85.0,101,69,737.5,120.64356435643563
published,85.0,101,70,762.5,119.1089108910891
published,85.0,101,71,787.5,119.90099009900989
published,85.0,101,72,812.5,119.009900990099
published,85.0,101,73,837.5,119.99999999999999
published,85.0,101,74,862.5,118.2178217821782
published,85.0,101,75,887.5,120.44554455445542
published,85.0,101,76,912.5,118.96039603960395
published,85.0,101,77,937.5,119.15841584158414
published,85.0,101,78,962.5,119.99999999999999
published,85.0,101,79,987.5,118.6138613861386
published,85.0,102,0,-987.5,65.89108910891088
published,85.0,102,1,-962.5,122.77227722772275
published,85.0,102,2,-937.5,121.88118811881186
published,85.0,102,3,-912.5,121.58415841584157
published,85.0,102,4,-887.5,122.7227722772277
published,85.0,102,5,-862.5,122.07920792079206
published,85.0,102,6,-837.5,123.11881188118811
published,85.0,102,7,-812.5,122.02970297029701
published,85.0,102,8,-787.5,122.17821782178216
published,85.0,102,9,-762.5,121.88118811881186
published,85.0,102,10,-737.5,123.71287128712869
published,85.0,102,11,-712.5,122.32673267326732
published,85.0,102,12,-687.5,121.73267326732672
published,85.0,102,13,-662.5,120.79207920792078
published,85.0,102,14,-637.5,122.02970297029701
published,85.0,102,15,-612.5,123.91089108910889
published,85.0,102,16,-587.5,121.73267326732672
published,85.0,102,17,-562.5,123.91089108910889
published,85.0,102,18,-537.5,120.49504950495047
published,85.0,102,19,-512.5,124.35643564356434
published,85.0,102,20,-487.5,121.88118811881186
published,85.0,102,21,-462.5,120.19801980198018
published,85.0,102,22,-437.5,122.47524752475246
published,85.0,102,23,-412.5,121.53465346534652
published,85.0,102,24,-387.5,122.47524752475246
published,85.0,102,25,-362.5,122.1287128712871
published,85.0,102,26,-337.5,122.32673267326732
published,85.0,102,27,-312.5,123.16831683168316
published,85.0,102,28,-287.5,121.93069306930691
published,85.0,102,29,-262.5,121.53465346534652
published,85.0,102,30,-237.5,122.8217821782178
published,85.0,102,31,-212.5,121.33663366336631
published,85.0,102,32,-187.5,122.27722772277227
published,85.0,102,33,-162.5,122.1287128712871
published,85.0,102,34,-137.5,122.97029702970295
published,85.0,102,35,-112.5,120.94059405940592
published,85.0,102,36,-87.5,122.87128712871285
published,85.0,102,37,-62.5,122.2277227722772
published,85.0,102,38,-37.5,124.50495049504948
published,85.0,102,39,-12.5,120.99009900990097
published,85.0,102,40,12.5,119.40594059405939
published,85.0,102,41,37.5,118.4158415841584
published,85.0,102,42,62.5,119.2079207920792
published,85.0,102,43,87.5,119.50495049504948
published,85.0,102,44,112.5,120.24752475247523
published,85.0,102,45,137.5,118.96039603960395
published,85.0,102,46,162.5,119.30693069306929
published,85.0,102,47,187.5,120.24752475247523
published,85.0,102,48,212.5,119.2079207920792
published,85.0,102,49,237.5,120.09900990099008
published,85.0,102,50,262.5,119.25742574257424
published,85.0,102,51,287.5,120.19801980198018
published,85.0,102,52,312.5,119.80198019801979
published,85.0,102,53,337.5,118.71287128712869
published,85.0,102,54,362.5,120.09900990099008
published,85.0,102,55,387.5,119.15841584158414
published,85.0,102,56,412.5,118.36633663366335
published,85.0,102,57,437.5,120.44554455445542
published,85.0,102,58,462.5,118.5148514851485
published,85.0,102,59,487.5,119.99999999999999
published,85.0,102,60,512.5,120.44554455445542
published,85.0,102,61,537.5,118.9108910891089
published,85.0,102,62,562.5,120.09900990099008
published,85.0,102,63,587.5,119.75247524752474
published,85.0,102,64,612.5,119.90099009900989
published,85.0,102,65,637.5,118.11881188118811
published,85.0,102,66,662.5,118.11881188118811
published,85.0,102,67,687.5,118.96039603960395
published,85.0,102,68,712.5,119.05940594059405
published,85.0,102,69,737.5,119.70297029702968
published,85.0,102,70,762.5,119.30693069306929
published,85.0,102,71,787.5,120.84158415841583
published,85.0,102,72,812.5,120.14851485148513
published,85.0,102,73,837.5,118.56435643564355
published,85.0,102,74,862.5,119.99999999999999
published,85.0,102,75,887.5,118.11881188118811
published,85.0,102,76,912.5,118.96039603960395
published,85.0,102,77,937.5,120.44554455445542
published,85.0,102,78,962.5,119.50495049504948
published,85.0,102,79,987.5,118.16831683168316
published,85.0,103,0,-987.5,67.32673267326732
published,85.0,103,1,-962.5,122.27722772277227
published,85.0,103,2,-937.5,122.02970297029701
published,85.0,103,3,-912.5,121.73267326732672
published,85.0,103,4,-887.5,122.17821782178216
published,85.0,103,5,-862.5,121.43564356435643
published,85.0,103,6,-837.5,121.68316831683167
published,85.0,103,7,-812.5,122.47524752475246
published,85.0,103,8,-787.5,121.68316831683167
published,85.0,103,9,-762.5,122.77227722772275
published,85.0,103,10,-737.5,121.83168316831681
published,85.0,103,11,-712.5,121.43564356435643
published,85.0,103,12,-687.5,121.33663366336631
published,85.0,103,13,-662.5,121.28712871287127
published,85.0,103,14,-637.5,121.43564356435643
published,85.0,103,15,-612.5,122.07920792079206
published,85.0,103,16,-587.5,121.03960396039602
published,85.0,103,17,-562.5,121.33663366336631
published,85.0,103,18,-537.5,121.93069306930691
published,85.0,103,19,-512.5,122.8217821782178
published,85.0,103,20,-487.5,122.27722772277227
published,85.0,103,21,-462.5,122.2277227722772
published,85.0,103,22,-437.5,122.02970297029701
published,85.0,103,23,-412.5,122.27722772277227
published,85.0,103,24,-387.5,122.77227722772275
published,85.0,103,25,-362.5,122.07920792079206
published,85.0,103,26,-337.5,122.47524752475246
published,85.0,103,27,-312.5,120.24752475247523
published,85.0,103,28,-287.5,122.37623762376236
published,85.0,103,29,-262.5,122.57425742574256
published,85.0,103,30,-237.5,122.8217821782178
published,85.0,103,31,-212.5,122.47524752475246
published,85.0,103,32,-187.5,120.59405940594058
published,85.0,103,33,-162.5,123.4158415841584
published,85.0,103,34,-137.5,120.49504950495047
published,85.0,103,35,-112.5,121.73267326732672
published,85.0,103,36,-87.5,121.48514851485147
published,85.0,103,37,-62.5,121.78217821782177
published,85.0,103,38,-37.5,122.77227722772275
published,85.0,103,39,-12.5,121.43564356435643
published,85.0,103,40,12.5,119.50495049504948
published,85.0,103,41,37.5,119.1089108910891
published,85.0,103,42,62.5,119.85148514851484
published,85.0,103,43,87.5,119.95049504950494
published,85.0,103,44,112.5,118.9108910891089
published,85.0,103,45,137.5,119.55445544554453
published,85.0,103,46,162.5,118.81188118811879
published,85.0,103,47,187.5,119.70297029702968
published,85.0,103,48,212.5,119.009900990099
published,85.0,103,49,237.5,119.99999999999999
published,85.0,103,50,262.5,118.16831683168316
published,85.0,103,51,287.5,122.1287128712871
published,85.0,103,52,312.5,118.9108910891089
published,85.0,103,53,337.5,118.11881188118811
published,85.0,103,54,362.5,120.39603960396038
published,85.0,103,55,387.5,118.9108910891089
published,85.0,103,56,412.5,118.86138613861384
published,85.0,103,57,437.5,120.49504950495047
published,85.0,103,58,462.5,119.99999999999999
published,85.0,103,59,487.5,119.45544554455444
published,85.0,103,60,512.5,117.9207920792079
published,85.0,103,61,537.5,119.55445544554453
published,85.0,103,62,562.5,119.90099009900989
published,85.0,103,63,587.5,119.65346534653463
published,85.0,103,64,612.5,118.9108910891089
published,85.0,103,65,637.5,118.6138613861386
published,85.0,103,66,662.5,119.90099009900989
published,85.0,103,67,687.5,120.89108910891088
published,85.0,103,68,712.5,119.25742574257424
published,85.0,103,69,737.5,119.70297029702968
published,85.0,103,70,762.5,119.40594059405939
published,85.0,103,71,787.5,119.30693069306929
published,85.0,103,72,812.5,119.50495049504948
published,85.0,103,73,837.5,119.95049504950494
published,85.0,103,74,862.5,118.56435643564355
published,85.0,103,75,887.5,118.66336633663364
published,85.0,103,76,912.5,118.86138613861384
published,85.0,103,77,937.5,118.9108910891089
published,85.0,103,78,962.5,119.90099009900989
published,85.0,103,79,987.5,121.03960396039602
published,85.0,104,0,-987.5,63.86138613861385
published,85.0,104,1,-962.5,122.67326732673266
published,85.0,104,2,-937.5,121.13861386138612
published,85.0,104,3,-912.5,122.47524752475246
published,85.0,104,4,-887.5,121.73267326732672
published,85.0,104,5,-862.5,122.77227722772275
published,85.0,104,6,-837.5,122.1287128712871
published,85.0,104,7,-812.5,121.68316831683167
published,85.0,104,8,-787.5,121.63366336633662
published,85.0,104,9,-762.5,122.02970297029701
published,85.0,104,10,-737.5,122.77227722772275
published,85.0,104,11,-712.5,122.52475247524751
published,85.0,104,12,-687.5,119.35643564356434
published,85.0,104,13,-662.5,123.66336633663364
published,85.0,104,14,-637.5,122.27722772277227
published,85.0,104,15,-612.5,120.34653465346533
published,85.0,104,16,-587.5,123.56435643564355
published,85.0,104,17,-562.5,122.97029702970295
published,85.0,104,18,-537.5,122.17821782178216
published,85.0,104,19,-512.5,122.77227722772275
published,85.0,104,20,-487.5,121.93069306930691
published,85.0,104,21,-462.5,122.8217821782178
published,85.0,104,22,-437.5,121.08910891089107
published,85.0,104,23,-412.5,121.98019801980196
published,85.0,104,24,-387.5,123.4158415841584
published,85.0,104,25,-362.5,122.07920792079206
published,85.0,104,26,-337.5,121.08910891089107
published,85.0,104,27,-312.5,120.44554455445542
published,85.0,104,28,-287.5,123.06930693069305
published,85.0,104,29,-262.5,121.43564356435643
published,85.0,104,30,-237.5,120.84158415841583
published,85.0,104,31,-212.5,123.2178217821782
published,85.0,104,32,-187.5,121.43564356435643
published,85.0,104,33,-162.5,120.89108910891088
published,85.0,104,34,-137.5,122.32673267326732
published,85.0,104,35,-112.5,121.18811881188117
published,85.0,104,36,-87.5,122.62376237623761
published,85.0,104,37,-62.5,121.58415841584157
published,85.0,104,38,-37.5,122.2277227722772
published,85.0,104,39,-12.5,123.81188118811879
published,85.0,104,40,12.5,120.54455445544552
published,85.0,104,41,37.5,117.67326732673266
published,85.0,104,42,62.5,119.30693069306929
published,85.0,104,43,87.5,120.54455445544552
published,85.0,104,44,112.5,120.64356435643563
published,85.0,104,45,137.5,119.2079207920792
published,85.0,104,46,162.5,121.23762376237622
published,85.0,104,47,187.5,118.36633663366335
published,85.0,104,48,212.5,119.15841584158414
published,85.0,104,49,237.5,117.62376237623761
published,85.0,104,50,262.5,120.39603960396038
published,85.0,104,51,287.5,119.05940594059405
published,85.0,104,52,312.5,119.70297029702968
published,85.0,104,53,337.5,120.79207920792078
published,85.0,104,54,362.5,118.46534653465345
published,85.0,104,55,387.5,120.99009900990097
published,85.0,104,56,412.5,118.71287128712869
published,85.0,104,57,437.5,118.26732673267325
published,85.0,104,58,462.5,120.14851485148513
published,85.0,104,59,487.5,117.52475247524751
published,85.0,104,60,512.5,120.79207920792078
published,85.0,104,61,537.5,117.67326732673266
published,85.0,104,62,562.5,119.05940594059405
published,85.0,104,63,587.5,118.11881188118811
published,85.0,104,64,612.5,120.64356435643563
published,85.0,104,65,637.5,118.66336633663364
published,85.0,104,66,662.5,121.18811881188117
published,85.0,104,67,687.5,119.15841584158414
published,85.0,104,68,712.5,120.24752475247523
published,85.0,104,69,737.5,119.45544554455444
published,85.0,104,70,762.5,119.65346534653463
published,85.0,104,71,787.5,119.2079207920792
published,85.0,104,72,812.5,120.14851485148513
published,85.0,104,73,837.5,119.55445544554453
published,85.0,104,74,862.5,121.28712871287127
published,85.0,104,75,887.5,120.14851485148513
published,85.0,104,76,912.5,119.25742574257424
published,85.0,104,77,937.5,119.75247524752474
published,85.0,104,78,962.5,118.66336633663364
published,85.0,104,79,987.5,120.04950495049503
published,85.0,105,0,-987.5,62.27722772277227
published,85.0,105,1,-962.5,121.33663366336631
published,85.0,105,2,-937.5,122.32673267326732
published,85.0,105,3,-912.5,121.33663366336631
published,85.0,105,4,-887.5,121.28712871287127
published,85.0,105,5,-862.5,122.2277227722772
published,85.0,105,6,-837.5,123.5148514851485
published,85.0,105,7,-812.5,120.34653465346533
published,85.0,105,8,-787.5,121.88118811881186
published,85.0,105,9,-762.5,119.95049504950494
published,85.0,105,10,-737.5,123.11881188118811
published,85.0,105,11,-712.5,120.54455445544552
published,85.0,105,12,-687.5,122.77227722772275
published,85.0,105,13,-662.5,121.18811881188117
published,85.0,105,14,-637.5,121.73267326732672
published,85.0,105,15,-612.5,121.68316831683167
published,85.0,105,16,-587.5,122.02970297029701
published,85.0,105,17,-562.5,122.17821782178216
published,85.0,105,18,-537.5,121.98019801980196
published,85.0,105,19,-512.5,121.48514851485147
published,85.0,105,20,-487.5,121.78217821782177
published,85.0,105,21,-462.5,122.77227722772275
published,85.0,105,22,-437.5,122.32673267326732
published,85.0,105,23,-412.5,121.83168316831681
published,85.0,105,24,-387.5,121.88118811881186
published,85.0,105,25,-362.5,122.47524752475246
published,85.0,105,26,-337.5,121.38613861386136
published,85.0,105,27,-312.5,122.87128712871285
published,85.0,105,28,-287.5,121.98019801980196
published,85.0,105,29,-262.5,120.39603960396038
published,85.0,105,30,-237.5,124.05940594059405
published,85.0,105,31,-212.5,122.07920792079206
published,85.0,105,32,-187.5,123.46534653465345
published,85.0,105,33,-162.5,121.93069306930691
published,85.0,105,34,-137.5,122.9207920792079
published,85.0,105,35,-112.5,120.39603960396038
published,85.0,105,36,-87.5,122.37623762376236
published,85.0,105,37,-62.5,122.42574257425741
published,85.0,105,38,-37.5,122.32673267326732
published,85.0,105,39,-12.5,122.27722772277227
published,85.0,105,40,12.5,119.60396039603958
published,85.0,105,41,37.5,119.50495049504948
published,85.0,105,42,62.5,118.71287128712869
published,85.0,105,43,87.5,120.59405940594058
published,85.0,105,44,112.5,119.35643564356434
published,85.0,105,45,137.5,118.9108910891089
published,85.0,105,46,162.5,119.45544554455444
published,85.0,105,47,187.5,120.34653465346533
published,85.0,105,48,212.5,120.29702970297028
published,85.0,105,49,237.5,118.76237623762374
published,85.0,105,50,262.5,119.60396039603958
published,85.0,105,51,287.5,120.69306930693068
published,85.0,105,52,312.5,119.90099009900989
published,85.0,105,53,337.5,120.04950495049503
published,85.0,105,54,362.5,121.38613861386136
published,85.0,105,55,387.5,118.66336633663364
published,85.0,105,56,412.5,118.6138613861386
published,85.0,105,57,437.5,120.19801980198018
published,85.0,105,58,462.5,120.94059405940592
published,85.0,105,59,487.5,120.59405940594058
published,85.0,105,60,512.5,120.14851485148513
published,85.0,105,61,537.5,119.85148514851484
published,85.0,105,62,562.5,120.14851485148513
published,85.0,105,63,587.5,120.14851485148513
published,85.0,105,64,612.5,119.2079207920792
published,85.0,105,65,637.5,121.43564356435643
published,85.0,105,66,662.5,117.7227722772277
published,85.0,105,67,687.5,120.34653465346533
published,85.0,105,68,712.5,120.94059405940592
published,85.0,105,69,737.5,119.05940594059405
published,85.0,105,70,762.5,119.85148514851484
published,85.0,105,71,787.5,119.85148514851484
published,85.0,105,72,812.5,120.79207920792078
published,85.0,105,73,837.5,119.65346534653463
published,85.0,105,74,862.5,119.65346534653463
published,85.0,105,75,887.5,119.90099009900989
published,85.0,105,76,912.5,118.6138613861386
published,85.0,105,77,937.5,119.35643564356434
published,85.0,105,78,962.5,119.05940594059405
published,85.0,105,79,987.5,119.80198019801979
N1,10.0,101,0,-987.5,32.07920792079207
N1,10.0,101,1,-962.5,101.18811881188117
N1,10.0,101,2,-937.5,102.22772277227722
N1,10.0,101,3,-912.5,102.62376237623761
N1,10.0,101,4,-887.5,103.01980198019801
N1,10.0,101,5,-862.5,103.76237623762374
N1,10.0,101,6,-837.5,102.62376237623761
N1,10.0,101,7,-812.5,102.42574257425741
N1,10.0,101,8,-787.5,104.40594059405939
N1,10.0,101,9,-762.5,102.42574257425741
N1,10.0,101,10,-737.5,103.71287128712869
N1,10.0,101,11,-712.5,102.42574257425741
N1,10.0,101,12,-687.5,103.86138613861385
N1,10.0,101,13,-662.5,103.9108910891089
N1,10.0,101,14,-637.5,103.11881188118811
N1,10.0,101,15,-612.5,103.11881188118811
N1,10.0,101,16,-587.5,103.11881188118811
N1,10.0,101,17,-562.5,101.03960396039602
N1,10.0,101,18,-537.5,103.26732673267325
N1,10.0,101,19,-512.5,103.6138613861386
N1,10.0,101,20,-487.5,103.9108910891089
N1,10.0,101,21,-462.5,101.88118811881186
N1,10.0,101,22,-437.5,103.56435643564355
N1,10.0,101,23,-412.5,103.26732673267325
N1,10.0,101,24,-387.5,102.27722772277227
N1,10.0,101,25,-362.5,102.37623762376236
N1,10.0,101,26,-337.5,101.93069306930691
N1,10.0,101,27,-312.5,101.88118811881186
N1,10.0,101,28,-287.5,103.56435643564355
N1,10.0,101,29,-262.5,100.89108910891088
N1,10.0,101,30,-237.5,102.7227722772277
N1,10.0,101,31,-212.5,103.01980198019801
N1,10.0,101,32,-187.5,103.8118811881188
N1,10.0,101,33,-162.5,101.83168316831681
N1,10.0,101,34,-137.5,103.96039603960395
N1,10.0,101,35,-112.5,102.12871287128712
N1,10.0,101,36,-87.5,102.22772277227722
N1,10.0,101,37,-62.5,102.77227722772275
N1,10.0,101,38,-37.5,102.77227722772275
N1,10.0,101,39,-12.5,103.26732673267325
N1,10.0,101,40,12.5,102.67326732673266
N1,10.0,101,41,37.5,101.63366336633662
N1,10.0,101,42,62.5,103.2178217821782
N1,10.0,101,43,87.5,102.12871287128712
N1,10.0,101,44,112.5,102.7227722772277
N1,10.0,101,45,137.5,102.87128712871285
N1,10.0,101,46,162.5,103.26732673267325
N1,10.0,101,47,187.5,102.37623762376236
N1,10.0,101,48,212.5,100.69306930693068
N1,10.0,101,49,237.5,103.56435643564355
N1,10.0,101,50,262.5,101.88118811881186
N1,10.0,101,51,287.5,102.07920792079206
N1,10.0,101,52,312.5,102.47524752475246
N1,10.0,101,53,337.5,103.01980198019801
N1,10.0,101,54,362.5,101.53465346534652
N1,10.0,101,55,387.5,102.22772277227722
N1,10.0,101,56,412.5,102.7227722772277
N1,10.0,101,57,437.5,102.47524752475246
N1,10.0,101,58,462.5,102.17821782178217
N1,10.0,101,59,487.5,101.88118811881186
N1,10.0,101,60,512.5,103.16831683168316
N1,10.0,101,61,537.5,101.48514851485147
N1,10.0,101,62,562.5,103.66336633663364
N1,10.0,101,63,587.5,102.8217821782178
N1,10.0,101,64,612.5,101.98019801980196
N1,10.0,101,65,637.5,103.4158415841584
N1,10.0,101,66,662.5,101.68316831683167
N1,10.0,101,67,687.5,103.06930693069306
N1,10.0,101,68,712.5,103.36633663366335
N1,10.0,101,69,737.5,102.37623762376236
N1,10.0,101,70,762.5,103.2178217821782
N1,10.0,101,71,787.5,103.56435643564355
N1,10.0,101,72,812.5,101.23762376237622
N1,10.0,101,73,837.5,102.7227722772277
N1,10.0,101,74,862.5,102.8217821782178
N1,10.0,101,75,887.5,102.37623762376236
N1,10.0,101,76,912.5,102.87128712871285
N1,10.0,101,77,937.5,102.12871287128712
N1,10.0,101,78,962.5,102.17821782178217
N1,10.0,101,79,987.5,101.83168316831681
N1,10.0,102,0,-987.5,30.099009900990094
N1,10.0,102,1,-962.5,102.47524752475246
N1,10.0,102,2,-937.5,103.56435643564355
N1,10.0,102,3,-912.5,102.07920792079206
N1,10.0,102,4,-887.5,101.98019801980196
N1,10.0,102,5,-862.5,102.8217821782178
N1,10.0,102,6,-837.5,102.37623762376236
N1,10.0,102,7,-812.5,103.2178217821782
N1,10.0,102,8,-787.5,103.8118811881188
N1,10.0,102,9,-762.5,102.42574257425741
N1,10.0,102,10,-737.5,102.47524752475246
N1,10.0,102,11,-712.5,103.46534653465345
N1,10.0,102,12,-687.5,103.71287128712869
N1,10.0,102,13,-662.5,101.58415841584157
N1,10.0,102,14,-637.5,103.36633663366335
N1,10.0,102,15,-612.5,104.009900990099
N1,10.0,102,16,-587.5,102.22772277227722
N1,10.0,102,17,-562.5,103.56435643564355
N1,10.0,102,18,-537.5,101.88118811881186
N1,10.0,102,19,-512.5,102.77227722772275
N1,10.0,102,20,-487.5,104.15841584158414
N1,10.0,102,21,-462.5,102.87128712871285
N1,10.0,102,22,-437.5,103.71287128712869
N1,10.0,102,23,-412.5,102.87128712871285
N1,10.0,102,24,-387.5,103.36633663366335
N1,10.0,102,25,-362.5,102.42574257425741
N1,10.0,102,26,-337.5,101.98019801980196
N1,10.0,102,27,-312.5,102.52475247524751
N1,10.0,102,28,-287.5,102.52475247524751
N1,10.0,102,29,-262.5,102.12871287128712
N1,10.0,102,30,-237.5,101.88118811881186
N1,10.0,102,31,-212.5,103.76237623762374
N1,10.0,102,32,-187.5,101.83168316831681
N1,10.0,102,33,-162.5,102.52475247524751
N1,10.0,102,34,-137.5,101.98019801980196
N1,10.0,102,35,-112.5,103.01980198019801
N1,10.0,102,36,-87.5,102.62376237623761
N1,10.0,102,37,-62.5,103.71287128712869
N1,10.0,102,38,-37.5,102.02970297029701
N1,10.0,102,39,-12.5,102.8217821782178
N1,10.0,102,40,12.5,102.27722772277227
N1,10.0,102,41,37.5,102.47524752475246
N1,10.0,102,42,62.5,101.03960396039602
N1,10.0,102,43,87.5,101.18811881188117
N1,10.0,102,44,112.5,102.17821782178217
N1,10.0,102,45,137.5,103.36633663366335
N1,10.0,102,46,162.5,103.06930693069306
N1,10.0,102,47,187.5,103.36633663366335
N1,10.0,102,48,212.5,101.73267326732672
N1,10.0,102,49,237.5,101.83168316831681
N1,10.0,102,50,262.5,103.36633663366335
N1,10.0,102,51,287.5,102.07920792079206
N1,10.0,102,52,312.5,101.68316831683167
N1,10.0,102,53,337.5,104.2079207920792
N1,10.0,102,54,362.5,101.63366336633662
N1,10.0,102,55,387.5,101.13861386138612
N1,10.0,102,56,412.5,104.15841584158414
N1,10.0,102,57,437.5,101.93069306930691
N1,10.0,102,58,462.5,101.28712871287128
N1,10.0,102,59,487.5,102.52475247524751
N1,10.0,102,60,512.5,103.3168316831683
N1,10.0,102,61,537.5,102.52475247524751
N1,10.0,102,62,562.5,103.26732673267325
N1,10.0,102,63,587.5,102.7227722772277
N1,10.0,102,64,612.5,102.32673267326732
N1,10.0,102,65,637.5,102.27722772277227
N1,10.0,102,66,662.5,102.37623762376236
N1,10.0,102,67,687.5,103.66336633663364
N1,10.0,102,68,712.5,102.87128712871285
N1,10.0,102,69,737.5,103.86138613861385
N1,10.0,102,70,762.5,103.71287128712869
N1,10.0,102,71,787.5,103.01980198019801
N1,10.0,102,72,812.5,103.36633663366335
N1,10.0,102,73,837.5,102.57425742574256
N1,10.0,102,74,862.5,103.46534653465345
N1,10.0,102,75,887.5,103.11881188118811
N1,10.0,102,76,912.5,101.68316831683167
N1,10.0,102,77,937.5,103.16831683168316
N1,10.0,102,78,962.5,104.1089108910891
N1,10.0,102,79,987.5,102.22772277227722
N1,10.0,103,0,-987.5,37.574257425742566
N1,10.0,103,1,-962.5,102.12871287128712
N1,10.0,103,2,-937.5,102.77227722772275
N1,10.0,103,3,-912.5,102.97029702970296
N1,10.0,103,4,-887.5,103.46534653465345
N1,10.0,103,5,-862.5,102.57425742574256
N1,10.0,103,6,-837.5,102.12871287128712
N1,10.0,103,7,-812.5,102.97029702970296
N1,10.0,103,8,-787.5,102.27722772277227
N1,10.0,103,9,-762.5,102.97029702970296
N1,10.0,103,10,-737.5,103.2178217821782
N1,10.0,103,11,-712.5,102.47524752475246
N1,10.0,103,12,-687.5,102.12871287128712
N1,10.0,103,13,-662.5,101.98019801980196
N1,10.0,103,14,-637.5,103.6138613861386
N1,10.0,103,15,-612.5,102.37623762376236
N1,10.0,103,16,-587.5,103.26732673267325
N1,10.0,103,17,-562.5,102.8217821782178
N1,10.0,103,18,-537.5,103.01980198019801
N1,10.0,103,19,-512.5,103.06930693069306
N1,10.0,103,20,-487.5,102.37623762376236
N1,10.0,103,21,-462.5,103.5148514851485
N1,10.0,103,22,-437.5,103.26732673267325
N1,10.0,103,23,-412.5,104.009900990099
N1,10.0,103,24,-387.5,102.32673267326732
N1,10.0,103,25,-362.5,102.97029702970296
N1,10.0,103,26,-337.5,103.26732673267325
N1,10.0,103,27,-312.5,104.1089108910891
N1,10.0,103,28,-287.5,103.66336633663364
N1,10.0,103,29,-262.5,103.86138613861385
N1,10.0,103,30,-237.5,100.99009900990097
N1,10.0,103,31,-212.5,102.07920792079206
N1,10.0,103,32,-187.5,104.1089108910891
N1,10.0,103,33,-162.5,102.62376237623761
N1,10.0,103,34,-137.5,103.86138613861385
N1,10.0,103,35,-112.5,101.78217821782177
N1,10.0,103,36,-87.5,103.6138613861386
N1,10.0,103,37,-62.5,102.62376237623761
N1,10.0,103,38,-37.5,103.5148514851485
N1,10.0,103,39,-12.5,102.7227722772277
N1,10.0,103,40,12.5,102.47524752475246
N1,10.0,103,41,37.5,102.57425742574256
N1,10.0,103,42,62.5,103.06930693069306
N1,10.0,103,43,87.5,102.07920792079206
N1,10.0,103,44,112.5,102.12871287128712
N1,10.0,103,45,137.5,103.06930693069306
N1,10.0,103,46,162.5,102.02970297029701
N1,10.0,103,47,187.5,102.57425742574256
N1,10.0,103,48,212.5,102.07920792079206
N1,10.0,103,49,237.5,102.12871287128712
N1,10.0,103,50,262.5,102.27722772277227
N1,10.0,103,51,287.5,103.01980198019801
N1,10.0,103,52,312.5,101.48514851485147
N1,10.0,103,53,337.5,102.02970297029701
N1,10.0,103,54,362.5,101.63366336633662
N1,10.0,103,55,387.5,103.11881188118811
N1,10.0,103,56,412.5,102.9207920792079
N1,10.0,103,57,437.5,101.63366336633662
N1,10.0,103,58,462.5,102.67326732673266
N1,10.0,103,59,487.5,103.36633663366335
N1,10.0,103,60,512.5,103.16831683168316
N1,10.0,103,61,537.5,103.9108910891089
N1,10.0,103,62,562.5,102.77227722772275
N1,10.0,103,63,587.5,104.2079207920792
N1,10.0,103,64,612.5,102.37623762376236
N1,10.0,103,65,637.5,102.17821782178217
N1,10.0,103,66,662.5,102.97029702970296
N1,10.0,103,67,687.5,101.88118811881186
N1,10.0,103,68,712.5,103.96039603960395
N1,10.0,103,69,737.5,103.06930693069306
N1,10.0,103,70,762.5,101.93069306930691
N1,10.0,103,71,787.5,102.32673267326732
N1,10.0,103,72,812.5,101.43564356435643
N1,10.0,103,73,837.5,103.01980198019801
N1,10.0,103,74,862.5,101.08910891089107
N1,10.0,103,75,887.5,102.7227722772277
N1,10.0,103,76,912.5,104.009900990099
N1,10.0,103,77,937.5,102.87128712871285
N1,10.0,103,78,962.5,101.93069306930691
N1,10.0,103,79,987.5,104.1089108910891
N1,10.0,104,0,-987.5,10.594059405940593
N1,10.0,104,1,-962.5,97.52475247524751
N1,10.0,104,2,-937.5,103.86138613861385
N1,10.0,104,3,-912.5,104.15841584158414
N1,10.0,104,4,-887.5,101.43564356435643
N1,10.0,104,5,-862.5,103.56435643564355
N1,10.0,104,6,-837.5,100.34653465346533
N1,10.0,104,7,-812.5,103.8118811881188
N1,10.0,104,8,-787.5,103.3168316831683
N1,10.0,104,9,-762.5,100.94059405940592
N1,10.0,104,10,-737.5,102.22772277227722
N1,10.0,104,11,-712.5,102.77227722772275
N1,10.0,104,12,-687.5,103.2178217821782
N1,10.0,104,13,-662.5,102.77227722772275
N1,10.0,104,14,-637.5,102.8217821782178
N1,10.0,104,15,-612.5,103.26732673267325
N1,10.0,104,16,-587.5,102.47524752475246
N1,10.0,104,17,-562.5,103.56435643564355
N1,10.0,104,18,-537.5,102.77227722772275
N1,10.0,104,19,-512.5,103.01980198019801
N1,10.0,104,20,-487.5,103.66336633663364
N1,10.0,104,21,-462.5,102.37623762376236
N1,10.0,104,22,-437.5,103.9108910891089
N1,10.0,104,23,-412.5,104.35643564356434
N1,10.0,104,24,-387.5,100.89108910891088
N1,10.0,104,25,-362.5,103.66336633663364
N1,10.0,104,26,-337.5,103.86138613861385
N1,10.0,104,27,-312.5,104.009900990099
N1,10.0,104,28,-287.5,102.62376237623761
N1,10.0,104,29,-262.5,104.90099009900989
N1,10.0,104,30,-237.5,102.32673267326732
N1,10.0,104,31,-212.5,102.67326732673266
N1,10.0,104,32,-187.5,104.15841584158414
N1,10.0,104,33,-162.5,104.30693069306929
N1,10.0,104,34,-137.5,102.7227722772277
N1,10.0,104,35,-112.5,103.5148514851485
N1,10.0,104,36,-87.5,102.8217821782178
N1,10.0,104,37,-62.5,103.01980198019801
N1,10.0,104,38,-37.5,101.73267326732672
N1,10.0,104,39,-12.5,105.04950495049503
N1,10.0,104,40,12.5,101.08910891089107
N1,10.0,104,41,37.5,103.46534653465345
N1,10.0,104,42,62.5,102.02970297029701
N1,10.0,104,43,87.5,102.02970297029701
N1,10.0,104,44,112.5,103.26732673267325
N1,10.0,104,45,137.5,101.68316831683167
N1,10.0,104,46,162.5,102.22772277227722
N1,10.0,104,47,187.5,102.32673267326732
N1,10.0,104,48,212.5,101.63366336633662
N1,10.0,104,49,237.5,102.42574257425741
N1,10.0,104,50,262.5,103.36633663366335
N1,10.0,104,51,287.5,102.02970297029701
N1,10.0,104,52,312.5,102.17821782178217
N1,10.0,104,53,337.5,102.32673267326732
N1,10.0,104,54,362.5,103.26732673267325
N1,10.0,104,55,387.5,101.73267326732672
N1,10.0,104,56,412.5,102.62376237623761
N1,10.0,104,57,437.5,102.17821782178217
N1,10.0,104,58,462.5,103.46534653465345
N1,10.0,104,59,487.5,101.78217821782177
N1,10.0,104,60,512.5,101.88118811881186
N1,10.0,104,61,537.5,102.12871287128712
N1,10.0,104,62,562.5,102.67326732673266
N1,10.0,104,63,587.5,102.47524752475246
N1,10.0,104,64,612.5,102.22772277227722
N1,10.0,104,65,637.5,103.06930693069306
N1,10.0,104,66,662.5,100.54455445544554
N1,10.0,104,67,687.5,103.86138613861385
N1,10.0,104,68,712.5,100.84158415841583
N1,10.0,104,69,737.5,102.77227722772275
N1,10.0,104,70,762.5,102.07920792079206
N1,10.0,104,71,787.5,102.8217821782178
N1,10.0,104,72,812.5,101.08910891089107
N1,10.0,104,73,837.5,103.16831683168316
N1,10.0,104,74,862.5,103.11881188118811
N1,10.0,104,75,887.5,102.42574257425741
N1,10.0,104,76,912.5,103.11881188118811
N1,10.0,104,77,937.5,102.97029702970296
N1,10.0,104,78,962.5,104.25742574257424
N1,10.0,104,79,987.5,100.99009900990097
N1,10.0,105,0,-987.5,28.61386138613861
N1,10.0,105,1,-962.5,101.28712871287128
N1,10.0,105,2,-937.5,102.52475247524751
N1,10.0,105,3,-912.5,102.62376237623761
N1,10.0,105,4,-887.5,103.01980198019801
N1,10.0,105,5,-862.5,102.27722772277227
N1,10.0,105,6,-837.5,102.62376237623761
N1,10.0,105,7,-812.5,101.78217821782177
N1,10.0,105,8,-787.5,102.8217821782178
N1,10.0,105,9,-762.5,102.37623762376236
N1,10.0,105,10,-737.5,104.40594059405939
N1,10.0,105,11,-712.5,100.74257425742573
N1,10.0,105,12,-687.5,102.87128712871285
N1,10.0,105,13,-662.5,102.32673267326732
N1,10.0,105,14,-637.5,103.46534653465345
N1,10.0,105,15,-612.5,102.87128712871285
N1,10.0,105,16,-587.5,103.26732673267325
N1,10.0,105,17,-562.5,103.66336633663364
N1,10.0,105,18,-537.5,103.01980198019801
N1,10.0,105,19,-512.5,103.86138613861385
N1,10.0,105,20,-487.5,104.15841584158414
N1,10.0,105,21,-462.5,102.77227722772275
N1,10.0,105,22,-437.5,103.5148514851485
N1,10.0,105,23,-412.5,101.68316831683167
N1,10.0,105,24,-387.5,103.11881188118811
N1,10.0,105,25,-362.5,103.56435643564355
N1,10.0,105,26,-337.5,103.36633663366335
N1,10.0,105,27,-312.5,102.07920792079206
N1,10.0,105,28,-287.5,104.30693069306929
N1,10.0,105,29,-262.5,101.73267326732672
N1,10.0,105,30,-237.5,101.23762376237622
N1,10.0,105,31,-212.5,103.16831683168316
N1,10.0,105,32,-187.5,104.009900990099
N1,10.0,105,33,-162.5,103.36633663366335
N1,10.0,105,34,-137.5,103.5148514851485
N1,10.0,105,35,-112.5,102.12871287128712
N1,10.0,105,36,-87.5,101.28712871287128
N1,10.0,105,37,-62.5,105.14851485148513
N1,10.0,105,38,-37.5,103.71287128712869
N1,10.0,105,39,-12.5,103.66336633663364
N1,10.0,105,40,12.5,103.06930693069306
N1,10.0,105,41,37.5,102.97029702970296
N1,10.0,105,42,62.5,103.56435643564355
N1,10.0,105,43,87.5,101.03960396039602
N1,10.0,105,44,112.5,102.97029702970296
N1,10.0,105,45,137.5,102.42574257425741
N1,10.0,105,46,162.5,102.97029702970296
N1,10.0,105,47,187.5,102.52475247524751
N1,10.0,105,48,212.5,102.8217821782178
N1,10.0,105,49,237.5,102.87128712871285
N1,10.0,105,50,262.5,102.67326732673266
N1,10.0,105,51,287.5,103.11881188118811
N1,10.0,105,52,312.5,102.32673267326732
N1,10.0,105,53,337.5,101.53465346534652
N1,10.0,105,54,362.5,102.12871287128712
N1,10.0,105,55,387.5,102.57425742574256
N1,10.0,105,56,412.5,103.96039603960395
N1,10.0,105,57,437.5,103.3168316831683
N1,10.0,105,58,462.5,101.08910891089107
N1,10.0,105,59,487.5,103.01980198019801
N1,10.0,105,60,512.5,102.7227722772277
N1,10.0,105,61,537.5,101.68316831683167
N1,10.0,105,62,562.5,101.28712871287128
N1,10.0,105,63,587.5,102.42574257425741
N1,10.0,105,64,612.5,100.89108910891088
N1,10.0,105,65,637.5,103.5148514851485
N1,10.0,105,66,662.5,103.06930693069306
N1,10.0,105,67,687.5,102.47524752475246
N1,10.0,105,68,712.5,101.08910891089107
N1,10.0,105,69,737.5,105.09900990099008
N1,10.0,105,70,762.5,101.58415841584157
N1,10.0,105,71,787.5,102.7227722772277
N1,10.0,105,72,812.5,101.63366336633662
N1,10.0,105,73,837.5,103.8118811881188
N1,10.0,105,74,862.5,103.16831683168316
N1,10.0,105,75,887.5,101.48514851485147
N1,10.0,105,76,912.5,103.9108910891089
N1,10.0,105,77,937.5,101.33663366336633
N1,10.0,105,78,962.5,104.15841584158414
N1,10.0,105,79,987.5,102.32673267326732
N1,130.3,101,0,-987.5,58.86138613861385
N1,130.3,101,1,-962.5,107.02970297029701
N1,130.3,101,2,-937.5,106.63366336633662
N1,130.3,101,3,-912.5,106.58415841584157
N1,130.3,101,4,-887.5,105.69306930693068
N1,130.3,101,5,-862.5,106.08910891089107
N1,130.3,101,6,-837.5,107.17821782178217
N1,130.3,101,7,-812.5,105.59405940594058
N1,130.3,101,8,-787.5,107.47524752475246
N1,130.3,101,9,-762.5,104.25742574257424
N1,130.3,101,10,-737.5,107.67326732673266
N1,130.3,101,11,-712.5,105.59405940594058
N1,130.3,101,12,-687.5,107.32673267326732
N1,130.3,101,13,-662.5,106.28712871287127
N1,130.3,101,14,-637.5,106.63366336633662
N1,130.3,101,15,-612.5,105.04950495049503
N1,130.3,101,16,-587.5,106.73267326732672
N1,130.3,101,17,-562.5,105.44554455445542
N1,130.3,101,18,-537.5,106.03960396039602
N1,130.3,101,19,-512.5,106.98019801980196
N1,130.3,101,20,-487.5,105.34653465346533
N1,130.3,101,21,-462.5,107.32673267326732
N1,130.3,101,22,-437.5,105.69306930693068
N1,130.3,101,23,-412.5,108.36633663366335
N1,130.3,101,24,-387.5,105.69306930693068
N1,130.3,101,25,-362.5,106.83168316831681
N1,130.3,101,26,-337.5,107.8217821782178
N1,130.3,101,27,-312.5,107.42574257425741
N1,130.3,101,28,-287.5,105.54455445544554
N1,130.3,101,29,-262.5,105.69306930693068
N1,130.3,101,30,-237.5,104.35643564356434
N1,130.3,101,31,-212.5,107.22772277227722
N1,130.3,101,32,-187.5,104.55445544554453
N1,130.3,101,33,-162.5,107.37623762376236
N1,130.3,101,34,-137.5,106.33663366336633
N1,130.3,101,35,-112.5,107.27722772277227
N1,130.3,101,36,-87.5,105.99009900990097
N1,130.3,101,37,-62.5,106.58415841584157
N1,130.3,101,38,-37.5,106.63366336633662
N1,130.3,101,39,-12.5,106.48514851485147
N1,130.3,101,40,12.5,103.3168316831683
N1,130.3,101,41,37.5,102.17821782178217
N1,130.3,101,42,62.5,102.97029702970296
N1,130.3,101,43,87.5,102.87128712871285
N1,130.3,101,44,112.5,101.73267326732672
N1,130.3,101,45,137.5,103.16831683168316
N1,130.3,101,46,162.5,102.67326732673266
N1,130.3,101,47,187.5,101.73267326732672
N1,130.3,101,48,212.5,103.6138613861386
N1,130.3,101,49,237.5,102.02970297029701
N1,130.3,101,50,262.5,102.42574257425741
N1,130.3,101,51,287.5,103.36633663366335
N1,130.3,101,52,312.5,102.62376237623761
N1,130.3,101,53,337.5,101.58415841584157
N1,130.3,101,54,362.5,102.07920792079206
N1,130.3,101,55,387.5,103.01980198019801
N1,130.3,101,56,412.5,101.78217821782177
N1,130.3,101,57,437.5,101.38613861386138
N1,130.3,101,58,462.5,103.01980198019801
N1,130.3,101,59,487.5,100.89108910891088
N1,130.3,101,60,512.5,103.36633663366335
N1,130.3,101,61,537.5,102.02970297029701
N1,130.3,101,62,562.5,102.97029702970296
N1,130.3,101,63,587.5,102.67326732673266
N1,130.3,101,64,612.5,102.02970297029701
N1,130.3,101,65,637.5,103.06930693069306
N1,130.3,101,66,662.5,103.01980198019801
N1,130.3,101,67,687.5,102.87128712871285
N1,130.3,101,68,712.5,103.11881188118811
N1,130.3,101,69,737.5,102.22772277227722
N1,130.3,101,70,762.5,102.42574257425741
N1,130.3,101,71,787.5,102.9207920792079
N1,130.3,101,72,812.5,101.68316831683167
N1,130.3,101,73,837.5,101.73267326732672
N1,130.3,101,74,862.5,103.01980198019801
N1,130.3,101,75,887.5,103.66336633663364
N1,130.3,101,76,912.5,101.13861386138612
N1,130.3,101,77,937.5,103.2178217821782
N1,130.3,101,78,962.5,103.16831683168316
N1,130.3,101,79,987.5,102.87128712871285
N1,130.3,102,0,-987.5,61.485148514851474
N1,130.3,102,1,-962.5,105.69306930693068
N1,130.3,102,2,-937.5,106.28712871287127
N1,130.3,102,3,-912.5,106.48514851485147
N1,130.3,102,4,-887.5,106.63366336633662
N1,130.3,102,5,-862.5,105.29702970297028
N1,130.3,102,6,-837.5,108.46534653465345
N1,130.3,102,7,-812.5,105.99009900990097
N1,130.3,102,8,-787.5,106.33663366336633
N1,130.3,102,9,-762.5,105.54455445544554
N1,130.3,102,10,-737.5,107.37623762376236
N1,130.3,102,11,-712.5,106.28712871287127
N1,130.3,102,12,-687.5,108.46534653465345
N1,130.3,102,13,-662.5,106.68316831683167
N1,130.3,102,14,-637.5,106.78217821782177
N1,130.3,102,15,-612.5,106.33663366336633
N1,130.3,102,16,-587.5,106.23762376237622
N1,130.3,102,17,-562.5,107.02970297029701
N1,130.3,102,18,-537.5,106.13861386138612
N1,130.3,102,19,-512.5,106.53465346534652
N1,130.3,102,20,-487.5,106.83168316831681
N1,130.3,102,21,-462.5,105.09900990099008
N1,130.3,102,22,-437.5,106.03960396039602
N1,130.3,102,23,-412.5,105.74257425742573
N1,130.3,102,24,-387.5,107.17821782178217
N1,130.3,102,25,-362.5,105.89108910891088
N1,130.3,102,26,-337.5,107.32673267326732
N1,130.3,102,27,-312.5,105.49504950495049
N1,130.3,102,28,-287.5,108.11881188118811
N1,130.3,102,29,-262.5,105.39603960396038
N1,130.3,102,30,-237.5,105.99009900990097
N1,130.3,102,31,-212.5,107.07920792079206
N1,130.3,102,32,-187.5,106.58415841584157
N1,130.3,102,33,-162.5,107.27722772277227
N1,130.3,102,34,-137.5,105.19801980198018
N1,130.3,102,35,-112.5,105.79207920792078
N1,130.3,102,36,-87.5,105.39603960396038
N1,130.3,102,37,-62.5,107.97029702970295
N1,130.3,102,38,-37.5,105.84158415841583
N1,130.3,102,39,-12.5,107.27722772277227
N1,130.3,102,40,12.5,102.07920792079206
N1,130.3,102,41,37.5,102.97029702970296
N1,130.3,102,42,62.5,101.38613861386138
N1,130.3,102,43,87.5,103.2178217821782
N1,130.3,102,44,112.5,103.36633663366335
N1,130.3,102,45,137.5,102.62376237623761
N1,130.3,102,46,162.5,104.1089108910891
N1,130.3,102,47,187.5,102.67326732673266
N1,130.3,102,48,212.5,102.62376237623761
N1,130.3,102,49,237.5,102.87128712871285
N1,130.3,102,50,262.5,102.17821782178217
N1,130.3,102,51,287.5,102.9207920792079
N1,130.3,102,52,312.5,102.57425742574256
N1,130.3,102,53,337.5,101.43564356435643
N1,130.3,102,54,362.5,102.62376237623761
N1,130.3,102,55,387.5,102.22772277227722
N1,130.3,102,56,412.5,103.86138613861385
N1,130.3,102,57,437.5,102.27722772277227
N1,130.3,102,58,462.5,103.3168316831683
N1,130.3,102,59,487.5,105.04950495049503
N1,130.3,102,60,512.5,102.02970297029701
N1,130.3,102,61,537.5,102.42574257425741
N1,130.3,102,62,562.5,104.25742574257424
N1,130.3,102,63,587.5,102.9207920792079
N1,130.3,102,64,612.5,103.4158415841584
N1,130.3,102,65,637.5,100.99009900990097
N1,130.3,102,66,662.5,103.06930693069306
N1,130.3,102,67,687.5,102.7227722772277
N1,130.3,102,68,712.5,102.52475247524751
N1,130.3,102,69,737.5,101.73267326732672
N1,130.3,102,70,762.5,102.7227722772277
N1,130.3,102,71,787.5,103.5148514851485
N1,130.3,102,72,812.5,101.83168316831681
N1,130.3,102,73,837.5,101.68316831683167
N1,130.3,102,74,862.5,103.66336633663364
N1,130.3,102,75,887.5,102.27722772277227
N1,130.3,102,76,912.5,101.98019801980196
N1,130.3,102,77,937.5,102.42574257425741
N1,130.3,102,78,962.5,102.97029702970296
N1,130.3,102,79,987.5,102.22772277227722
N1,130.3,103,0,-987.5,61.13861386138613
N1,130.3,103,1,-962.5,104.60396039603958
N1,130.3,103,2,-937.5,106.18811881188117
N1,130.3,103,3,-912.5,106.58415841584157
N1,130.3,103,4,-887.5,106.28712871287127
N1,130.3,103,5,-862.5,106.43564356435643
N1,130.3,103,6,-837.5,105.34653465346533
N1,130.3,103,7,-812.5,105.99009900990097
N1,130.3,103,8,-787.5,108.2178217821782
N1,130.3,103,9,-762.5,106.63366336633662
N1,130.3,103,10,-737.5,106.13861386138612
N1,130.3,103,11,-712.5,105.24752475247523
N1,130.3,103,12,-687.5,104.99999999999999
N1,130.3,103,13,-662.5,105.24752475247523
N1,130.3,103,14,-637.5,105.49504950495049
N1,130.3,103,15,-612.5,107.17821782178217
N1,130.3,103,16,-587.5,107.17821782178217
N1,130.3,103,17,-562.5,105.74257425742573
N1,130.3,103,18,-537.5,106.78217821782177
N1,130.3,103,19,-512.5,105.49504950495049
N1,130.3,103,20,-487.5,105.74257425742573
N1,130.3,103,21,-462.5,105.59405940594058
N1,130.3,103,22,-437.5,108.71287128712869
N1,130.3,103,23,-412.5,106.48514851485147
N1,130.3,103,24,-387.5,106.48514851485147
N1,130.3,103,25,-362.5,105.99009900990097
N1,130.3,103,26,-337.5,105.29702970297028
N1,130.3,103,27,-312.5,105.79207920792078
N1,130.3,103,28,-287.5,105.74257425742573
N1,130.3,103,29,-262.5,106.38613861386138
N1,130.3,103,30,-237.5,107.52475247524751
N1,130.3,103,31,-212.5,104.009900990099
N1,130.3,103,32,-187.5,106.58415841584157
N1,130.3,103,33,-162.5,107.47524752475246
N1,130.3,103,34,-137.5,106.93069306930691
N1,130.3,103,35,-112.5,106.23762376237622
N1,130.3,103,36,-87.5,105.79207920792078
N1,130.3,103,37,-62.5,107.27722772277227
N1,130.3,103,38,-37.5,106.03960396039602
N1,130.3,103,39,-12.5,106.08910891089107
N1,130.3,103,40,12.5,102.9207920792079
N1,130.3,103,41,37.5,103.01980198019801
N1,130.3,103,42,62.5,103.46534653465345
N1,130.3,103,43,87.5,101.68316831683167
N1,130.3,103,44,112.5,102.7227722772277
N1,130.3,103,45,137.5,103.06930693069306
N1,130.3,103,46,162.5,103.5148514851485
N1,130.3,103,47,187.5,101.78217821782177
N1,130.3,103,48,212.5,102.22772277227722
N1,130.3,103,49,237.5,102.7227722772277
N1,130.3,103,50,262.5,103.6138613861386
N1,130.3,103,51,287.5,102.32673267326732
N1,130.3,103,52,312.5,100.64356435643563
N1,130.3,103,53,337.5,102.02970297029701
N1,130.3,103,54,362.5,102.7227722772277
N1,130.3,103,55,387.5,103.8118811881188
N1,130.3,103,56,412.5,102.47524752475246
N1,130.3,103,57,437.5,103.96039603960395
N1,130.3,103,58,462.5,103.06930693069306
N1,130.3,103,59,487.5,101.18811881188117
N1,130.3,103,60,512.5,102.52475247524751
N1,130.3,103,61,537.5,103.11881188118811
N1,130.3,103,62,562.5,102.32673267326732
N1,130.3,103,63,587.5,102.87128712871285
N1,130.3,103,64,612.5,101.98019801980196
N1,130.3,103,65,637.5,103.4158415841584
N1,130.3,103,66,662.5,102.07920792079206
N1,130.3,103,67,687.5,102.52475247524751
N1,130.3,103,68,712.5,102.02970297029701
N1,130.3,103,69,737.5,102.02970297029701
N1,130.3,103,70,762.5,103.3168316831683
N1,130.3,103,71,787.5,102.87128712871285
N1,130.3,103,72,812.5,101.33663366336633
N1,130.3,103,73,837.5,103.66336633663364
N1,130.3,103,74,862.5,102.27722772277227
N1,130.3,103,75,887.5,102.07920792079206
N1,130.3,103,76,912.5,103.4158415841584
N1,130.3,103,77,937.5,101.93069306930691
N1,130.3,103,78,962.5,101.03960396039602
N1,130.3,103,79,987.5,103.56435643564355
N1,130.3,104,0,-987.5,60.44554455445544
N1,130.3,104,1,-962.5,105.69306930693068
N1,130.3,104,2,-937.5,106.58415841584157
N1,130.3,104,3,-912.5,106.38613861386138
N1,130.3,104,4,-887.5,107.87128712871285
N1,130.3,104,5,-862.5,108.06930693069306
N1,130.3,104,6,-837.5,106.88118811881186
N1,130.3,104,7,-812.5,104.90099009900989
N1,130.3,104,8,-787.5,106.28712871287127
N1,130.3,104,9,-762.5,106.93069306930691
N1,130.3,104,10,-737.5,105.69306930693068
N1,130.3,104,11,-712.5,107.7227722772277
N1,130.3,104,12,-687.5,105.14851485148513
N1,130.3,104,13,-662.5,106.53465346534652
N1,130.3,104,14,-637.5,106.53465346534652
N1,130.3,104,15,-612.5,105.74257425742573
N1,130.3,104,16,-587.5,107.02970297029701
N1,130.3,104,17,-562.5,106.23762376237622
N1,130.3,104,18,-537.5,106.23762376237622
N1,130.3,104,19,-512.5,106.03960396039602
N1,130.3,104,20,-487.5,108.66336633663364
N1,130.3,104,21,-462.5,104.65346534653465
N1,130.3,104,22,-437.5,106.78217821782177
N1,130.3,104,23,-412.5,104.60396039603958
N1,130.3,104,24,-387.5,107.8217821782178
N1,130.3,104,25,-362.5,106.63366336633662
N1,130.3,104,26,-337.5,106.83168316831681
N1,130.3,104,27,-312.5,106.63366336633662
N1,130.3,104,28,-287.5,105.29702970297028
N1,130.3,104,29,-262.5,107.97029702970295
N1,130.3,104,30,-237.5,106.03960396039602
N1,130.3,104,31,-212.5,107.97029702970295
N1,130.3,104,32,-187.5,105.24752475247523
N1,130.3,104,33,-162.5,107.8217821782178
N1,130.3,104,34,-137.5,105.09900990099008
N1,130.3,104,35,-112.5,106.83168316831681
N1,130.3,104,36,-87.5,107.52475247524751
N1,130.3,104,37,-62.5,105.64356435643563
N1,130.3,104,38,-37.5,106.88118811881186
N1,130.3,104,39,-12.5,106.68316831683167
N1,130.3,104,40,12.5,104.1089108910891
N1,130.3,104,41,37.5,103.16831683168316
N1,130.3,104,42,62.5,102.27722772277227
N1,130.3,104,43,87.5,101.88118811881186
N1,130.3,104,44,112.5,103.66336633663364
N1,130.3,104,45,137.5,103.06930693069306
N1,130.3,104,46,162.5,101.63366336633662
N1,130.3,104,47,187.5,102.12871287128712
N1,130.3,104,48,212.5,101.88118811881186
N1,130.3,104,49,237.5,101.83168316831681
N1,130.3,104,50,262.5,101.98019801980196
N1,130.3,104,51,287.5,101.83168316831681
N1,130.3,104,52,312.5,102.22772277227722
N1,130.3,104,53,337.5,102.9207920792079
N1,130.3,104,54,362.5,103.46534653465345
N1,130.3,104,55,387.5,101.98019801980196
N1,130.3,104,56,412.5,100.94059405940592
N1,130.3,104,57,437.5,101.33663366336633
N1,130.3,104,58,462.5,102.57425742574256
N1,130.3,104,59,487.5,102.57425742574256
N1,130.3,104,60,512.5,103.36633663366335
N1,130.3,104,61,537.5,102.47524752475246
N1,130.3,104,62,562.5,102.02970297029701
N1,130.3,104,63,587.5,100.89108910891088
N1,130.3,104,64,612.5,102.22772277227722
N1,130.3,104,65,637.5,103.2178217821782
N1,130.3,104,66,662.5,101.88118811881186
N1,130.3,104,67,687.5,103.11881188118811
N1,130.3,104,68,712.5,101.63366336633662
N1,130.3,104,69,737.5,103.4158415841584
N1,130.3,104,70,762.5,101.93069306930691
N1,130.3,104,71,787.5,102.42574257425741
N1,130.3,104,72,812.5,102.8217821782178
N1,130.3,104,73,837.5,100.94059405940592
N1,130.3,104,74,862.5,102.67326732673266
N1,130.3,104,75,887.5,102.52475247524751
N1,130.3,104,76,912.5,104.009900990099
N1,130.3,104,77,937.5,101.53465346534652
N1,130.3,104,78,962.5,102.47524752475246
N1,130.3,104,79,987.5,100.79207920792078
N1,130.3,105,0,-987.5,59.6039603960396
N1,130.3,105,1,-962.5,106.63366336633662
N1,130.3,105,2,-937.5,105.69306930693068
N1,130.3,105,3,-912.5,106.03960396039602
N1,130.3,105,4,-887.5,107.77227722772275
N1,130.3,105,5,-862.5,105.09900990099008
N1,130.3,105,6,-837.5,104.90099009900989
N1,130.3,105,7,-812.5,106.08910891089107
N1,130.3,105,8,-787.5,106.33663366336633
N1,130.3,105,9,-762.5,105.24752475247523
N1,130.3,105,10,-737.5,106.63366336633662
N1,130.3,105,11,-712.5,106.78217821782177
N1,130.3,105,12,-687.5,105.59405940594058
N1,130.3,105,13,-662.5,106.18811881188117
N1,130.3,105,14,-637.5,105.49504950495049
N1,130.3,105,15,-612.5,106.58415841584157
N1,130.3,105,16,-587.5,107.37623762376236
N1,130.3,105,17,-562.5,106.38613861386138
N1,130.3,105,18,-537.5,106.88118811881186
N1,130.3,105,19,-512.5,105.39603960396038
N1,130.3,105,20,-487.5,107.42574257425741
N1,130.3,105,21,-462.5,107.52475247524751
N1,130.3,105,22,-437.5,105.49504950495049
N1,130.3,105,23,-412.5,105.09900990099008
N1,130.3,105,24,-387.5,105.69306930693068
N1,130.3,105,25,-362.5,106.33663366336633
N1,130.3,105,26,-337.5,106.03960396039602
N1,130.3,105,27,-312.5,106.88118811881186
N1,130.3,105,28,-287.5,105.09900990099008
N1,130.3,105,29,-262.5,106.28712871287127
N1,130.3,105,30,-237.5,107.17821782178217
N1,130.3,105,31,-212.5,106.68316831683167
N1,130.3,105,32,-187.5,106.28712871287127
N1,130.3,105,33,-162.5,106.58415841584157
N1,130.3,105,34,-137.5,107.22772277227722
N1,130.3,105,35,-112.5,106.28712871287127
N1,130.3,105,36,-87.5,107.37623762376236
N1,130.3,105,37,-62.5,104.45544554455444
N1,130.3,105,38,-37.5,107.8217821782178
N1,130.3,105,39,-12.5,105.59405940594058
N1,130.3,105,40,12.5,103.01980198019801
N1,130.3,105,41,37.5,101.83168316831681
N1,130.3,105,42,62.5,102.87128712871285
N1,130.3,105,43,87.5,102.57425742574256
N1,130.3,105,44,112.5,102.27722772277227
N1,130.3,105,45,137.5,103.2178217821782
N1,130.3,105,46,162.5,102.52475247524751
N1,130.3,105,47,187.5,103.66336633663364
N1,130.3,105,48,212.5,101.33663366336633
N1,130.3,105,49,237.5,102.87128712871285
N1,130.3,105,50,262.5,103.16831683168316
N1,130.3,105,51,287.5,102.9207920792079
N1,130.3,105,52,312.5,103.5148514851485
N1,130.3,105,53,337.5,101.68316831683167
N1,130.3,105,54,362.5,102.62376237623761
N1,130.3,105,55,387.5,102.97029702970296
N1,130.3,105,56,412.5,102.97029702970296
N1,130.3,105,57,437.5,101.43564356435643
N1,130.3,105,58,462.5,103.16831683168316
N1,130.3,105,59,487.5,101.88118811881186
N1,130.3,105,60,512.5,101.83168316831681
N1,130.3,105,61,537.5,102.27722772277227
N1,130.3,105,62,562.5,101.68316831683167
N1,130.3,105,63,587.5,102.42574257425741
N1,130.3,105,64,612.5,103.06930693069306
N1,130.3,105,65,637.5,102.7227722772277
N1,130.3,105,66,662.5,104.65346534653465
N1,130.3,105,67,687.5,102.62376237623761
N1,130.3,105,68,712.5,103.01980198019801
N1,130.3,105,69,737.5,102.52475247524751
N1,130.3,105,70,762.5,101.78217821782177
N1,130.3,105,71,787.5,103.36633663366335
N1,130.3,105,72,812.5,100.99009900990097
N1,130.3,105,73,837.5,102.7227722772277
N1,130.3,105,74,862.5,103.6138613861386
N1,130.3,105,75,887.5,100.94059405940592
N1,130.3,105,76,912.5,102.07920792079206
N1,130.3,105,77,937.5,101.93069306930691
N1,130.3,105,78,962.5,104.05940594059405
N1,130.3,105,79,987.5,103.9108910891089
N1,15.3,101,0,-987.5,40.44554455445544
N1,15.3,101,1,-962.5,100.94059405940592
N1,15.3,101,2,-937.5,103.71287128712869
N1,15.3,101,3,-912.5,102.8217821782178
N1,15.3,101,4,-887.5,102.07920792079206
N1,15.3,101,5,-862.5,104.05940594059405
N1,15.3,101,6,-837.5,102.57425742574256
N1,15.3,101,7,-812.5,100.54455445544554
N1,15.3,101,8,-787.5,104.7029702970297
N1,15.3,101,9,-762.5,104.55445544554453
N1,15.3,101,10,-737.5,102.67326732673266
N1,15.3,101,11,-712.5,103.26732673267325
N1,15.3,101,12,-687.5,103.56435643564355
N1,15.3,101,13,-662.5,102.8217821782178
N1,15.3,101,14,-637.5,101.93069306930691
N1,15.3,101,15,-612.5,102.52475247524751
N1,15.3,101,16,-587.5,102.7227722772277
N1,15.3,101,17,-562.5,102.87128712871285
N1,15.3,101,18,-537.5,103.26732673267325
N1,15.3,101,19,-512.5,103.2178217821782
N1,15.3,101,20,-487.5,103.2178217821782
N1,15.3,101,21,-462.5,102.22772277227722
N1,15.3,101,22,-437.5,102.32673267326732
N1,15.3,101,23,-412.5,101.13861386138612
N1,15.3,101,24,-387.5,103.3168316831683
N1,15.3,101,25,-362.5,103.86138613861385
N1,15.3,101,26,-337.5,103.6138613861386
N1,15.3,101,27,-312.5,102.77227722772275
N1,15.3,101,28,-287.5,101.78217821782177
N1,15.3,101,29,-262.5,102.97029702970296
N1,15.3,101,30,-237.5,104.35643564356434
N1,15.3,101,31,-212.5,103.2178217821782
N1,15.3,101,32,-187.5,102.27722772277227
N1,15.3,101,33,-162.5,102.52475247524751
N1,15.3,101,34,-137.5,102.42574257425741
N1,15.3,101,35,-112.5,103.06930693069306
N1,15.3,101,36,-87.5,103.2178217821782
N1,15.3,101,37,-62.5,104.55445544554453
N1,15.3,101,38,-37.5,104.2079207920792
N1,15.3,101,39,-12.5,103.06930693069306
N1,15.3,101,40,12.5,102.12871287128712
N1,15.3,101,41,37.5,103.46534653465345
N1,15.3,101,42,62.5,102.62376237623761
N1,15.3,101,43,87.5,103.06930693069306
N1,15.3,101,44,112.5,102.57425742574256
N1,15.3,101,45,137.5,102.12871287128712
N1,15.3,101,46,162.5,102.7227722772277
N1,15.3,101,47,187.5,103.96039603960395
N1,15.3,101,48,212.5,99.85148514851484
N1,15.3,101,49,237.5,104.05940594059405
N1,15.3,101,50,262.5,101.83168316831681
N1,15.3,101,51,287.5,102.52475247524751
N1,15.3,101,52,312.5,102.17821782178217
N1,15.3,101,53,337.5,102.22772277227722
N1,15.3,101,54,362.5,103.06930693069306
N1,15.3,101,55,387.5,102.52475247524751
N1,15.3,101,56,412.5,100.84158415841583
N1,15.3,101,57,437.5,103.66336633663364
N1,15.3,101,58,462.5,103.86138613861385
N1,15.3,101,59,487.5,103.16831683168316
N1,15.3,101,60,512.5,102.12871287128712
N1,15.3,101,61,537.5,102.77227722772275
N1,15.3,101,62,562.5,101.43564356435643
N1,15.3,101,63,587.5,103.36633663366335
N1,15.3,101,64,612.5,103.01980198019801
N1,15.3,101,65,637.5,101.53465346534652
N1,15.3,101,66,662.5,102.77227722772275
N1,15.3,101,67,687.5,101.88118811881186
N1,15.3,101,68,712.5,103.11881188118811
N1,15.3,101,69,737.5,103.2178217821782
N1,15.3,101,70,762.5,103.2178217821782
N1,15.3,101,71,787.5,102.7227722772277
N1,15.3,101,72,812.5,102.07920792079206
N1,15.3,101,73,837.5,103.11881188118811
N1,15.3,101,74,862.5,102.62376237623761
N1,15.3,101,75,887.5,103.8118811881188
N1,15.3,101,76,912.5,100.89108910891088
N1,15.3,101,77,937.5,102.02970297029701
N1,15.3,101,78,962.5,103.36633663366335
N1,15.3,101,79,987.5,101.58415841584157
N1,15.3,102,0,-987.5,36.43564356435643
N1,15.3,102,1,-962.5,102.17821782178217
N1,15.3,102,2,-937.5,103.4158415841584
N1,15.3,102,3,-912.5,103.16831683168316
N1,15.3,102,4,-887.5,102.12871287128712
N1,15.3,102,5,-862.5,103.3168316831683
N1,15.3,102,6,-837.5,103.76237623762374
N1,15.3,102,7,-812.5,101.73267326732672
N1,15.3,102,8,-787.5,104.30693069306929
N1,15.3,102,9,-762.5,103.06930693069306
N1,15.3,102,10,-737.5,103.76237623762374
N1,15.3,102,11,-712.5,100.74257425742573
N1,15.3,102,12,-687.5,103.8118811881188
N1,15.3,102,13,-662.5,104.40594059405939
N1,15.3,102,14,-637.5,103.76237623762374
N1,15.3,102,15,-612.5,103.71287128712869
N1,15.3,102,16,-587.5,102.8217821782178
N1,15.3,102,17,-562.5,102.62376237623761
N1,15.3,102,18,-537.5,103.86138613861385
N1,15.3,102,19,-512.5,102.9207920792079
N1,15.3,102,20,-487.5,102.32673267326732
N1,15.3,102,21,-462.5,103.9108910891089
N1,15.3,102,22,-437.5,102.47524752475246
N1,15.3,102,23,-412.5,102.42574257425741
N1,15.3,102,24,-387.5,103.4158415841584
N1,15.3,102,25,-362.5,102.27722772277227
N1,15.3,102,26,-337.5,104.1089108910891
N1,15.3,102,27,-312.5,103.86138613861385
N1,15.3,102,28,-287.5,104.75247524752474
N1,15.3,102,29,-262.5,102.9207920792079
N1,15.3,102,30,-237.5,103.9108910891089
N1,15.3,102,31,-212.5,101.83168316831681
N1,15.3,102,32,-187.5,103.06930693069306
N1,15.3,102,33,-162.5,104.95049504950494
N1,15.3,102,34,-137.5,102.57425742574256
N1,15.3,102,35,-112.5,103.5148514851485
N1,15.3,102,36,-87.5,101.83168316831681
N1,15.3,102,37,-62.5,103.66336633663364
N1,15.3,102,38,-37.5,102.22772277227722
N1,15.3,102,39,-12.5,104.009900990099
N1,15.3,102,40,12.5,103.06930693069306
N1,15.3,102,41,37.5,102.27722772277227
N1,15.3,102,42,62.5,101.83168316831681
N1,15.3,102,43,87.5,103.56435643564355
N1,15.3,102,44,112.5,103.6138613861386
N1,15.3,102,45,137.5,102.77227722772275
N1,15.3,102,46,162.5,102.42574257425741
N1,15.3,102,47,187.5,102.9207920792079
N1,15.3,102,48,212.5,104.009900990099
N1,15.3,102,49,237.5,101.03960396039602
N1,15.3,102,50,262.5,102.8217821782178
N1,15.3,102,51,287.5,102.52475247524751
N1,15.3,102,52,312.5,102.9207920792079
N1,15.3,102,53,337.5,102.37623762376236
N1,15.3,102,54,362.5,101.18811881188117
N1,15.3,102,55,387.5,103.96039603960395
N1,15.3,102,56,412.5,102.17821782178217
N1,15.3,102,57,437.5,102.57425742574256
N1,15.3,102,58,462.5,102.8217821782178
N1,15.3,102,59,487.5,100.84158415841583
N1,15.3,102,60,512.5,102.7227722772277
N1,15.3,102,61,537.5,103.86138613861385
N1,15.3,102,62,562.5,103.11881188118811
N1,15.3,102,63,587.5,103.26732673267325
N1,15.3,102,64,612.5,102.07920792079206
N1,15.3,102,65,637.5,102.07920792079206
N1,15.3,102,66,662.5,103.06930693069306
N1,15.3,102,67,687.5,103.56435643564355
N1,15.3,102,68,712.5,101.93069306930691
N1,15.3,102,69,737.5,102.42574257425741
N1,15.3,102,70,762.5,103.46534653465345
N1,15.3,102,71,787.5,102.22772277227722
N1,15.3,102,72,812.5,102.7227722772277
N1,15.3,102,73,837.5,101.33663366336633
N1,15.3,102,74,862.5,102.8217821782178
N1,15.3,102,75,887.5,101.98019801980196
N1,15.3,102,76,912.5,101.58415841584157
N1,15.3,102,77,937.5,105.49504950495049
N1,15.3,102,78,962.5,100.74257425742573
N1,15.3,102,79,987.5,103.96039603960395
N1,15.3,103,0,-987.5,45.74257425742574
N1,15.3,103,1,-962.5,101.98019801980196
N1,15.3,103,2,-937.5,103.86138613861385
N1,15.3,103,3,-912.5,104.1089108910891
N1,15.3,103,4,-887.5,101.38613861386138
N1,15.3,103,5,-862.5,101.83168316831681
N1,15.3,103,6,-837.5,104.30693069306929
N1,15.3,103,7,-812.5,102.67326732673266
N1,15.3,103,8,-787.5,104.15841584158414
N1,15.3,103,9,-762.5,102.37623762376236
N1,15.3,103,10,-737.5,103.06930693069306
N1,15.3,103,11,-712.5,103.11881188118811
N1,15.3,103,12,-687.5,103.36633663366335
N1,15.3,103,13,-662.5,103.2178217821782
N1,15.3,103,14,-637.5,103.01980198019801
N1,15.3,103,15,-612.5,102.9207920792079
N1,15.3,103,16,-587.5,104.05940594059405
N1,15.3,103,17,-562.5,102.77227722772275
N1,15.3,103,18,-537.5,103.3168316831683
N1,15.3,103,19,-512.5,103.26732673267325
N1,15.3,103,20,-487.5,102.97029702970296
N1,15.3,103,21,-462.5,102.8217821782178
N1,15.3,103,22,-437.5,103.56435643564355
N1,15.3,103,23,-412.5,101.98019801980196
N1,15.3,103,24,-387.5,101.48514851485147
N1,15.3,103,25,-362.5,103.36633663366335
N1,15.3,103,26,-337.5,104.25742574257424
N1,15.3,103,27,-312.5,103.2178217821782
N1,15.3,103,28,-287.5,103.06930693069306
N1,15.3,103,29,-262.5,102.17821782178217
N1,15.3,103,30,-237.5,104.7029702970297
N1,15.3,103,31,-212.5,102.8217821782178
N1,15.3,103,32,-187.5,104.05940594059405
N1,15.3,103,33,-162.5,104.7029702970297
N1,15.3,103,34,-137.5,103.46534653465345
N1,15.3,103,35,-112.5,102.57425742574256
N1,15.3,103,36,-87.5,102.97029702970296
N1,15.3,103,37,-62.5,102.17821782178217
N1,15.3,103,38,-37.5,103.06930693069306
N1,15.3,103,39,-12.5,102.27722772277227
N1,15.3,103,40,12.5,101.93069306930691
N1,15.3,103,41,37.5,101.93069306930691
N1,15.3,103,42,62.5,102.57425742574256
N1,15.3,103,43,87.5,101.13861386138612
N1,15.3,103,44,112.5,103.5148514851485
N1,15.3,103,45,137.5,100.64356435643563
N1,15.3,103,46,162.5,104.35643564356434
N1,15.3,103,47,187.5,101.93069306930691
N1,15.3,103,48,212.5,102.07920792079206
N1,15.3,103,49,237.5,103.71287128712869
N1,15.3,103,50,262.5,102.32673267326732
N1,15.3,103,51,287.5,103.11881188118811
N1,15.3,103,52,312.5,102.37623762376236
N1,15.3,103,53,337.5,102.97029702970296
N1,15.3,103,54,362.5,103.6138613861386
N1,15.3,103,55,387.5,102.07920792079206
N1,15.3,103,56,412.5,103.16831683168316
N1,15.3,103,57,437.5,102.52475247524751
N1,15.3,103,58,462.5,101.38613861386138
N1,15.3,103,59,487.5,102.8217821782178
N1,15.3,103,60,512.5,102.17821782178217
N1,15.3,103,61,537.5,102.8217821782178
N1,15.3,103,62,562.5,103.01980198019801
N1,15.3,103,63,587.5,102.12871287128712
N1,15.3,103,64,612.5,101.68316831683167
N1,15.3,103,65,637.5,103.36633663366335
N1,15.3,103,66,662.5,102.17821782178217
N1,15.3,103,67,687.5,102.77227722772275
N1,15.3,103,68,712.5,102.27722772277227
N1,15.3,103,69,737.5,103.06930693069306
N1,15.3,103,70,762.5,102.52475247524751
N1,15.3,103,71,787.5,103.76237623762374
N1,15.3,103,72,812.5,102.12871287128712
N1,15.3,103,73,837.5,101.83168316831681
N1,15.3,103,74,862.5,104.40594059405939
N1,15.3,103,75,887.5,102.9207920792079
N1,15.3,103,76,912.5,102.07920792079206
N1,15.3,103,77,937.5,102.7227722772277
N1,15.3,103,78,962.5,100.94059405940592
N1,15.3,103,79,987.5,103.11881188118811
N1,15.3,104,0,-987.5,35.04950495049504
N1,15.3,104,1,-962.5,101.83168316831681
N1,15.3,104,2,-937.5,103.76237623762374
N1,15.3,104,3,-912.5,101.73267326732672
N1,15.3,104,4,-887.5,101.78217821782177
N1,15.3,104,5,-862.5,102.87128712871285
N1,15.3,104,6,-837.5,104.40594059405939
N1,15.3,104,7,-812.5,102.62376237623761
N1,15.3,104,8,-787.5,103.16831683168316
N1,15.3,104,9,-762.5,101.83168316831681
N1,15.3,104,10,-737.5,104.65346534653465
N1,15.3,104,11,-712.5,103.06930693069306
N1,15.3,104,12,-687.5,103.16831683168316
N1,15.3,104,13,-662.5,103.6138613861386
N1,15.3,104,14,-637.5,103.3168316831683
N1,15.3,104,15,-612.5,104.2079207920792
N1,15.3,104,16,-587.5,104.65346534653465
N1,15.3,104,17,-562.5,102.57425742574256
N1,15.3,104,18,-537.5,105.54455445544554
N1,15.3,104,19,-512.5,102.17821782178217
N1,15.3,104,20,-487.5,103.9108910891089
N1,15.3,104,21,-462.5,103.9108910891089
N1,15.3,104,22,-437.5,103.4158415841584
N1,15.3,104,23,-412.5,102.02970297029701
N1,15.3,104,24,-387.5,102.32673267326732
N1,15.3,104,25,-362.5,102.87128712871285
N1,15.3,104,26,-337.5,103.11881188118811
N1,15.3,104,27,-312.5,103.86138613861385
N1,15.3,104,28,-287.5,102.02970297029701
N1,15.3,104,29,-262.5,103.36633663366335
N1,15.3,104,30,-237.5,103.96039603960395
N1,15.3,104,31,-212.5,103.5148514851485
N1,15.3,104,32,-187.5,103.01980198019801
N1,15.3,104,33,-162.5,103.06930693069306
N1,15.3,104,34,-137.5,104.7029702970297
N1,15.3,104,35,-112.5,103.26732673267325
N1,15.3,104,36,-87.5,103.01980198019801
N1,15.3,104,37,-62.5,102.32673267326732
N1,15.3,104,38,-37.5,103.96039603960395
N1,15.3,104,39,-12.5,102.02970297029701
N1,15.3,104,40,12.5,101.28712871287128
N1,15.3,104,41,37.5,103.71287128712869
N1,15.3,104,42,62.5,102.9207920792079
N1,15.3,104,43,87.5,103.46534653465345
N1,15.3,104,44,112.5,101.73267326732672
N1,15.3,104,45,137.5,103.01980198019801
N1,15.3,104,46,162.5,101.28712871287128
N1,15.3,104,47,187.5,102.07920792079206
N1,15.3,104,48,212.5,103.16831683168316
N1,15.3,104,49,237.5,103.2178217821782
N1,15.3,104,50,262.5,103.8118811881188
N1,15.3,104,51,287.5,102.9207920792079
N1,15.3,104,52,312.5,101.53465346534652
N1,15.3,104,53,337.5,103.56435643564355
N1,15.3,104,54,362.5,104.05940594059405
N1,15.3,104,55,387.5,101.78217821782177
N1,15.3,104,56,412.5,102.97029702970296
N1,15.3,104,57,437.5,102.62376237623761
N1,15.3,104,58,462.5,102.17821782178217
N1,15.3,104,59,487.5,101.08910891089107
N1,15.3,104,60,512.5,103.6138613861386
N1,15.3,104,61,537.5,103.06930693069306
N1,15.3,104,62,562.5,102.87128712871285
N1,15.3,104,63,587.5,101.93069306930691
N1,15.3,104,64,612.5,102.37623762376236
N1,15.3,104,65,637.5,103.9108910891089
N1,15.3,104,66,662.5,102.02970297029701
N1,15.3,104,67,687.5,102.27722772277227
N1,15.3,104,68,712.5,102.42574257425741
N1,15.3,104,69,737.5,103.16831683168316
N1,15.3,104,70,762.5,102.9207920792079
N1,15.3,104,71,787.5,103.86138613861385
N1,15.3,104,72,812.5,101.78217821782177
N1,15.3,104,73,837.5,102.42574257425741
N1,15.3,104,74,862.5,104.009900990099
N1,15.3,104,75,887.5,102.17821782178217
N1,15.3,104,76,912.5,103.01980198019801
N1,15.3,104,77,937.5,103.56435643564355
N1,15.3,104,78,962.5,102.12871287128712
N1,15.3,104,79,987.5,102.97029702970296
N1,15.3,105,0,-987.5,34.99999999999999
N1,15.3,105,1,-962.5,102.8217821782178
N1,15.3,105,2,-937.5,103.01980198019801
N1,15.3,105,3,-912.5,103.16831683168316
N1,15.3,105,4,-887.5,103.56435643564355
N1,15.3,105,5,-862.5,103.01980198019801
N1,15.3,105,6,-837.5,101.83168316831681
N1,15.3,105,7,-812.5,104.1089108910891
N1,15.3,105,8,-787.5,103.11881188118811
N1,15.3,105,9,-762.5,103.4158415841584
N1,15.3,105,10,-737.5,103.5148514851485
N1,15.3,105,11,-712.5,102.8217821782178
N1,15.3,105,12,-687.5,104.009900990099
N1,15.3,105,13,-662.5,103.66336633663364
N1,15.3,105,14,-637.5,104.05940594059405
N1,15.3,105,15,-612.5,102.77227722772275
N1,15.3,105,16,-587.5,104.15841584158414
N1,15.3,105,17,-562.5,103.3168316831683
N1,15.3,105,18,-537.5,103.56435643564355
N1,15.3,105,19,-512.5,102.22772277227722
N1,15.3,105,20,-487.5,103.46534653465345
N1,15.3,105,21,-462.5,103.26732673267325
N1,15.3,105,22,-437.5,103.96039603960395
N1,15.3,105,23,-412.5,102.9207920792079
N1,15.3,105,24,-387.5,104.40594059405939
N1,15.3,105,25,-362.5,101.78217821782177
N1,15.3,105,26,-337.5,104.2079207920792
N1,15.3,105,27,-312.5,102.77227722772275
N1,15.3,105,28,-287.5,101.98019801980196
N1,15.3,105,29,-262.5,103.5148514851485
N1,15.3,105,30,-237.5,101.53465346534652
N1,15.3,105,31,-212.5,104.009900990099
N1,15.3,105,32,-187.5,102.47524752475246
N1,15.3,105,33,-162.5,103.9108910891089
N1,15.3,105,34,-137.5,102.8217821782178
N1,15.3,105,35,-112.5,104.99999999999999
N1,15.3,105,36,-87.5,103.8118811881188
N1,15.3,105,37,-62.5,103.96039603960395
N1,15.3,105,38,-37.5,104.75247524752474
N1,15.3,105,39,-12.5,104.85148514851484
N1,15.3,105,40,12.5,102.8217821782178
N1,15.3,105,41,37.5,103.76237623762374
N1,15.3,105,42,62.5,102.12871287128712
N1,15.3,105,43,87.5,102.37623762376236
N1,15.3,105,44,112.5,103.06930693069306
N1,15.3,105,45,137.5,102.97029702970296
N1,15.3,105,46,162.5,103.6138613861386
N1,15.3,105,47,187.5,103.6138613861386
N1,15.3,105,48,212.5,101.98019801980196
N1,15.3,105,49,237.5,103.4158415841584
N1,15.3,105,50,262.5,103.4158415841584
N1,15.3,105,51,287.5,103.2178217821782
N1,15.3,105,52,312.5,102.37623762376236
N1,15.3,105,53,337.5,100.44554455445544
N1,15.3,105,54,362.5,102.8217821782178
N1,15.3,105,55,387.5,102.12871287128712
N1,15.3,105,56,412.5,102.8217821782178
N1,15.3,105,57,437.5,102.47524752475246
N1,15.3,105,58,462.5,102.97029702970296
N1,15.3,105,59,487.5,101.88118811881186
N1,15.3,105,60,512.5,102.9207920792079
N1,15.3,105,61,537.5,102.17821782178217
N1,15.3,105,62,562.5,103.36633663366335
N1,15.3,105,63,587.5,102.22772277227722
N1,15.3,105,64,612.5,102.57425742574256
N1,15.3,105,65,637.5,103.01980198019801
N1,15.3,105,66,662.5,102.97029702970296
N1,15.3,105,67,687.5,101.58415841584157
N1,15.3,105,68,712.5,102.02970297029701
N1,15.3,105,69,737.5,103.8118811881188
N1,15.3,105,70,762.5,101.88118811881186
N1,15.3,105,71,787.5,102.87128712871285
N1,15.3,105,72,812.5,101.58415841584157
N1,15.3,105,73,837.5,102.9207920792079
N1,15.3,105,74,862.5,100.99009900990097
N1,15.3,105,75,887.5,103.06930693069306
N1,15.3,105,76,912.5,102.07920792079206
N1,15.3,105,77,937.5,102.77227722772275
N1,15.3,105,78,962.5,101.48514851485147
N1,15.3,105,79,987.5,102.42574257425741
N1,200.0,101,0,-987.5,62.821782178217816
N1,200.0,101,1,-962.5,108.4158415841584
N1,200.0,101,2,-937.5,107.37623762376236
N1,200.0,101,3,-912.5,106.83168316831681
N1,200.0,101,4,-887.5,107.57425742574256
N1,200.0,101,5,-862.5,106.93069306930691
N1,200.0,101,6,-837.5,108.71287128712869
N1,200.0,101,7,-812.5,107.1287128712871
N1,200.0,101,8,-787.5,106.53465346534652
N1,200.0,101,9,-762.5,106.68316831683167
N1,200.0,101,10,-737.5,108.6138613861386
N1,200.0,101,11,-712.5,107.02970297029701
N1,200.0,101,12,-687.5,107.8217821782178
N1,200.0,101,13,-662.5,107.47524752475246
N1,200.0,101,14,-637.5,107.62376237623761
N1,200.0,101,15,-612.5,107.9207920792079
N1,200.0,101,16,-587.5,106.38613861386138
N1,200.0,101,17,-562.5,107.02970297029701
N1,200.0,101,18,-537.5,107.37623762376236
N1,200.0,101,19,-512.5,108.4158415841584
N1,200.0,101,20,-487.5,106.83168316831681
N1,200.0,101,21,-462.5,107.27722772277227
N1,200.0,101,22,-437.5,109.35643564356434
N1,200.0,101,23,-412.5,107.1287128712871
N1,200.0,101,24,-387.5,107.1287128712871
N1,200.0,101,25,-362.5,108.3168316831683
N1,200.0,101,26,-337.5,107.32673267326732
N1,200.0,101,27,-312.5,107.47524752475246
N1,200.0,101,28,-287.5,108.5148514851485
N1,200.0,101,29,-262.5,107.77227722772275
N1,200.0,101,30,-237.5,106.73267326732672
N1,200.0,101,31,-212.5,107.8217821782178
N1,200.0,101,32,-187.5,108.16831683168316
N1,200.0,101,33,-162.5,105.84158415841583
N1,200.0,101,34,-137.5,106.83168316831681
N1,200.0,101,35,-112.5,107.52475247524751
N1,200.0,101,36,-87.5,107.87128712871285
N1,200.0,101,37,-62.5,107.22772277227722
N1,200.0,101,38,-37.5,108.5148514851485
N1,200.0,101,39,-12.5,106.93069306930691
N1,200.0,101,40,12.5,102.57425742574256
N1,200.0,101,41,37.5,102.12871287128712
N1,200.0,101,42,62.5,103.6138613861386
N1,200.0,101,43,87.5,101.13861386138612
N1,200.0,101,44,112.5,101.33663366336633
N1,200.0,101,45,137.5,104.30693069306929
N1,200.0,101,46,162.5,102.67326732673266
N1,200.0,101,47,187.5,101.98019801980196
N1,200.0,101,48,212.5,102.42574257425741
N1,200.0,101,49,237.5,101.93069306930691
N1,200.0,101,50,262.5,103.5148514851485
N1,200.0,101,51,287.5,101.93069306930691
N1,200.0,101,52,312.5,101.58415841584157
N1,200.0,101,53,337.5,101.93069306930691
N1,200.0,101,54,362.5,102.62376237623761
N1,200.0,101,55,387.5,103.8118811881188
N1,200.0,101,56,412.5,101.88118811881186
N1,200.0,101,57,437.5,103.01980198019801
N1,200.0,101,58,462.5,102.7227722772277
N1,200.0,101,59,487.5,102.07920792079206
N1,200.0,101,60,512.5,102.62376237623761
N1,200.0,101,61,537.5,102.67326732673266
N1,200.0,101,62,562.5,102.7227722772277
N1,200.0,101,63,587.5,103.6138613861386
N1,200.0,101,64,612.5,102.27722772277227
N1,200.0,101,65,637.5,102.8217821782178
N1,200.0,101,66,662.5,101.63366336633662
N1,200.0,101,67,687.5,104.2079207920792
N1,200.0,101,68,712.5,101.83168316831681
N1,200.0,101,69,737.5,103.46534653465345
N1,200.0,101,70,762.5,100.79207920792078
N1,200.0,101,71,787.5,104.1089108910891
N1,200.0,101,72,812.5,101.98019801980196
N1,200.0,101,73,837.5,103.11881188118811
N1,200.0,101,74,862.5,101.48514851485147
N1,200.0,101,75,887.5,101.03960396039602
N1,200.0,101,76,912.5,102.62376237623761
N1,200.0,101,77,937.5,103.2178217821782
N1,200.0,101,78,962.5,100.89108910891088
N1,200.0,101,79,987.5,103.6138613861386
N1,200.0,102,0,-987.5,63.26732673267326
N1,200.0,102,1,-962.5,108.01980198019801
N1,200.0,102,2,-937.5,106.58415841584157
N1,200.0,102,3,-912.5,107.42574257425741
N1,200.0,102,4,-887.5,106.53465346534652
N1,200.0,102,5,-862.5,106.93069306930691
N1,200.0,102,6,-837.5,107.87128712871285
N1,200.0,102,7,-812.5,106.28712871287127
N1,200.0,102,8,-787.5,108.01980198019801
N1,200.0,102,9,-762.5,108.5148514851485
N1,200.0,102,10,-737.5,107.22772277227722
N1,200.0,102,11,-712.5,108.56435643564355
N1,200.0,102,12,-687.5,108.06930693069306
N1,200.0,102,13,-662.5,108.3168316831683
N1,200.0,102,14,-637.5,107.52475247524751
N1,200.0,102,15,-612.5,107.32673267326732
N1,200.0,102,16,-587.5,107.02970297029701
N1,200.0,102,17,-562.5,107.52475247524751
N1,200.0,102,18,-537.5,108.2178217821782
N1,200.0,102,19,-512.5,107.8217821782178
N1,200.0,102,20,-487.5,106.08910891089107
N1,200.0,102,21,-462.5,107.57425742574256
N1,200.0,102,22,-437.5,108.5148514851485
N1,200.0,102,23,-412.5,105.89108910891088
N1,200.0,102,24,-387.5,107.42574257425741
N1,200.0,102,25,-362.5,108.26732673267325
N1,200.0,102,26,-337.5,107.7227722772277
N1,200.0,102,27,-312.5,107.22772277227722
N1,200.0,102,28,-287.5,108.6138613861386
N1,200.0,102,29,-262.5,106.03960396039602
N1,200.0,102,30,-237.5,108.01980198019801
N1,200.0,102,31,-212.5,106.58415841584157
N1,200.0,102,32,-187.5,108.2178217821782
N1,200.0,102,33,-162.5,106.18811881188117
N1,200.0,102,34,-137.5,109.05940594059405
N1,200.0,102,35,-112.5,107.87128712871285
N1,200.0,102,36,-87.5,109.2079207920792
N1,200.0,102,37,-62.5,107.42574257425741
N1,200.0,102,38,-37.5,108.16831683168316
N1,200.0,102,39,-12.5,107.7227722772277
N1,200.0,102,40,12.5,103.3168316831683
N1,200.0,102,41,37.5,102.47524752475246
N1,200.0,102,42,62.5,104.30693069306929
N1,200.0,102,43,87.5,103.4158415841584
N1,200.0,102,44,112.5,104.05940594059405
N1,200.0,102,45,137.5,102.07920792079206
N1,200.0,102,46,162.5,101.88118811881186
N1,200.0,102,47,187.5,102.9207920792079
N1,200.0,102,48,212.5,100.84158415841583
N1,200.0,102,49,237.5,102.17821782178217
N1,200.0,102,50,262.5,103.5148514851485
N1,200.0,102,51,287.5,102.27722772277227
N1,200.0,102,52,312.5,102.97029702970296
N1,200.0,102,53,337.5,102.77227722772275
N1,200.0,102,54,362.5,101.93069306930691
N1,200.0,102,55,387.5,101.63366336633662
N1,200.0,102,56,412.5,103.2178217821782
N1,200.0,102,57,437.5,101.93069306930691
N1,200.0,102,58,462.5,100.54455445544554
N1,200.0,102,59,487.5,103.86138613861385
N1,200.0,102,60,512.5,101.03960396039602
N1,200.0,102,61,537.5,104.7029702970297
N1,200.0,102,62,562.5,101.63366336633662
N1,200.0,102,63,587.5,102.9207920792079
N1,200.0,102,64,612.5,102.7227722772277
N1,200.0,102,65,637.5,102.9207920792079
N1,200.0,102,66,662.5,103.06930693069306
N1,200.0,102,67,687.5,103.56435643564355
N1,200.0,102,68,712.5,103.71287128712869
N1,200.0,102,69,737.5,100.69306930693068
N1,200.0,102,70,762.5,103.2178217821782
N1,200.0,102,71,787.5,102.67326732673266
N1,200.0,102,72,812.5,101.88118811881186
N1,200.0,102,73,837.5,102.67326732673266
N1,200.0,102,74,862.5,102.77227722772275
N1,200.0,102,75,887.5,101.73267326732672
N1,200.0,102,76,912.5,102.97029702970296
N1,200.0,102,77,937.5,102.77227722772275
N1,200.0,102,78,962.5,102.52475247524751
N1,200.0,102,79,987.5,101.88118811881186
N1,200.0,103,0,-987.5,63.514851485148505
N1,200.0,103,1,-962.5,108.6138613861386
N1,200.0,103,2,-937.5,106.63366336633662
N1,200.0,103,3,-912.5,109.009900990099
N1,200.0,103,4,-887.5,106.08910891089107
N1,200.0,103,5,-862.5,108.5148514851485
N1,200.0,103,6,-837.5,109.50495049504948
N1,200.0,103,7,-812.5,105.99009900990097
N1,200.0,103,8,-787.5,108.81188118811879
N1,200.0,103,9,-762.5,107.22772277227722
N1,200.0,103,10,-737.5,108.46534653465345
N1,200.0,103,11,-712.5,107.97029702970295
N1,200.0,103,12,-687.5,107.87128712871285
N1,200.0,103,13,-662.5,106.53465346534652
N1,200.0,103,14,-637.5,108.9108910891089
N1,200.0,103,15,-612.5,106.73267326732672
N1,200.0,103,16,-587.5,108.36633663366335
N1,200.0,103,17,-562.5,108.06930693069306
N1,200.0,103,18,-537.5,108.71287128712869
N1,200.0,103,19,-512.5,107.97029702970295
N1,200.0,103,20,-487.5,107.47524752475246
N1,200.0,103,21,-462.5,107.62376237623761
N1,200.0,103,22,-437.5,107.7227722772277
N1,200.0,103,23,-412.5,108.56435643564355
N1,200.0,103,24,-387.5,106.98019801980196
N1,200.0,103,25,-362.5,107.7227722772277
N1,200.0,103,26,-337.5,106.98019801980196
N1,200.0,103,27,-312.5,107.1287128712871
N1,200.0,103,28,-287.5,106.88118811881186
N1,200.0,103,29,-262.5,108.01980198019801
N1,200.0,103,30,-237.5,106.03960396039602
N1,200.0,103,31,-212.5,108.2178217821782
N1,200.0,103,32,-187.5,106.53465346534652
N1,200.0,103,33,-162.5,106.68316831683167
N1,200.0,103,34,-137.5,107.57425742574256
N1,200.0,103,35,-112.5,107.62376237623761
N1,200.0,103,36,-87.5,107.52475247524751
N1,200.0,103,37,-62.5,108.4158415841584
N1,200.0,103,38,-37.5,108.16831683168316
N1,200.0,103,39,-12.5,107.9207920792079
N1,200.0,103,40,12.5,102.37623762376236
N1,200.0,103,41,37.5,102.37623762376236
N1,200.0,103,42,62.5,103.26732673267325
N1,200.0,103,43,87.5,102.27722772277227
N1,200.0,103,44,112.5,103.96039603960395
N1,200.0,103,45,137.5,103.06930693069306
N1,200.0,103,46,162.5,101.78217821782177
N1,200.0,103,47,187.5,101.83168316831681
N1,200.0,103,48,212.5,103.16831683168316
N1,200.0,103,49,237.5,103.16831683168316
N1,200.0,103,50,262.5,100.59405940594058
N1,200.0,103,51,287.5,103.4158415841584
N1,200.0,103,52,312.5,102.8217821782178
N1,200.0,103,53,337.5,103.71287128712869
N1,200.0,103,54,362.5,102.47524752475246
N1,200.0,103,55,387.5,102.22772277227722
N1,200.0,103,56,412.5,101.13861386138612
N1,200.0,103,57,437.5,102.32673267326732
N1,200.0,103,58,462.5,101.48514851485147
N1,200.0,103,59,487.5,101.63366336633662
N1,200.0,103,60,512.5,103.11881188118811
N1,200.0,103,61,537.5,101.63366336633662
N1,200.0,103,62,562.5,101.98019801980196
N1,200.0,103,63,587.5,103.16831683168316
N1,200.0,103,64,612.5,101.88118811881186
N1,200.0,103,65,637.5,102.22772277227722
N1,200.0,103,66,662.5,103.9108910891089
N1,200.0,103,67,687.5,102.67326732673266
N1,200.0,103,68,712.5,102.02970297029701
N1,200.0,103,69,737.5,102.57425742574256
N1,200.0,103,70,762.5,101.23762376237622
N1,200.0,103,71,787.5,102.47524752475246
N1,200.0,103,72,812.5,102.97029702970296
N1,200.0,103,73,837.5,101.73267326732672
N1,200.0,103,74,862.5,103.46534653465345
N1,200.0,103,75,887.5,102.27722772277227
N1,200.0,103,76,912.5,102.9207920792079
N1,200.0,103,77,937.5,102.62376237623761
N1,200.0,103,78,962.5,102.12871287128712
N1,200.0,103,79,987.5,103.4158415841584
N1,200.0,104,0,-987.5,63.16831683168316
N1,200.0,104,1,-962.5,108.36633663366335
N1,200.0,104,2,-937.5,107.37623762376236
N1,200.0,104,3,-912.5,109.55445544554453
N1,200.0,104,4,-887.5,106.73267326732672
N1,200.0,104,5,-862.5,108.36633663366335
N1,200.0,104,6,-837.5,107.37623762376236
N1,200.0,104,7,-812.5,107.7227722772277
N1,200.0,104,8,-787.5,106.08910891089107
N1,200.0,104,9,-762.5,107.67326732673266
N1,200.0,104,10,-737.5,106.18811881188117
N1,200.0,104,11,-712.5,107.02970297029701
N1,200.0,104,12,-687.5,106.63366336633662
N1,200.0,104,13,-662.5,108.3168316831683
N1,200.0,104,14,-637.5,106.63366336633662
N1,200.0,104,15,-612.5,108.11881188118811
N1,200.0,104,16,-587.5,107.17821782178217
N1,200.0,104,17,-562.5,107.22772277227722
N1,200.0,104,18,-537.5,107.02970297029701
N1,200.0,104,19,-512.5,106.23762376237622
N1,200.0,104,20,-487.5,108.01980198019801
N1,200.0,104,21,-462.5,107.32673267326732
N1,200.0,104,22,-437.5,107.22772277227722
N1,200.0,104,23,-412.5,106.83168316831681
N1,200.0,104,24,-387.5,108.2178217821782
N1,200.0,104,25,-362.5,106.18811881188117
N1,200.0,104,26,-337.5,109.2079207920792
N1,200.0,104,27,-312.5,107.37623762376236
N1,200.0,104,28,-287.5,106.98019801980196
N1,200.0,104,29,-262.5,108.66336633663364
N1,200.0,104,30,-237.5,105.74257425742573
N1,200.0,104,31,-212.5,107.17821782178217
N1,200.0,104,32,-187.5,107.47524752475246
N1,200.0,104,33,-162.5,108.36633663366335
N1,200.0,104,34,-137.5,107.52475247524751
N1,200.0,104,35,-112.5,105.99009900990097
N1,200.0,104,36,-87.5,108.11881188118811
N1,200.0,104,37,-62.5,106.88118811881186
N1,200.0,104,38,-37.5,107.77227722772275
N1,200.0,104,39,-12.5,107.42574257425741
N1,200.0,104,40,12.5,102.47524752475246
N1,200.0,104,41,37.5,101.68316831683167
N1,200.0,104,42,62.5,101.28712871287128
N1,200.0,104,43,87.5,101.73267326732672
N1,200.0,104,44,112.5,102.87128712871285
N1,200.0,104,45,137.5,100.34653465346533
N1,200.0,104,46,162.5,101.33663366336633
N1,200.0,104,47,187.5,101.68316831683167
N1,200.0,104,48,212.5,103.2178217821782
N1,200.0,104,49,237.5,101.63366336633662
N1,200.0,104,50,262.5,102.52475247524751
N1,200.0,104,51,287.5,102.22772277227722
N1,200.0,104,52,312.5,101.43564356435643
N1,200.0,104,53,337.5,104.15841584158414
N1,200.0,104,54,362.5,101.13861386138612
N1,200.0,104,55,387.5,101.63366336633662
N1,200.0,104,56,412.5,101.43564356435643
N1,200.0,104,57,437.5,103.16831683168316
N1,200.0,104,58,462.5,101.63366336633662
N1,200.0,104,59,487.5,101.38613861386138
N1,200.0,104,60,512.5,102.77227722772275
N1,200.0,104,61,537.5,103.06930693069306
N1,200.0,104,62,562.5,102.8217821782178
N1,200.0,104,63,587.5,102.52475247524751
N1,200.0,104,64,612.5,101.73267326732672
N1,200.0,104,65,637.5,102.87128712871285
N1,200.0,104,66,662.5,101.93069306930691
N1,200.0,104,67,687.5,101.58415841584157
N1,200.0,104,68,712.5,101.98019801980196
N1,200.0,104,69,737.5,101.13861386138612
N1,200.0,104,70,762.5,102.32673267326732
N1,200.0,104,71,787.5,103.4158415841584
N1,200.0,104,72,812.5,102.27722772277227
N1,200.0,104,73,837.5,102.7227722772277
N1,200.0,104,74,862.5,102.12871287128712
N1,200.0,104,75,887.5,102.42574257425741
N1,200.0,104,76,912.5,103.86138613861385
N1,200.0,104,77,937.5,102.62376237623761
N1,200.0,104,78,962.5,102.17821782178217
N1,200.0,104,79,987.5,101.58415841584157
N1,200.0,105,0,-987.5,63.26732673267326
N1,200.0,105,1,-962.5,107.47524752475246
N1,200.0,105,2,-937.5,106.63366336633662
N1,200.0,105,3,-912.5,107.22772277227722
N1,200.0,105,4,-887.5,107.87128712871285
N1,200.0,105,5,-862.5,107.62376237623761
N1,200.0,105,6,-837.5,105.84158415841583
N1,200.0,105,7,-812.5,108.76237623762374
N1,200.0,105,8,-787.5,106.98019801980196
N1,200.0,105,9,-762.5,107.57425742574256
N1,200.0,105,10,-737.5,106.48514851485147
N1,200.0,105,11,-712.5,107.67326732673266
N1,200.0,105,12,-687.5,107.37623762376236
N1,200.0,105,13,-662.5,107.17821782178217
N1,200.0,105,14,-637.5,107.1287128712871
N1,200.0,105,15,-612.5,107.47524752475246
N1,200.0,105,16,-587.5,107.07920792079206
N1,200.0,105,17,-562.5,105.74257425742573
N1,200.0,105,18,-537.5,107.47524752475246
N1,200.0,105,19,-512.5,107.1287128712871
N1,200.0,105,20,-487.5,107.57425742574256
N1,200.0,105,21,-462.5,106.98019801980196
N1,200.0,105,22,-437.5,107.1287128712871
N1,200.0,105,23,-412.5,107.52475247524751
N1,200.0,105,24,-387.5,108.11881188118811
N1,200.0,105,25,-362.5,105.84158415841583
N1,200.0,105,26,-337.5,108.26732673267325
N1,200.0,105,27,-312.5,106.43564356435643
N1,200.0,105,28,-287.5,108.86138613861385
N1,200.0,105,29,-262.5,106.43564356435643
N1,200.0,105,30,-237.5,106.78217821782177
N1,200.0,105,31,-212.5,106.43564356435643
N1,200.0,105,32,-187.5,107.87128712871285
N1,200.0,105,33,-162.5,107.22772277227722
N1,200.0,105,34,-137.5,107.77227722772275
N1,200.0,105,35,-112.5,107.7227722772277
N1,200.0,105,36,-87.5,107.32673267326732
N1,200.0,105,37,-62.5,107.27722772277227
N1,200.0,105,38,-37.5,108.4158415841584
N1,200.0,105,39,-12.5,106.48514851485147
N1,200.0,105,40,12.5,105.14851485148513
N1,200.0,105,41,37.5,103.26732673267325
N1,200.0,105,42,62.5,102.02970297029701
N1,200.0,105,43,87.5,102.37623762376236
N1,200.0,105,44,112.5,103.01980198019801
N1,200.0,105,45,137.5,101.18811881188117
N1,200.0,105,46,162.5,102.17821782178217
N1,200.0,105,47,187.5,102.17821782178217
N1,200.0,105,48,212.5,101.73267326732672
N1,200.0,105,49,237.5,102.77227722772275
N1,200.0,105,50,262.5,102.47524752475246
N1,200.0,105,51,287.5,102.47524752475246
N1,200.0,105,52,312.5,104.009900990099
N1,200.0,105,53,337.5,102.32673267326732
N1,200.0,105,54,362.5,102.17821782178217
N1,200.0,105,55,387.5,103.06930693069306
N1,200.0,105,56,412.5,102.67326732673266
N1,200.0,105,57,437.5,102.22772277227722
N1,200.0,105,58,462.5,102.57425742574256
N1,200.0,105,59,487.5,102.12871287128712
N1,200.0,105,60,512.5,103.46534653465345
N1,200.0,105,61,537.5,101.78217821782177
N1,200.0,105,62,562.5,103.16831683168316
N1,200.0,105,63,587.5,103.96039603960395
N1,200.0,105,64,612.5,102.27722772277227
N1,200.0,105,65,637.5,101.78217821782177
N1,200.0,105,66,662.5,101.38613861386138
N1,200.0,105,67,687.5,103.36633663366335
N1,200.0,105,68,712.5,102.27722772277227
N1,200.0,105,69,737.5,102.7227722772277
N1,200.0,105,70,762.5,102.32673267326732
N1,200.0,105,71,787.5,100.99009900990097
N1,200.0,105,72,812.5,102.27722772277227
N1,200.0,105,73,837.5,102.32673267326732
N1,200.0,105,74,862.5,101.53465346534652
N1,200.0,105,75,887.5,104.05940594059405
N1,200.0,105,76,912.5,102.02970297029701
N1,200.0,105,77,937.5,102.77227722772275
N1,200.0,105,78,962.5,103.86138613861385
N1,200.0,105,79,987.5,102.97029702970296
N1,23.5,101,0,-987.5,47.17821782178217
N1,23.5,101,1,-962.5,101.93069306930691
N1,23.5,101,2,-937.5,102.9207920792079
N1,23.5,101,3,-912.5,103.46534653465345
N1,23.5,101,4,-887.5,103.71287128712869
N1,23.5,101,5,-862.5,102.9207920792079
N1,23.5,101,6,-837.5,103.96039603960395
N1,23.5,101,7,-812.5,103.16831683168316
N1,23.5,101,8,-787.5,102.12871287128712
N1,23.5,101,9,-762.5,103.5148514851485
N1,23.5,101,10,-737.5,102.32673267326732
N1,23.5,101,11,-712.5,104.35643564356434
N1,23.5,101,12,-687.5,103.71287128712869
N1,23.5,101,13,-662.5,103.76237623762374
N1,23.5,101,14,-637.5,104.1089108910891
N1,23.5,101,15,-612.5,102.57425742574256
N1,23.5,101,16,-587.5,103.16831683168316
N1,23.5,101,17,-562.5,103.76237623762374
N1,23.5,101,18,-537.5,102.9207920792079
N1,23.5,101,19,-512.5,104.25742574257424
N1,23.5,101,20,-487.5,103.5148514851485
N1,23.5,101,21,-462.5,103.2178217821782
N1,23.5,101,22,-437.5,103.2178217821782
N1,23.5,101,23,-412.5,104.2079207920792
N1,23.5,101,24,-387.5,102.07920792079206
N1,23.5,101,25,-362.5,104.15841584158414
N1,23.5,101,26,-337.5,103.26732673267325
N1,23.5,101,27,-312.5,104.90099009900989
N1,23.5,101,28,-287.5,104.80198019801979
N1,23.5,101,29,-262.5,103.06930693069306
N1,23.5,101,30,-237.5,102.97029702970296
N1,23.5,101,31,-212.5,100.94059405940592
N1,23.5,101,32,-187.5,104.1089108910891
N1,23.5,101,33,-162.5,105.74257425742573
N1,23.5,101,34,-137.5,101.73267326732672
N1,23.5,101,35,-112.5,105.14851485148513
N1,23.5,101,36,-87.5,103.66336633663364
N1,23.5,101,37,-62.5,104.35643564356434
N1,23.5,101,38,-37.5,101.93069306930691
N1,23.5,101,39,-12.5,103.71287128712869
N1,23.5,101,40,12.5,102.37623762376236
N1,23.5,101,41,37.5,100.59405940594058
N1,23.5,101,42,62.5,103.06930693069306
N1,23.5,101,43,87.5,102.77227722772275
N1,23.5,101,44,112.5,102.07920792079206
N1,23.5,101,45,137.5,102.47524752475246
N1,23.5,101,46,162.5,101.43564356435643
N1,23.5,101,47,187.5,102.67326732673266
N1,23.5,101,48,212.5,103.11881188118811
N1,23.5,101,49,237.5,102.62376237623761
N1,23.5,101,50,262.5,103.66336633663364
N1,23.5,101,51,287.5,103.06930693069306
N1,23.5,101,52,312.5,102.27722772277227
N1,23.5,101,53,337.5,100.79207920792078
N1,23.5,101,54,362.5,102.67326732673266
N1,23.5,101,55,387.5,103.66336633663364
N1,23.5,101,56,412.5,102.67326732673266
N1,23.5,101,57,437.5,102.7227722772277
N1,23.5,101,58,462.5,101.43564356435643
N1,23.5,101,59,487.5,101.28712871287128
N1,23.5,101,60,512.5,102.12871287128712
N1,23.5,101,61,537.5,102.17821782178217
N1,23.5,101,62,562.5,100.34653465346533
N1,23.5,101,63,587.5,103.36633663366335
N1,23.5,101,64,612.5,101.78217821782177
N1,23.5,101,65,637.5,103.06930693069306
N1,23.5,101,66,662.5,103.36633663366335
N1,23.5,101,67,687.5,102.02970297029701
N1,23.5,101,68,712.5,101.93069306930691
N1,23.5,101,69,737.5,103.2178217821782
N1,23.5,101,70,762.5,100.64356435643563
N1,23.5,101,71,787.5,103.76237623762374
N1,23.5,101,72,812.5,101.18811881188117
N1,23.5,101,73,837.5,103.11881188118811
N1,23.5,101,74,862.5,103.16831683168316
N1,23.5,101,75,887.5,102.42574257425741
N1,23.5,101,76,912.5,103.5148514851485
N1,23.5,101,77,937.5,104.30693069306929
N1,23.5,101,78,962.5,102.07920792079206
N1,23.5,101,79,987.5,102.12871287128712
N1,23.5,102,0,-987.5,42.574257425742566
N1,23.5,102,1,-962.5,102.47524752475246
N1,23.5,102,2,-937.5,105.19801980198018
N1,23.5,102,3,-912.5,103.5148514851485
N1,23.5,102,4,-887.5,103.71287128712869
N1,23.5,102,5,-862.5,102.42574257425741
N1,23.5,102,6,-837.5,103.86138613861385
N1,23.5,102,7,-812.5,104.40594059405939
N1,23.5,102,8,-787.5,104.45544554455444
N1,23.5,102,9,-762.5,103.71287128712869
N1,23.5,102,10,-737.5,102.87128712871285
N1,23.5,102,11,-712.5,104.60396039603958
N1,23.5,102,12,-687.5,102.87128712871285
N1,23.5,102,13,-662.5,104.65346534653465
N1,23.5,102,14,-637.5,102.62376237623761
N1,23.5,102,15,-612.5,102.9207920792079
N1,23.5,102,16,-587.5,103.96039603960395
N1,23.5,102,17,-562.5,103.76237623762374
N1,23.5,102,18,-537.5,103.66336633663364
N1,23.5,102,19,-512.5,102.77227722772275
N1,23.5,102,20,-487.5,103.5148514851485
N1,23.5,102,21,-462.5,104.55445544554453
N1,23.5,102,22,-437.5,102.67326732673266
N1,23.5,102,23,-412.5,104.45544554455444
N1,23.5,102,24,-387.5,102.9207920792079
N1,23.5,102,25,-362.5,103.11881188118811
N1,23.5,102,26,-337.5,105.34653465346533
N1,23.5,102,27,-312.5,104.1089108910891
N1,23.5,102,28,-287.5,103.06930693069306
N1,23.5,102,29,-262.5,103.2178217821782
N1,23.5,102,30,-237.5,104.15841584158414
N1,23.5,102,31,-212.5,103.56435643564355
N1,23.5,102,32,-187.5,103.26732673267325
N1,23.5,102,33,-162.5,102.77227722772275
N1,23.5,102,34,-137.5,103.26732673267325
N1,23.5,102,35,-112.5,102.22772277227722
N1,23.5,102,36,-87.5,102.87128712871285
N1,23.5,102,37,-62.5,101.93069306930691
N1,23.5,102,38,-37.5,103.9108910891089
N1,23.5,102,39,-12.5,104.95049504950494
N1,23.5,102,40,12.5,101.78217821782177
N1,23.5,102,41,37.5,102.62376237623761
N1,23.5,102,42,62.5,101.73267326732672
N1,23.5,102,43,87.5,104.009900990099
N1,23.5,102,44,112.5,101.93069306930691
N1,23.5,102,45,137.5,103.71287128712869
N1,23.5,102,46,162.5,102.02970297029701
N1,23.5,102,47,187.5,103.5148514851485
N1,23.5,102,48,212.5,102.12871287128712
N1,23.5,102,49,237.5,102.07920792079206
N1,23.5,102,50,262.5,101.58415841584157
N1,23.5,102,51,287.5,101.68316831683167
N1,23.5,102,52,312.5,104.7029702970297
N1,23.5,102,53,337.5,100.44554455445544
N1,23.5,102,54,362.5,102.9207920792079
N1,23.5,102,55,387.5,102.9207920792079
N1,23.5,102,56,412.5,102.8217821782178
N1,23.5,102,57,437.5,102.17821782178217
N1,23.5,102,58,462.5,102.62376237623761
N1,23.5,102,59,487.5,102.97029702970296
N1,23.5,102,60,512.5,103.96039603960395
N1,23.5,102,61,537.5,101.58415841584157
N1,23.5,102,62,562.5,101.13861386138612
N1,23.5,102,63,587.5,101.43564356435643
N1,23.5,102,64,612.5,103.2178217821782
N1,23.5,102,65,637.5,103.3168316831683
N1,23.5,102,66,662.5,102.27722772277227
N1,23.5,102,67,687.5,104.40594059405939
N1,23.5,102,68,712.5,101.93069306930691
N1,23.5,102,69,737.5,103.56435643564355
N1,23.5,102,70,762.5,104.05940594059405
N1,23.5,102,71,787.5,103.4158415841584
N1,23.5,102,72,812.5,101.08910891089107
N1,23.5,102,73,837.5,103.56435643564355
N1,23.5,102,74,862.5,103.2178217821782
N1,23.5,102,75,887.5,103.8118811881188
N1,23.5,102,76,912.5,102.57425742574256
N1,23.5,102,77,937.5,102.62376237623761
N1,23.5,102,78,962.5,102.32673267326732
N1,23.5,102,79,987.5,102.07920792079206
N1,23.5,103,0,-987.5,48.465346534653456
N1,23.5,103,1,-962.5,102.97029702970296
N1,23.5,103,2,-937.5,103.96039603960395
N1,23.5,103,3,-912.5,103.46534653465345
N1,23.5,103,4,-887.5,102.87128712871285
N1,23.5,103,5,-862.5,104.1089108910891
N1,23.5,103,6,-837.5,102.17821782178217
N1,23.5,103,7,-812.5,106.73267326732672
N1,23.5,103,8,-787.5,102.32673267326732
N1,23.5,103,9,-762.5,103.66336633663364
N1,23.5,103,10,-737.5,103.06930693069306
N1,23.5,103,11,-712.5,102.67326732673266
N1,23.5,103,12,-687.5,103.5148514851485
N1,23.5,103,13,-662.5,104.2079207920792
N1,23.5,103,14,-637.5,104.99999999999999
N1,23.5,103,15,-612.5,102.22772277227722
N1,23.5,103,16,-587.5,104.15841584158414
N1,23.5,103,17,-562.5,101.53465346534652
N1,23.5,103,18,-537.5,102.37623762376236
N1,23.5,103,19,-512.5,104.7029702970297
N1,23.5,103,20,-487.5,104.50495049504948
N1,23.5,103,21,-462.5,102.27722772277227
N1,23.5,103,22,-437.5,104.05940594059405
N1,23.5,103,23,-412.5,103.46534653465345
N1,23.5,103,24,-387.5,103.56435643564355
N1,23.5,103,25,-362.5,103.4158415841584
N1,23.5,103,26,-337.5,103.5148514851485
N1,23.5,103,27,-312.5,104.40594059405939
N1,23.5,103,28,-287.5,103.36633663366335
N1,23.5,103,29,-262.5,103.6138613861386
N1,23.5,103,30,-237.5,103.9108910891089
N1,23.5,103,31,-212.5,103.11881188118811
N1,23.5,103,32,-187.5,102.97029702970296
N1,23.5,103,33,-162.5,104.25742574257424
N1,23.5,103,34,-137.5,103.86138613861385
N1,23.5,103,35,-112.5,102.62376237623761
N1,23.5,103,36,-87.5,103.66336633663364
N1,23.5,103,37,-62.5,103.2178217821782
N1,23.5,103,38,-37.5,104.30693069306929
N1,23.5,103,39,-12.5,104.009900990099
N1,23.5,103,40,12.5,102.37623762376236
N1,23.5,103,41,37.5,103.06930693069306
N1,23.5,103,42,62.5,100.89108910891088
N1,23.5,103,43,87.5,102.7227722772277
N1,23.5,103,44,112.5,100.64356435643563
N1,23.5,103,45,137.5,102.77227722772275
N1,23.5,103,46,162.5,102.22772277227722
N1,23.5,103,47,187.5,101.53465346534652
N1,23.5,103,48,212.5,102.02970297029701
N1,23.5,103,49,237.5,103.3168316831683
N1,23.5,103,50,262.5,100.94059405940592
N1,23.5,103,51,287.5,103.71287128712869
N1,23.5,103,52,312.5,102.47524752475246
N1,23.5,103,53,337.5,101.13861386138612
N1,23.5,103,54,362.5,102.32673267326732
N1,23.5,103,55,387.5,103.26732673267325
N1,23.5,103,56,412.5,102.87128712871285
N1,23.5,103,57,437.5,102.9207920792079
N1,23.5,103,58,462.5,102.27722772277227
N1,23.5,103,59,487.5,101.68316831683167
N1,23.5,103,60,512.5,101.48514851485147
N1,23.5,103,61,537.5,103.16831683168316
N1,23.5,103,62,562.5,101.58415841584157
N1,23.5,103,63,587.5,101.73267326732672
N1,23.5,103,64,612.5,102.32673267326732
N1,23.5,103,65,637.5,102.37623762376236
N1,23.5,103,66,662.5,101.93069306930691
N1,23.5,103,67,687.5,103.5148514851485
N1,23.5,103,68,712.5,103.36633663366335
N1,23.5,103,69,737.5,102.97029702970296
N1,23.5,103,70,762.5,102.17821782178217
N1,23.5,103,71,787.5,102.47524752475246
N1,23.5,103,72,812.5,101.58415841584157
N1,23.5,103,73,837.5,103.26732673267325
N1,23.5,103,74,862.5,102.87128712871285
N1,23.5,103,75,887.5,102.87128712871285
N1,23.5,103,76,912.5,102.12871287128712
N1,23.5,103,77,937.5,103.4158415841584
N1,23.5,103,78,962.5,102.02970297029701
N1,23.5,103,79,987.5,101.23762376237622
N1,23.5,104,0,-987.5,40.54455445544554
N1,23.5,104,1,-962.5,101.73267326732672
N1,23.5,104,2,-937.5,103.9108910891089
N1,23.5,104,3,-912.5,103.96039603960395
N1,23.5,104,4,-887.5,103.96039603960395
N1,23.5,104,5,-862.5,102.32673267326732
N1,23.5,104,6,-837.5,103.56435643564355
N1,23.5,104,7,-812.5,102.7227722772277
N1,23.5,104,8,-787.5,103.76237623762374
N1,23.5,104,9,-762.5,104.15841584158414
N1,23.5,104,10,-737.5,104.2079207920792
N1,23.5,104,11,-712.5,105.34653465346533
N1,23.5,104,12,-687.5,102.8217821782178
N1,23.5,104,13,-662.5,103.26732673267325
N1,23.5,104,14,-637.5,103.46534653465345
N1,23.5,104,15,-612.5,104.05940594059405
N1,23.5,104,16,-587.5,103.16831683168316
N1,23.5,104,17,-562.5,103.71287128712869
N1,23.5,104,18,-537.5,103.06930693069306
N1,23.5,104,19,-512.5,103.56435643564355
N1,23.5,104,20,-487.5,104.2079207920792
N1,23.5,104,21,-462.5,104.009900990099
N1,23.5,104,22,-437.5,104.35643564356434
N1,23.5,104,23,-412.5,102.47524752475246
N1,23.5,104,24,-387.5,103.11881188118811
N1,23.5,104,25,-362.5,102.87128712871285
N1,23.5,104,26,-337.5,104.65346534653465
N1,23.5,104,27,-312.5,103.2178217821782
N1,23.5,104,28,-287.5,104.05940594059405
N1,23.5,104,29,-262.5,102.52475247524751
N1,23.5,104,30,-237.5,103.06930693069306
N1,23.5,104,31,-212.5,103.86138613861385
N1,23.5,104,32,-187.5,103.2178217821782
N1,23.5,104,33,-162.5,103.3168316831683
N1,23.5,104,34,-137.5,103.6138613861386
N1,23.5,104,35,-112.5,102.87128712871285
N1,23.5,104,36,-87.5,104.55445544554453
N1,23.5,104,37,-62.5,102.9207920792079
N1,23.5,104,38,-37.5,103.8118811881188
N1,23.5,104,39,-12.5,103.66336633663364
N1,23.5,104,40,12.5,102.67326732673266
N1,23.5,104,41,37.5,102.37623762376236
N1,23.5,104,42,62.5,103.3168316831683
N1,23.5,104,43,87.5,101.28712871287128
N1,23.5,104,44,112.5,102.02970297029701
N1,23.5,104,45,137.5,102.47524752475246
N1,23.5,104,46,162.5,102.67326732673266
N1,23.5,104,47,187.5,102.8217821782178
N1,23.5,104,48,212.5,102.77227722772275
N1,23.5,104,49,237.5,102.12871287128712
N1,23.5,104,50,262.5,102.9207920792079
N1,23.5,104,51,287.5,103.71287128712869
N1,23.5,104,52,312.5,102.42574257425741
N1,23.5,104,53,337.5,103.2178217821782
N1,23.5,104,54,362.5,103.86138613861385
N1,23.5,104,55,387.5,103.96039603960395
N1,23.5,104,56,412.5,103.26732673267325
N1,23.5,104,57,437.5,101.13861386138612
N1,23.5,104,58,462.5,102.22772277227722
N1,23.5,104,59,487.5,101.43564356435643
N1,23.5,104,60,512.5,104.60396039603958
N1,23.5,104,61,537.5,102.9207920792079
N1,23.5,104,62,562.5,102.67326732673266
N1,23.5,104,63,587.5,103.46534653465345
N1,23.5,104,64,612.5,102.52475247524751
N1,23.5,104,65,637.5,102.8217821782178
N1,23.5,104,66,662.5,102.27722772277227
N1,23.5,104,67,687.5,102.97029702970296
N1,23.5,104,68,712.5,102.9207920792079
N1,23.5,104,69,737.5,103.4158415841584
N1,23.5,104,70,762.5,101.63366336633662
N1,23.5,104,71,787.5,103.76237623762374
N1,23.5,104,72,812.5,103.36633663366335
N1,23.5,104,73,837.5,103.8118811881188
N1,23.5,104,74,862.5,103.16831683168316
N1,23.5,104,75,887.5,103.86138613861385
N1,23.5,104,76,912.5,102.8217821782178
N1,23.5,104,77,937.5,103.4158415841584
N1,23.5,104,78,962.5,102.32673267326732
N1,23.5,104,79,987.5,103.2178217821782
N1,23.5,105,0,-987.5,41.78217821782177
N1,23.5,105,1,-962.5,100.94059405940592
N1,23.5,105,2,-937.5,103.11881188118811
N1,23.5,105,3,-912.5,103.46534653465345
N1,23.5,105,4,-887.5,103.71287128712869
N1,23.5,105,5,-862.5,103.16831683168316
N1,23.5,105,6,-837.5,103.71287128712869
N1,23.5,105,7,-812.5,103.71287128712869
N1,23.5,105,8,-787.5,102.62376237623761
N1,23.5,105,9,-762.5,104.15841584158414
N1,23.5,105,10,-737.5,103.3168316831683
N1,23.5,105,11,-712.5,104.40594059405939
N1,23.5,105,12,-687.5,103.96039603960395
N1,23.5,105,13,-662.5,103.46534653465345
N1,23.5,105,14,-637.5,103.96039603960395
N1,23.5,105,15,-612.5,103.36633663366335
N1,23.5,105,16,-587.5,104.50495049504948
N1,23.5,105,17,-562.5,103.16831683168316
N1,23.5,105,18,-537.5,103.16831683168316
N1,23.5,105,19,-512.5,103.8118811881188
N1,23.5,105,20,-487.5,102.9207920792079
N1,23.5,105,21,-462.5,101.93069306930691
N1,23.5,105,22,-437.5,104.90099009900989
N1,23.5,105,23,-412.5,103.2178217821782
N1,23.5,105,24,-387.5,104.65346534653465
N1,23.5,105,25,-362.5,105.24752475247523
N1,23.5,105,26,-337.5,104.85148514851484
N1,23.5,105,27,-312.5,102.9207920792079
N1,23.5,105,28,-287.5,103.46534653465345
N1,23.5,105,29,-262.5,103.6138613861386
N1,23.5,105,30,-237.5,104.85148514851484
N1,23.5,105,31,-212.5,101.93069306930691
N1,23.5,105,32,-187.5,103.26732673267325
N1,23.5,105,33,-162.5,103.96039603960395
N1,23.5,105,34,-137.5,105.44554455445542
N1,23.5,105,35,-112.5,103.8118811881188
N1,23.5,105,36,-87.5,103.16831683168316
N1,23.5,105,37,-62.5,102.97029702970296
N1,23.5,105,38,-37.5,103.8118811881188
N1,23.5,105,39,-12.5,104.50495049504948
N1,23.5,105,40,12.5,103.9108910891089
N1,23.5,105,41,37.5,101.13861386138612
N1,23.5,105,42,62.5,101.78217821782177
N1,23.5,105,43,87.5,102.47524752475246
N1,23.5,105,44,112.5,104.45544554455444
N1,23.5,105,45,137.5,102.07920792079206
N1,23.5,105,46,162.5,102.62376237623761
N1,23.5,105,47,187.5,102.37623762376236
N1,23.5,105,48,212.5,101.58415841584157
N1,23.5,105,49,237.5,102.42574257425741
N1,23.5,105,50,262.5,101.28712871287128
N1,23.5,105,51,287.5,103.06930693069306
N1,23.5,105,52,312.5,102.8217821782178
N1,23.5,105,53,337.5,103.4158415841584
N1,23.5,105,54,362.5,101.53465346534652
N1,23.5,105,55,387.5,102.8217821782178
N1,23.5,105,56,412.5,103.3168316831683
N1,23.5,105,57,437.5,103.11881188118811
N1,23.5,105,58,462.5,101.83168316831681
N1,23.5,105,59,487.5,101.78217821782177
N1,23.5,105,60,512.5,102.77227722772275
N1,23.5,105,61,537.5,102.62376237623761
N1,23.5,105,62,562.5,103.8118811881188
N1,23.5,105,63,587.5,101.83168316831681
N1,23.5,105,64,612.5,102.8217821782178
N1,23.5,105,65,637.5,102.17821782178217
N1,23.5,105,66,662.5,102.57425742574256
N1,23.5,105,67,687.5,103.3168316831683
N1,23.5,105,68,712.5,102.22772277227722
N1,23.5,105,69,737.5,101.03960396039602
N1,23.5,105,70,762.5,103.01980198019801
N1,23.5,105,71,787.5,102.07920792079206
N1,23.5,105,72,812.5,102.87128712871285
N1,23.5,105,73,837.5,102.37623762376236
N1,23.5,105,74,862.5,101.68316831683167
N1,23.5,105,75,887.5,101.78217821782177
N1,23.5,105,76,912.5,104.009900990099
N1,23.5,105,77,937.5,102.02970297029701
N1,23.5,105,78,962.5,101.33663366336633
N1,23.5,105,79,987.5,102.42574257425741
N1,36.1,101,0,-987.5,50.89108910891088
N1,36.1,101,1,-962.5,103.2178217821782
N1,36.1,101,2,-937.5,102.87128712871285
N1,36.1,101,3,-912.5,105.14851485148513
N1,36.1,101,4,-887.5,102.32673267326732
N1,36.1,101,5,-862.5,104.009900990099
N1,36.1,101,6,-837.5,101.88118811881186
N1,36.1,101,7,-812.5,103.06930693069306
N1,36.1,101,8,-787.5,104.05940594059405
N1,36.1,101,9,-762.5,104.35643564356434
N1,36.1,101,10,-737.5,104.2079207920792
N1,36.1,101,11,-712.5,102.77227722772275
N1,36.1,101,12,-687.5,103.76237623762374
N1,36.1,101,13,-662.5,103.06930693069306
N1,36.1,101,14,-637.5,102.42574257425741
N1,36.1,101,15,-612.5,103.11881188118811
N1,36.1,101,16,-587.5,104.1089108910891
N1,36.1,101,17,-562.5,103.5148514851485
N1,36.1,101,18,-537.5,102.87128712871285
N1,36.1,101,19,-512.5,104.25742574257424
N1,36.1,101,20,-487.5,103.76237623762374
N1,36.1,101,21,-462.5,103.56435643564355
N1,36.1,101,22,-437.5,103.56435643564355
N1,36.1,101,23,-412.5,104.35643564356434
N1,36.1,101,24,-387.5,103.9108910891089
N1,36.1,101,25,-362.5,104.15841584158414
N1,36.1,101,26,-337.5,102.52475247524751
N1,36.1,101,27,-312.5,104.30693069306929
N1,36.1,101,28,-287.5,102.32673267326732
N1,36.1,101,29,-262.5,104.009900990099
N1,36.1,101,30,-237.5,104.30693069306929
N1,36.1,101,31,-212.5,104.25742574257424
N1,36.1,101,32,-187.5,101.98019801980196
N1,36.1,101,33,-162.5,104.15841584158414
N1,36.1,101,34,-137.5,105.04950495049503
N1,36.1,101,35,-112.5,103.2178217821782
N1,36.1,101,36,-87.5,103.3168316831683
N1,36.1,101,37,-62.5,104.55445544554453
N1,36.1,101,38,-37.5,103.46534653465345
N1,36.1,101,39,-12.5,105.59405940594058
N1,36.1,101,40,12.5,103.11881188118811
N1,36.1,101,41,37.5,104.05940594059405
N1,36.1,101,42,62.5,101.83168316831681
N1,36.1,101,43,87.5,103.11881188118811
N1,36.1,101,44,112.5,102.02970297029701
N1,36.1,101,45,137.5,101.68316831683167
N1,36.1,101,46,162.5,102.7227722772277
N1,36.1,101,47,187.5,101.78217821782177
N1,36.1,101,48,212.5,101.38613861386138
N1,36.1,101,49,237.5,104.05940594059405
N1,36.1,101,50,262.5,100.64356435643563
N1,36.1,101,51,287.5,103.96039603960395
N1,36.1,101,52,312.5,103.6138613861386
N1,36.1,101,53,337.5,102.42574257425741
N1,36.1,101,54,362.5,103.76237623762374
N1,36.1,101,55,387.5,101.03960396039602
N1,36.1,101,56,412.5,104.90099009900989
N1,36.1,101,57,437.5,101.78217821782177
N1,36.1,101,58,462.5,101.78217821782177
N1,36.1,101,59,487.5,101.03960396039602
N1,36.1,101,60,512.5,102.87128712871285
N1,36.1,101,61,537.5,103.8118811881188
N1,36.1,101,62,562.5,103.4158415841584
N1,36.1,101,63,587.5,103.2178217821782
N1,36.1,101,64,612.5,103.01980198019801
N1,36.1,101,65,637.5,102.02970297029701
N1,36.1,101,66,662.5,102.02970297029701
N1,36.1,101,67,687.5,101.63366336633662
N1,36.1,101,68,712.5,103.9108910891089
N1,36.1,101,69,737.5,103.76237623762374
N1,36.1,101,70,762.5,102.02970297029701
N1,36.1,101,71,787.5,101.43564356435643
N1,36.1,101,72,812.5,103.56435643564355
N1,36.1,101,73,837.5,101.73267326732672
N1,36.1,101,74,862.5,102.42574257425741
N1,36.1,101,75,887.5,102.32673267326732
N1,36.1,101,76,912.5,102.47524752475246
N1,36.1,101,77,937.5,103.4158415841584
N1,36.1,101,78,962.5,102.87128712871285
N1,36.1,101,79,987.5,102.37623762376236
N1,36.1,102,0,-987.5,47.77227722772277
N1,36.1,102,1,-962.5,102.52475247524751
N1,36.1,102,2,-937.5,104.1089108910891
N1,36.1,102,3,-912.5,105.24752475247523
N1,36.1,102,4,-887.5,102.22772277227722
N1,36.1,102,5,-862.5,104.35643564356434
N1,36.1,102,6,-837.5,103.36633663366335
N1,36.1,102,7,-812.5,103.86138613861385
N1,36.1,102,8,-787.5,102.8217821782178
N1,36.1,102,9,-762.5,103.66336633663364
N1,36.1,102,10,-737.5,104.2079207920792
N1,36.1,102,11,-712.5,105.39603960396038
N1,36.1,102,12,-687.5,103.56435643564355
N1,36.1,102,13,-662.5,104.30693069306929
N1,36.1,102,14,-637.5,104.90099009900989
N1,36.1,102,15,-612.5,102.02970297029701
N1,36.1,102,16,-587.5,103.76237623762374
N1,36.1,102,17,-562.5,104.35643564356434
N1,36.1,102,18,-537.5,103.4158415841584
N1,36.1,102,19,-512.5,103.3168316831683
N1,36.1,102,20,-487.5,102.87128712871285
N1,36.1,102,21,-462.5,104.85148514851484
N1,36.1,102,22,-437.5,104.15841584158414
N1,36.1,102,23,-412.5,104.45544554455444
N1,36.1,102,24,-387.5,102.22772277227722
N1,36.1,102,25,-362.5,105.29702970297028
N1,36.1,102,26,-337.5,103.9108910891089
N1,36.1,102,27,-312.5,103.5148514851485
N1,36.1,102,28,-287.5,104.85148514851484
N1,36.1,102,29,-262.5,103.56435643564355
N1,36.1,102,30,-237.5,103.11881188118811
N1,36.1,102,31,-212.5,103.8118811881188
N1,36.1,102,32,-187.5,104.65346534653465
N1,36.1,102,33,-162.5,103.86138613861385
N1,36.1,102,34,-137.5,102.87128712871285
N1,36.1,102,35,-112.5,104.1089108910891
N1,36.1,102,36,-87.5,104.05940594059405
N1,36.1,102,37,-62.5,103.3168316831683
N1,36.1,102,38,-37.5,104.55445544554453
N1,36.1,102,39,-12.5,103.56435643564355
N1,36.1,102,40,12.5,104.50495049504948
N1,36.1,102,41,37.5,101.93069306930691
N1,36.1,102,42,62.5,102.17821782178217
N1,36.1,102,43,87.5,103.9108910891089
N1,36.1,102,44,112.5,101.73267326732672
N1,36.1,102,45,137.5,102.67326732673266
N1,36.1,102,46,162.5,103.56435643564355
N1,36.1,102,47,187.5,100.64356435643563
N1,36.1,102,48,212.5,102.27722772277227
N1,36.1,102,49,237.5,103.76237623762374
N1,36.1,102,50,262.5,101.28712871287128
N1,36.1,102,51,287.5,101.88118811881186
N1,36.1,102,52,312.5,103.2178217821782
N1,36.1,102,53,337.5,102.52475247524751
N1,36.1,102,54,362.5,102.67326732673266
N1,36.1,102,55,387.5,102.97029702970296
N1,36.1,102,56,412.5,101.83168316831681
N1,36.1,102,57,437.5,101.58415841584157
N1,36.1,102,58,462.5,101.18811881188117
N1,36.1,102,59,487.5,103.71287128712869
N1,36.1,102,60,512.5,103.26732673267325
N1,36.1,102,61,537.5,100.99009900990097
N1,36.1,102,62,562.5,103.2178217821782
N1,36.1,102,63,587.5,104.05940594059405
N1,36.1,102,64,612.5,101.33663366336633
N1,36.1,102,65,637.5,102.02970297029701
N1,36.1,102,66,662.5,103.5148514851485
N1,36.1,102,67,687.5,102.9207920792079
N1,36.1,102,68,712.5,103.46534653465345
N1,36.1,102,69,737.5,100.94059405940592
N1,36.1,102,70,762.5,103.4158415841584
N1,36.1,102,71,787.5,101.83168316831681
N1,36.1,102,72,812.5,102.47524752475246
N1,36.1,102,73,837.5,103.06930693069306
N1,36.1,102,74,862.5,102.67326732673266
N1,36.1,102,75,887.5,101.93069306930691
N1,36.1,102,76,912.5,104.75247524752474
N1,36.1,102,77,937.5,102.32673267326732
N1,36.1,102,78,962.5,102.07920792079206
N1,36.1,102,79,987.5,101.93069306930691
N1,36.1,103,0,-987.5,54.6039603960396
N1,36.1,103,1,-962.5,103.16831683168316
N1,36.1,103,2,-937.5,104.05940594059405
N1,36.1,103,3,-912.5,104.50495049504948
N1,36.1,103,4,-887.5,103.9108910891089
N1,36.1,103,5,-862.5,104.45544554455444
N1,36.1,103,6,-837.5,104.25742574257424
N1,36.1,103,7,-812.5,102.9207920792079
N1,36.1,103,8,-787.5,104.35643564356434
N1,36.1,103,9,-762.5,104.65346534653465
N1,36.1,103,10,-737.5,103.4158415841584
N1,36.1,103,11,-712.5,103.76237623762374
N1,36.1,103,12,-687.5,104.50495049504948
N1,36.1,103,13,-662.5,104.25742574257424
N1,36.1,103,14,-637.5,103.06930693069306
N1,36.1,103,15,-612.5,103.26732673267325
N1,36.1,103,16,-587.5,104.85148514851484
N1,36.1,103,17,-562.5,105.19801980198018
N1,36.1,103,18,-537.5,104.90099009900989
N1,36.1,103,19,-512.5,103.56435643564355
N1,36.1,103,20,-487.5,105.14851485148513
N1,36.1,103,21,-462.5,105.94059405940592
N1,36.1,103,22,-437.5,102.97029702970296
N1,36.1,103,23,-412.5,104.50495049504948
N1,36.1,103,24,-387.5,104.05940594059405
N1,36.1,103,25,-362.5,103.16831683168316
N1,36.1,103,26,-337.5,104.40594059405939
N1,36.1,103,27,-312.5,102.27722772277227
N1,36.1,103,28,-287.5,105.29702970297028
N1,36.1,103,29,-262.5,102.77227722772275
N1,36.1,103,30,-237.5,103.86138613861385
N1,36.1,103,31,-212.5,103.5148514851485
N1,36.1,103,32,-187.5,102.67326732673266
N1,36.1,103,33,-162.5,104.15841584158414
N1,36.1,103,34,-137.5,103.6138613861386
N1,36.1,103,35,-112.5,103.01980198019801
N1,36.1,103,36,-87.5,104.99999999999999
N1,36.1,103,37,-62.5,103.36633663366335
N1,36.1,103,38,-37.5,103.71287128712869
N1,36.1,103,39,-12.5,105.74257425742573
N1,36.1,103,40,12.5,102.37623762376236
N1,36.1,103,41,37.5,103.96039603960395
N1,36.1,103,42,62.5,101.63366336633662
N1,36.1,103,43,87.5,103.36633663366335
N1,36.1,103,44,112.5,102.77227722772275
N1,36.1,103,45,137.5,103.66336633663364
N1,36.1,103,46,162.5,101.48514851485147
N1,36.1,103,47,187.5,100.84158415841583
N1,36.1,103,48,212.5,105.59405940594058
N1,36.1,103,49,237.5,101.53465346534652
N1,36.1,103,50,262.5,102.9207920792079
N1,36.1,103,51,287.5,103.2178217821782
N1,36.1,103,52,312.5,103.06930693069306
N1,36.1,103,53,337.5,101.73267326732672
N1,36.1,103,54,362.5,102.37623762376236
N1,36.1,103,55,387.5,103.3168316831683
N1,36.1,103,56,412.5,103.11881188118811
N1,36.1,103,57,437.5,103.46534653465345
N1,36.1,103,58,462.5,100.44554455445544
N1,36.1,103,59,487.5,103.56435643564355
N1,36.1,103,60,512.5,103.16831683168316
N1,36.1,103,61,537.5,101.23762376237622
N1,36.1,103,62,562.5,102.37623762376236
N1,36.1,103,63,587.5,102.87128712871285
N1,36.1,103,64,612.5,103.8118811881188
N1,36.1,103,65,637.5,102.67326732673266
N1,36.1,103,66,662.5,103.66336633663364
N1,36.1,103,67,687.5,102.32673267326732
N1,36.1,103,68,712.5,102.47524752475246
N1,36.1,103,69,737.5,103.56435643564355
N1,36.1,103,70,762.5,102.8217821782178
N1,36.1,103,71,787.5,102.9207920792079
N1,36.1,103,72,812.5,103.5148514851485
N1,36.1,103,73,837.5,103.46534653465345
N1,36.1,103,74,862.5,102.32673267326732
N1,36.1,103,75,887.5,103.56435643564355
N1,36.1,103,76,912.5,102.42574257425741
N1,36.1,103,77,937.5,101.83168316831681
N1,36.1,103,78,962.5,102.8217821782178
N1,36.1,103,79,987.5,101.93069306930691
N1,36.1,104,0,-987.5,47.574257425742566
N1,36.1,104,1,-962.5,102.37623762376236
N1,36.1,104,2,-937.5,103.56435643564355
N1,36.1,104,3,-912.5,104.1089108910891
N1,36.1,104,4,-887.5,104.90099009900989
N1,36.1,104,5,-862.5,103.01980198019801
N1,36.1,104,6,-837.5,104.30693069306929
N1,36.1,104,7,-812.5,103.16831683168316
N1,36.1,104,8,-787.5,103.11881188118811
N1,36.1,104,9,-762.5,104.90099009900989
N1,36.1,104,10,-737.5,104.75247524752474
N1,36.1,104,11,-712.5,102.7227722772277
N1,36.1,104,12,-687.5,105.59405940594058
N1,36.1,104,13,-662.5,104.25742574257424
N1,36.1,104,14,-637.5,104.30693069306929
N1,36.1,104,15,-612.5,104.85148514851484
N1,36.1,104,16,-587.5,104.60396039603958
N1,36.1,104,17,-562.5,104.60396039603958
N1,36.1,104,18,-537.5,103.2178217821782
N1,36.1,104,19,-512.5,103.6138613861386
N1,36.1,104,20,-487.5,103.46534653465345
N1,36.1,104,21,-462.5,103.76237623762374
N1,36.1,104,22,-437.5,102.97029702970296
N1,36.1,104,23,-412.5,103.71287128712869
N1,36.1,104,24,-387.5,104.2079207920792
N1,36.1,104,25,-362.5,104.50495049504948
N1,36.1,104,26,-337.5,102.52475247524751
N1,36.1,104,27,-312.5,103.9108910891089
N1,36.1,104,28,-287.5,103.9108910891089
N1,36.1,104,29,-262.5,104.15841584158414
N1,36.1,104,30,-237.5,102.67326732673266
N1,36.1,104,31,-212.5,104.65346534653465
N1,36.1,104,32,-187.5,104.60396039603958
N1,36.1,104,33,-162.5,103.4158415841584
N1,36.1,104,34,-137.5,103.11881188118811
N1,36.1,104,35,-112.5,104.45544554455444
N1,36.1,104,36,-87.5,103.8118811881188
N1,36.1,104,37,-62.5,103.16831683168316
N1,36.1,104,38,-37.5,104.60396039603958
N1,36.1,104,39,-12.5,103.11881188118811
N1,36.1,104,40,12.5,102.57425742574256
N1,36.1,104,41,37.5,102.02970297029701
N1,36.1,104,42,62.5,102.07920792079206
N1,36.1,104,43,87.5,102.8217821782178
N1,36.1,104,44,112.5,102.12871287128712
N1,36.1,104,45,137.5,102.42574257425741
N1,36.1,104,46,162.5,103.3168316831683
N1,36.1,104,47,187.5,102.22772277227722
N1,36.1,104,48,212.5,102.17821782178217
N1,36.1,104,49,237.5,103.5148514851485
N1,36.1,104,50,262.5,102.52475247524751
N1,36.1,104,51,287.5,102.12871287128712
N1,36.1,104,52,312.5,103.66336633663364
N1,36.1,104,53,337.5,102.7227722772277
N1,36.1,104,54,362.5,102.37623762376236
N1,36.1,104,55,387.5,103.76237623762374
N1,36.1,104,56,412.5,101.23762376237622
N1,36.1,104,57,437.5,103.9108910891089
N1,36.1,104,58,462.5,103.3168316831683
N1,36.1,104,59,487.5,101.13861386138612
N1,36.1,104,60,512.5,102.27722772277227
N1,36.1,104,61,537.5,102.47524752475246
N1,36.1,104,62,562.5,103.2178217821782
N1,36.1,104,63,587.5,103.16831683168316
N1,36.1,104,64,612.5,102.37623762376236
N1,36.1,104,65,637.5,101.03960396039602
N1,36.1,104,66,662.5,103.06930693069306
N1,36.1,104,67,687.5,101.53465346534652
N1,36.1,104,68,712.5,102.62376237623761
N1,36.1,104,69,737.5,101.58415841584157
N1,36.1,104,70,762.5,102.42574257425741
N1,36.1,104,71,787.5,101.58415841584157
N1,36.1,104,72,812.5,100.94059405940592
N1,36.1,104,73,837.5,103.16831683168316
N1,36.1,104,74,862.5,102.7227722772277
N1,36.1,104,75,887.5,103.4158415841584
N1,36.1,104,76,912.5,101.53465346534652
N1,36.1,104,77,937.5,105.09900990099008
N1,36.1,104,78,962.5,102.37623762376236
N1,36.1,104,79,987.5,101.93069306930691
N1,36.1,105,0,-987.5,48.9108910891089
N1,36.1,105,1,-962.5,101.88118811881186
N1,36.1,105,2,-937.5,104.15841584158414
N1,36.1,105,3,-912.5,104.40594059405939
N1,36.1,105,4,-887.5,103.9108910891089
N1,36.1,105,5,-862.5,103.86138613861385
N1,36.1,105,6,-837.5,103.71287128712869
N1,36.1,105,7,-812.5,104.45544554455444
N1,36.1,105,8,-787.5,103.16831683168316
N1,36.1,105,9,-762.5,104.7029702970297
N1,36.1,105,10,-737.5,104.2079207920792
N1,36.1,105,11,-712.5,104.55445544554453
N1,36.1,105,12,-687.5,105.24752475247523
N1,36.1,105,13,-662.5,102.42574257425741
N1,36.1,105,14,-637.5,105.59405940594058
N1,36.1,105,15,-612.5,102.62376237623761
N1,36.1,105,16,-587.5,103.66336633663364
N1,36.1,105,17,-562.5,103.2178217821782
N1,36.1,105,18,-537.5,102.9207920792079
N1,36.1,105,19,-512.5,105.74257425742573
N1,36.1,105,20,-487.5,104.75247524752474
N1,36.1,105,21,-462.5,103.86138613861385
N1,36.1,105,22,-437.5,103.96039603960395
N1,36.1,105,23,-412.5,103.01980198019801
N1,36.1,105,24,-387.5,105.24752475247523
N1,36.1,105,25,-362.5,103.5148514851485
N1,36.1,105,26,-337.5,104.50495049504948
N1,36.1,105,27,-312.5,104.45544554455444
N1,36.1,105,28,-287.5,103.9108910891089
N1,36.1,105,29,-262.5,102.07920792079206
N1,36.1,105,30,-237.5,104.40594059405939
N1,36.1,105,31,-212.5,103.36633663366335
N1,36.1,105,32,-187.5,105.09900990099008
N1,36.1,105,33,-162.5,103.11881188118811
N1,36.1,105,34,-137.5,103.71287128712869
N1,36.1,105,35,-112.5,103.36633663366335
N1,36.1,105,36,-87.5,103.71287128712869
N1,36.1,105,37,-62.5,104.40594059405939
N1,36.1,105,38,-37.5,103.3168316831683
N1,36.1,105,39,-12.5,103.26732673267325
N1,36.1,105,40,12.5,103.36633663366335
N1,36.1,105,41,37.5,102.97029702970296
N1,36.1,105,42,62.5,102.22772277227722
N1,36.1,105,43,87.5,101.18811881188117
N1,36.1,105,44,112.5,102.97029702970296
N1,36.1,105,45,137.5,101.83168316831681
N1,36.1,105,46,162.5,102.47524752475246
N1,36.1,105,47,187.5,103.8118811881188
N1,36.1,105,48,212.5,102.87128712871285
N1,36.1,105,49,237.5,102.62376237623761
N1,36.1,105,50,262.5,99.90099009900989
N1,36.1,105,51,287.5,103.2178217821782
N1,36.1,105,52,312.5,102.37623762376236
N1,36.1,105,53,337.5,102.57425742574256
N1,36.1,105,54,362.5,101.83168316831681
N1,36.1,105,55,387.5,102.37623762376236
N1,36.1,105,56,412.5,101.43564356435643
N1,36.1,105,57,437.5,102.62376237623761
N1,36.1,105,58,462.5,102.9207920792079
N1,36.1,105,59,487.5,102.7227722772277
N1,36.1,105,60,512.5,101.38613861386138
N1,36.1,105,61,537.5,102.27722772277227
N1,36.1,105,62,562.5,103.36633663366335
N1,36.1,105,63,587.5,104.05940594059405
N1,36.1,105,64,612.5,102.42574257425741
N1,36.1,105,65,637.5,102.27722772277227
N1,36.1,105,66,662.5,102.32673267326732
N1,36.1,105,67,687.5,102.8217821782178
N1,36.1,105,68,712.5,102.32673267326732
N1,36.1,105,69,737.5,103.36633663366335
N1,36.1,105,70,762.5,101.48514851485147
N1,36.1,105,71,787.5,102.17821782178217
N1,36.1,105,72,812.5,101.73267326732672
N1,36.1,105,73,837.5,103.11881188118811
N1,36.1,105,74,862.5,103.6138613861386
N1,36.1,105,75,887.5,102.52475247524751
N1,36.1,105,76,912.5,103.16831683168316
N1,36.1,105,77,937.5,102.02970297029701
N1,36.1,105,78,962.5,102.57425742574256
N1,36.1,105,79,987.5,103.71287128712869
N1,55.4,101,0,-987.5,54.405940594059395
N1,55.4,101,1,-962.5,104.1089108910891
N1,55.4,101,2,-937.5,104.50495049504948
N1,55.4,101,3,-912.5,105.44554455445542
N1,55.4,101,4,-887.5,104.55445544554453
N1,55.4,101,5,-862.5,105.49504950495049
N1,55.4,101,6,-837.5,104.60396039603958
N1,55.4,101,7,-812.5,102.87128712871285
N1,55.4,101,8,-787.5,104.60396039603958
N1,55.4,101,9,-762.5,104.80198019801979
N1,55.4,101,10,-737.5,103.46534653465345
N1,55.4,101,11,-712.5,104.1089108910891
N1,55.4,101,12,-687.5,104.85148514851484
N1,55.4,101,13,-662.5,104.1089108910891
N1,55.4,101,14,-637.5,105.84158415841583
N1,55.4,101,15,-612.5,102.07920792079206
N1,55.4,101,16,-587.5,105.89108910891088
N1,55.4,101,17,-562.5,105.09900990099008
N1,55.4,101,18,-537.5,102.27722772277227
N1,55.4,101,19,-512.5,105.14851485148513
N1,55.4,101,20,-487.5,104.75247524752474
N1,55.4,101,21,-462.5,104.90099009900989
N1,55.4,101,22,-437.5,103.6138613861386
N1,55.4,101,23,-412.5,105.04950495049503
N1,55.4,101,24,-387.5,104.80198019801979
N1,55.4,101,25,-362.5,104.95049504950494
N1,55.4,101,26,-337.5,104.30693069306929
N1,55.4,101,27,-312.5,104.80198019801979
N1,55.4,101,28,-287.5,104.80198019801979
N1,55.4,101,29,-262.5,106.38613861386138
N1,55.4,101,30,-237.5,103.6138613861386
N1,55.4,101,31,-212.5,105.04950495049503
N1,55.4,101,32,-187.5,103.01980198019801
N1,55.4,101,33,-162.5,104.60396039603958
N1,55.4,101,34,-137.5,103.56435643564355
N1,55.4,101,35,-112.5,105.29702970297028
N1,55.4,101,36,-87.5,103.86138613861385
N1,55.4,101,37,-62.5,103.9108910891089
N1,55.4,101,38,-37.5,105.34653465346533
N1,55.4,101,39,-12.5,104.95049504950494
N1,55.4,101,40,12.5,103.3168316831683
N1,55.4,101,41,37.5,103.96039603960395
N1,55.4,101,42,62.5,102.42574257425741
N1,55.4,101,43,87.5,102.8217821782178
N1,55.4,101,44,112.5,103.6138613861386
N1,55.4,101,45,137.5,101.73267326732672
N1,55.4,101,46,162.5,103.36633663366335
N1,55.4,101,47,187.5,102.22772277227722
N1,55.4,101,48,212.5,101.43564356435643
N1,55.4,101,49,237.5,100.94059405940592
N1,55.4,101,50,262.5,103.46534653465345
N1,55.4,101,51,287.5,103.26732673267325
N1,55.4,101,52,312.5,102.02970297029701
N1,55.4,101,53,337.5,101.28712871287128
N1,55.4,101,54,362.5,102.22772277227722
N1,55.4,101,55,387.5,102.62376237623761
N1,55.4,101,56,412.5,102.32673267326732
N1,55.4,101,57,437.5,103.26732673267325
N1,55.4,101,58,462.5,101.23762376237622
N1,55.4,101,59,487.5,102.7227722772277
N1,55.4,101,60,512.5,102.7227722772277
N1,55.4,101,61,537.5,102.37623762376236
N1,55.4,101,62,562.5,101.73267326732672
N1,55.4,101,63,587.5,101.63366336633662
N1,55.4,101,64,612.5,103.56435643564355
N1,55.4,101,65,637.5,102.32673267326732
N1,55.4,101,66,662.5,102.37623762376236
N1,55.4,101,67,687.5,102.87128712871285
N1,55.4,101,68,712.5,103.2178217821782
N1,55.4,101,69,737.5,102.7227722772277
N1,55.4,101,70,762.5,102.22772277227722
N1,55.4,101,71,787.5,101.38613861386138
N1,55.4,101,72,812.5,103.11881188118811
N1,55.4,101,73,837.5,100.84158415841583
N1,55.4,101,74,862.5,103.11881188118811
N1,55.4,101,75,887.5,102.42574257425741
N1,55.4,101,76,912.5,103.2178217821782
N1,55.4,101,77,937.5,102.47524752475246
N1,55.4,101,78,962.5,101.98019801980196
N1,55.4,101,79,987.5,102.12871287128712
N1,55.4,102,0,-987.5,52.920792079207914
N1,55.4,102,1,-962.5,104.1089108910891
N1,55.4,102,2,-937.5,104.2079207920792
N1,55.4,102,3,-912.5,105.19801980198018
N1,55.4,102,4,-887.5,105.29702970297028
N1,55.4,102,5,-862.5,104.05940594059405
N1,55.4,102,6,-837.5,104.30693069306929
N1,55.4,102,7,-812.5,104.85148514851484
N1,55.4,102,8,-787.5,104.15841584158414
N1,55.4,102,9,-762.5,104.40594059405939
N1,55.4,102,10,-737.5,105.09900990099008
N1,55.4,102,11,-712.5,105.09900990099008
N1,55.4,102,12,-687.5,104.1089108910891
N1,55.4,102,13,-662.5,104.45544554455444
N1,55.4,102,14,-637.5,103.86138613861385
N1,55.4,102,15,-612.5,104.30693069306929
N1,55.4,102,16,-587.5,105.19801980198018
N1,55.4,102,17,-562.5,104.009900990099
N1,55.4,102,18,-537.5,105.14851485148513
N1,55.4,102,19,-512.5,104.35643564356434
N1,55.4,102,20,-487.5,105.74257425742573
N1,55.4,102,21,-462.5,103.9108910891089
N1,55.4,102,22,-437.5,104.65346534653465
N1,55.4,102,23,-412.5,106.83168316831681
N1,55.4,102,24,-387.5,103.71287128712869
N1,55.4,102,25,-362.5,104.2079207920792
N1,55.4,102,26,-337.5,104.25742574257424
N1,55.4,102,27,-312.5,104.65346534653465
N1,55.4,102,28,-287.5,104.75247524752474
N1,55.4,102,29,-262.5,105.44554455445542
N1,55.4,102,30,-237.5,104.35643564356434
N1,55.4,102,31,-212.5,104.45544554455444
N1,55.4,102,32,-187.5,103.96039603960395
N1,55.4,102,33,-162.5,104.7029702970297
N1,55.4,102,34,-137.5,104.99999999999999
N1,55.4,102,35,-112.5,104.2079207920792
N1,55.4,102,36,-87.5,104.25742574257424
N1,55.4,102,37,-62.5,104.05940594059405
N1,55.4,102,38,-37.5,104.45544554455444
N1,55.4,102,39,-12.5,104.65346534653465
N1,55.4,102,40,12.5,103.2178217821782
N1,55.4,102,41,37.5,102.77227722772275
N1,55.4,102,42,62.5,102.22772277227722
N1,55.4,102,43,87.5,103.01980198019801
N1,55.4,102,44,112.5,101.53465346534652
N1,55.4,102,45,137.5,102.17821782178217
N1,55.4,102,46,162.5,102.47524752475246
N1,55.4,102,47,187.5,102.22772277227722
N1,55.4,102,48,212.5,102.8217821782178
N1,55.4,102,49,237.5,103.26732673267325
N1,55.4,102,50,262.5,101.18811881188117
N1,55.4,102,51,287.5,104.25742574257424
N1,55.4,102,52,312.5,104.30693069306929
N1,55.4,102,53,337.5,101.98019801980196
N1,55.4,102,54,362.5,100.79207920792078
N1,55.4,102,55,387.5,102.37623762376236
N1,55.4,102,56,412.5,101.93069306930691
N1,55.4,102,57,437.5,102.52475247524751
N1,55.4,102,58,462.5,102.42574257425741
N1,55.4,102,59,487.5,103.3168316831683
N1,55.4,102,60,512.5,103.2178217821782
N1,55.4,102,61,537.5,103.46534653465345
N1,55.4,102,62,562.5,101.63366336633662
N1,55.4,102,63,587.5,102.97029702970296
N1,55.4,102,64,612.5,102.87128712871285
N1,55.4,102,65,637.5,103.11881188118811
N1,55.4,102,66,662.5,101.58415841584157
N1,55.4,102,67,687.5,103.86138613861385
N1,55.4,102,68,712.5,102.97029702970296
N1,55.4,102,69,737.5,102.17821782178217
N1,55.4,102,70,762.5,102.57425742574256
N1,55.4,102,71,787.5,103.5148514851485
N1,55.4,102,72,812.5,103.4158415841584
N1,55.4,102,73,837.5,102.37623762376236
N1,55.4,102,74,862.5,102.17821782178217
N1,55.4,102,75,887.5,103.3168316831683
N1,55.4,102,76,912.5,100.69306930693068
N1,55.4,102,77,937.5,102.77227722772275
N1,55.4,102,78,962.5,103.11881188118811
N1,55.4,102,79,987.5,102.32673267326732
N1,55.4,103,0,-987.5,56.485148514851474
N1,55.4,103,1,-962.5,104.85148514851484
N1,55.4,103,2,-937.5,104.009900990099
N1,55.4,103,3,-912.5,103.6138613861386
N1,55.4,103,4,-887.5,104.60396039603958
N1,55.4,103,5,-862.5,104.2079207920792
N1,55.4,103,6,-837.5,104.1089108910891
N1,55.4,103,7,-812.5,104.99999999999999
N1,55.4,103,8,-787.5,105.79207920792078
N1,55.4,103,9,-762.5,104.99999999999999
N1,55.4,103,10,-737.5,104.99999999999999
N1,55.4,103,11,-712.5,103.56435643564355
N1,55.4,103,12,-687.5,103.3168316831683
N1,55.4,103,13,-662.5,105.24752475247523
N1,55.4,103,14,-637.5,104.40594059405939
N1,55.4,103,15,-612.5,103.9108910891089
N1,55.4,103,16,-587.5,104.75247524752474
N1,55.4,103,17,-562.5,104.30693069306929
N1,55.4,103,18,-537.5,104.75247524752474
N1,55.4,103,19,-512.5,105.19801980198018
N1,55.4,103,20,-487.5,104.30693069306929
N1,55.4,103,21,-462.5,105.94059405940592
N1,55.4,103,22,-437.5,104.90099009900989
N1,55.4,103,23,-412.5,103.6138613861386
N1,55.4,103,24,-387.5,104.45544554455444
N1,55.4,103,25,-362.5,105.29702970297028
N1,55.4,103,26,-337.5,105.04950495049503
N1,55.4,103,27,-312.5,103.56435643564355
N1,55.4,103,28,-287.5,104.40594059405939
N1,55.4,103,29,-262.5,105.79207920792078
N1,55.4,103,30,-237.5,103.3168316831683
N1,55.4,103,31,-212.5,104.75247524752474
N1,55.4,103,32,-187.5,105.14851485148513
N1,55.4,103,33,-162.5,104.30693069306929
N1,55.4,103,34,-137.5,105.64356435643563
N1,55.4,103,35,-112.5,104.75247524752474
N1,55.4,103,36,-87.5,104.05940594059405
N1,55.4,103,37,-62.5,103.5148514851485
N1,55.4,103,38,-37.5,105.69306930693068
N1,55.4,103,39,-12.5,105.24752475247523
N1,55.4,103,40,12.5,102.32673267326732
N1,55.4,103,41,37.5,102.22772277227722
N1,55.4,103,42,62.5,102.27722772277227
N1,55.4,103,43,87.5,104.05940594059405
N1,55.4,103,44,112.5,102.52475247524751
N1,55.4,103,45,137.5,101.53465346534652
N1,55.4,103,46,162.5,104.7029702970297
N1,55.4,103,47,187.5,101.73267326732672
N1,55.4,103,48,212.5,104.40594059405939
N1,55.4,103,49,237.5,101.93069306930691
N1,55.4,103,50,262.5,102.12871287128712
N1,55.4,103,51,287.5,102.97029702970296
N1,55.4,103,52,312.5,103.6138613861386
N1,55.4,103,53,337.5,103.5148514851485
N1,55.4,103,54,362.5,102.32673267326732
N1,55.4,103,55,387.5,102.17821782178217
N1,55.4,103,56,412.5,103.11881188118811
N1,55.4,103,57,437.5,102.47524752475246
N1,55.4,103,58,462.5,101.88118811881186
N1,55.4,103,59,487.5,102.17821782178217
N1,55.4,103,60,512.5,103.11881188118811
N1,55.4,103,61,537.5,103.16831683168316
N1,55.4,103,62,562.5,102.9207920792079
N1,55.4,103,63,587.5,102.07920792079206
N1,55.4,103,64,612.5,102.8217821782178
N1,55.4,103,65,637.5,103.26732673267325
N1,55.4,103,66,662.5,102.27722772277227
N1,55.4,103,67,687.5,103.76237623762374
N1,55.4,103,68,712.5,102.17821782178217
N1,55.4,103,69,737.5,103.16831683168316
N1,55.4,103,70,762.5,102.87128712871285
N1,55.4,103,71,787.5,103.76237623762374
N1,55.4,103,72,812.5,102.22772277227722
N1,55.4,103,73,837.5,102.97029702970296
N1,55.4,103,74,862.5,102.87128712871285
N1,55.4,103,75,887.5,102.12871287128712
N1,55.4,103,76,912.5,102.9207920792079
N1,55.4,103,77,937.5,103.01980198019801
N1,55.4,103,78,962.5,102.62376237623761
N1,55.4,103,79,987.5,102.8217821782178
N1,55.4,104,0,-987.5,53.26732673267326
N1,55.4,104,1,-962.5,103.46534653465345
N1,55.4,104,2,-937.5,104.60396039603958
N1,55.4,104,3,-912.5,105.04950495049503
N1,55.4,104,4,-887.5,104.30693069306929
N1,55.4,104,5,-862.5,104.65346534653465
N1,55.4,104,6,-837.5,105.09900990099008
N1,55.4,104,7,-812.5,104.30693069306929
N1,55.4,104,8,-787.5,105.39603960396038
N1,55.4,104,9,-762.5,104.15841584158414
N1,55.4,104,10,-737.5,103.96039603960395
N1,55.4,104,11,-712.5,103.4158415841584
N1,55.4,104,12,-687.5,104.40594059405939
N1,55.4,104,13,-662.5,105.94059405940592
N1,55.4,104,14,-637.5,104.05940594059405
N1,55.4,104,15,-612.5,103.66336633663364
N1,55.4,104,16,-587.5,105.34653465346533
N1,55.4,104,17,-562.5,103.26732673267325
N1,55.4,104,18,-537.5,104.95049504950494
N1,55.4,104,19,-512.5,102.52475247524751
N1,55.4,104,20,-487.5,105.14851485148513
N1,55.4,104,21,-462.5,104.95049504950494
N1,55.4,104,22,-437.5,102.37623762376236
N1,55.4,104,23,-412.5,106.83168316831681
N1,55.4,104,24,-387.5,104.85148514851484
N1,55.4,104,25,-362.5,104.25742574257424
N1,55.4,104,26,-337.5,104.1089108910891
N1,55.4,104,27,-312.5,104.25742574257424
N1,55.4,104,28,-287.5,103.16831683168316
N1,55.4,104,29,-262.5,104.1089108910891
N1,55.4,104,30,-237.5,103.01980198019801
N1,55.4,104,31,-212.5,106.23762376237622
N1,55.4,104,32,-187.5,104.85148514851484
N1,55.4,104,33,-162.5,104.60396039603958
N1,55.4,104,34,-137.5,104.009900990099
N1,55.4,104,35,-112.5,105.59405940594058
N1,55.4,104,36,-87.5,103.8118811881188
N1,55.4,104,37,-62.5,105.44554455445542
N1,55.4,104,38,-37.5,104.95049504950494
N1,55.4,104,39,-12.5,104.60396039603958
N1,55.4,104,40,12.5,104.50495049504948
N1,55.4,104,41,37.5,102.87128712871285
N1,55.4,104,42,62.5,101.88118811881186
N1,55.4,104,43,87.5,103.26732673267325
N1,55.4,104,44,112.5,102.67326732673266
N1,55.4,104,45,137.5,102.02970297029701
N1,55.4,104,46,162.5,102.8217821782178
N1,55.4,104,47,187.5,102.37623762376236
N1,55.4,104,48,212.5,103.56435643564355
N1,55.4,104,49,237.5,103.16831683168316
N1,55.4,104,50,262.5,101.93069306930691
N1,55.4,104,51,287.5,103.5148514851485
N1,55.4,104,52,312.5,103.2178217821782
N1,55.4,104,53,337.5,102.27722772277227
N1,55.4,104,54,362.5,103.2178217821782
N1,55.4,104,55,387.5,104.1089108910891
N1,55.4,104,56,412.5,103.3168316831683
N1,55.4,104,57,437.5,102.67326732673266
N1,55.4,104,58,462.5,102.67326732673266
N1,55.4,104,59,487.5,102.22772277227722
N1,55.4,104,60,512.5,102.32673267326732
N1,55.4,104,61,537.5,104.2079207920792
N1,55.4,104,62,562.5,100.79207920792078
N1,55.4,104,63,587.5,103.2178217821782
N1,55.4,104,64,612.5,104.05940594059405
N1,55.4,104,65,637.5,102.97029702970296
N1,55.4,104,66,662.5,101.98019801980196
N1,55.4,104,67,687.5,103.16831683168316
N1,55.4,104,68,712.5,101.63366336633662
N1,55.4,104,69,737.5,103.66336633663364
N1,55.4,104,70,762.5,102.87128712871285
N1,55.4,104,71,787.5,102.27722772277227
N1,55.4,104,72,812.5,103.16831683168316
N1,55.4,104,73,837.5,100.84158415841583
N1,55.4,104,74,862.5,102.42574257425741
N1,55.4,104,75,887.5,101.03960396039602
N1,55.4,104,76,912.5,103.06930693069306
N1,55.4,104,77,937.5,101.93069306930691
N1,55.4,104,78,962.5,103.76237623762374
N1,55.4,104,79,987.5,101.18811881188117
N1,55.4,105,0,-987.5,52.27722772277227
N1,55.4,105,1,-962.5,104.65346534653465
N1,55.4,105,2,-937.5,103.8118811881188
N1,55.4,105,3,-912.5,104.80198019801979
N1,55.4,105,4,-887.5,105.24752475247523
N1,55.4,105,5,-862.5,103.9108910891089
N1,55.4,105,6,-837.5,104.45544554455444
N1,55.4,105,7,-812.5,105.54455445544554
N1,55.4,105,8,-787.5,105.79207920792078
N1,55.4,105,9,-762.5,104.7029702970297
N1,55.4,105,10,-737.5,103.9108910891089
N1,55.4,105,11,-712.5,104.35643564356434
N1,55.4,105,12,-687.5,105.14851485148513
N1,55.4,105,13,-662.5,103.66336633663364
N1,55.4,105,14,-637.5,104.65346534653465
N1,55.4,105,15,-612.5,103.8118811881188
N1,55.4,105,16,-587.5,104.95049504950494
N1,55.4,105,17,-562.5,104.90099009900989
N1,55.4,105,18,-537.5,102.87128712871285
N1,55.4,105,19,-512.5,104.95049504950494
N1,55.4,105,20,-487.5,105.19801980198018
N1,55.4,105,21,-462.5,104.40594059405939
N1,55.4,105,22,-437.5,105.29702970297028
N1,55.4,105,23,-412.5,104.95049504950494
N1,55.4,105,24,-387.5,103.6138613861386
N1,55.4,105,25,-362.5,105.99009900990097
N1,55.4,105,26,-337.5,104.15841584158414
N1,55.4,105,27,-312.5,105.84158415841583
N1,55.4,105,28,-287.5,103.5148514851485
N1,55.4,105,29,-262.5,104.15841584158414
N1,55.4,105,30,-237.5,103.11881188118811
N1,55.4,105,31,-212.5,104.85148514851484
N1,55.4,105,32,-187.5,104.7029702970297
N1,55.4,105,33,-162.5,103.8118811881188
N1,55.4,105,34,-137.5,104.95049504950494
N1,55.4,105,35,-112.5,104.75247524752474
N1,55.4,105,36,-87.5,105.09900990099008
N1,55.4,105,37,-62.5,103.96039603960395
N1,55.4,105,38,-37.5,104.35643564356434
N1,55.4,105,39,-12.5,105.14851485148513
N1,55.4,105,40,12.5,102.9207920792079
N1,55.4,105,41,37.5,103.9108910891089
N1,55.4,105,42,62.5,101.33663366336633
N1,55.4,105,43,87.5,103.01980198019801
N1,55.4,105,44,112.5,102.52475247524751
N1,55.4,105,45,137.5,102.22772277227722
N1,55.4,105,46,162.5,101.93069306930691
N1,55.4,105,47,187.5,102.77227722772275
N1,55.4,105,48,212.5,103.46534653465345
N1,55.4,105,49,237.5,102.07920792079206
N1,55.4,105,50,262.5,102.22772277227722
N1,55.4,105,51,287.5,101.78217821782177
N1,55.4,105,52,312.5,103.4158415841584
N1,55.4,105,53,337.5,101.88118811881186
N1,55.4,105,54,362.5,102.87128712871285
N1,55.4,105,55,387.5,103.16831683168316
N1,55.4,105,56,412.5,103.06930693069306
N1,55.4,105,57,437.5,102.8217821782178
N1,55.4,105,58,462.5,101.43564356435643
N1,55.4,105,59,487.5,103.36633663366335
N1,55.4,105,60,512.5,102.07920792079206
N1,55.4,105,61,537.5,102.67326732673266
N1,55.4,105,62,562.5,103.56435643564355
N1,55.4,105,63,587.5,102.97029702970296
N1,55.4,105,64,612.5,101.28712871287128
N1,55.4,105,65,637.5,102.17821782178217
N1,55.4,105,66,662.5,105.24752475247523
N1,55.4,105,67,687.5,101.48514851485147
N1,55.4,105,68,712.5,101.03960396039602
N1,55.4,105,69,737.5,101.98019801980196
N1,55.4,105,70,762.5,104.2079207920792
N1,55.4,105,71,787.5,102.77227722772275
N1,55.4,105,72,812.5,102.42574257425741
N1,55.4,105,73,837.5,103.71287128712869
N1,55.4,105,74,862.5,102.9207920792079
N1,55.4,105,75,887.5,101.43564356435643
N1,55.4,105,76,912.5,102.02970297029701
N1,55.4,105,77,937.5,102.8217821782178
N1,55.4,105,78,962.5,102.57425742574256
N1,55.4,105,79,987.5,101.58415841584157
N1,85.0,101,0,-987.5,56.28712871287128
N1,85.0,101,1,-962.5,105.04950495049503
N1,85.0,101,2,-937.5,103.46534653465345
N1,85.0,101,3,-912.5,106.68316831683167
N1,85.0,101,4,-887.5,104.7029702970297
N1,85.0,101,5,-862.5,105.14851485148513
N1,85.0,101,6,-837.5,105.59405940594058
N1,85.0,101,7,-812.5,103.8118811881188
N1,85.0,101,8,-787.5,105.29702970297028
N1,85.0,101,9,-762.5,105.24752475247523
N1,85.0,101,10,-737.5,106.43564356435643
N1,85.0,101,11,-712.5,104.65346534653465
N1,85.0,101,12,-687.5,105.09900990099008
N1,85.0,101,13,-662.5,106.93069306930691
N1,85.0,101,14,-637.5,105.54455445544554
N1,85.0,101,15,-612.5,104.7029702970297
N1,85.0,101,16,-587.5,107.52475247524751
N1,85.0,101,17,-562.5,104.05940594059405
N1,85.0,101,18,-537.5,104.35643564356434
N1,85.0,101,19,-512.5,105.39603960396038
N1,85.0,101,20,-487.5,104.7029702970297
N1,85.0,101,21,-462.5,105.69306930693068
N1,85.0,101,22,-437.5,104.7029702970297
N1,85.0,101,23,-412.5,104.95049504950494
N1,85.0,101,24,-387.5,104.45544554455444
N1,85.0,101,25,-362.5,105.19801980198018
N1,85.0,101,26,-337.5,105.54455445544554
N1,85.0,101,27,-312.5,105.89108910891088
N1,85.0,101,28,-287.5,104.95049504950494
N1,85.0,101,29,-262.5,104.009900990099
N1,85.0,101,30,-237.5,104.25742574257424
N1,85.0,101,31,-212.5,106.68316831683167
N1,85.0,101,32,-187.5,104.65346534653465
N1,85.0,101,33,-162.5,106.38613861386138
N1,85.0,101,34,-137.5,105.04950495049503
N1,85.0,101,35,-112.5,106.03960396039602
N1,85.0,101,36,-87.5,104.30693069306929
N1,85.0,101,37,-62.5,105.64356435643563
N1,85.0,101,38,-37.5,106.28712871287127
N1,85.0,101,39,-12.5,105.39603960396038
N1,85.0,101,40,12.5,103.06930693069306
N1,85.0,101,41,37.5,102.9207920792079
N1,85.0,101,42,62.5,102.9207920792079
N1,85.0,101,43,87.5,101.23762376237622
N1,85.0,101,44,112.5,102.67326732673266
N1,85.0,101,45,137.5,102.77227722772275
N1,85.0,101,46,162.5,101.08910891089107
N1,85.0,101,47,187.5,102.8217821782178
N1,85.0,101,48,212.5,102.77227722772275
N1,85.0,101,49,237.5,102.17821782178217
N1,85.0,101,50,262.5,103.26732673267325
N1,85.0,101,51,287.5,103.16831683168316
N1,85.0,101,52,312.5,102.37623762376236
N1,85.0,101,53,337.5,103.16831683168316
N1,85.0,101,54,362.5,103.4158415841584
N1,85.0,101,55,387.5,101.58415841584157
N1,85.0,101,56,412.5,102.17821782178217
N1,85.0,101,57,437.5,103.01980198019801
N1,85.0,101,58,462.5,103.71287128712869
N1,85.0,101,59,487.5,102.07920792079206
N1,85.0,101,60,512.5,103.26732673267325
N1,85.0,101,61,537.5,101.98019801980196
N1,85.0,101,62,562.5,102.37623762376236
N1,85.0,101,63,587.5,102.67326732673266
N1,85.0,101,64,612.5,102.47524752475246
N1,85.0,101,65,637.5,101.63366336633662
N1,85.0,101,66,662.5,103.71287128712869
N1,85.0,101,67,687.5,101.73267326732672
N1,85.0,101,68,712.5,104.80198019801979
N1,85.0,101,69,737.5,103.06930693069306
N1,85.0,101,70,762.5,102.7227722772277
N1,85.0,101,71,787.5,101.48514851485147
N1,85.0,101,72,812.5,104.40594059405939
N1,85.0,101,73,837.5,102.77227722772275
N1,85.0,101,74,862.5,103.3168316831683
N1,85.0,101,75,887.5,103.3168316831683
N1,85.0,101,76,912.5,102.57425742574256
N1,85.0,101,77,937.5,103.76237623762374
N1,85.0,101,78,962.5,101.58415841584157
N1,85.0,101,79,987.5,102.62376237623761
N1,85.0,102,0,-987.5,57.22772277227722
N1,85.0,102,1,-962.5,104.65346534653465
N1,85.0,102,2,-937.5,104.90099009900989
N1,85.0,102,3,-912.5,105.94059405940592
N1,85.0,102,4,-887.5,106.38613861386138
N1,85.0,102,5,-862.5,103.86138613861385
N1,85.0,102,6,-837.5,105.49504950495049
N1,85.0,102,7,-812.5,104.45544554455444
N1,85.0,102,8,-787.5,104.80198019801979
N1,85.0,102,9,-762.5,106.83168316831681
N1,85.0,102,10,-737.5,104.65346534653465
N1,85.0,102,11,-712.5,106.68316831683167
N1,85.0,102,12,-687.5,105.64356435643563
N1,85.0,102,13,-662.5,105.04950495049503
N1,85.0,102,14,-637.5,105.49504950495049
N1,85.0,102,15,-612.5,104.2079207920792
N1,85.0,102,16,-587.5,105.54455445544554
N1,85.0,102,17,-562.5,104.85148514851484
N1,85.0,102,18,-537.5,106.03960396039602
N1,85.0,102,19,-512.5,105.14851485148513
N1,85.0,102,20,-487.5,105.04950495049503
N1,85.0,102,21,-462.5,104.55445544554453
N1,85.0,102,22,-437.5,107.8217821782178
N1,85.0,102,23,-412.5,103.71287128712869
N1,85.0,102,24,-387.5,105.94059405940592
N1,85.0,102,25,-362.5,106.43564356435643
N1,85.0,102,26,-337.5,105.44554455445542
N1,85.0,102,27,-312.5,104.40594059405939
N1,85.0,102,28,-287.5,103.9108910891089
N1,85.0,102,29,-262.5,104.99999999999999
N1,85.0,102,30,-237.5,105.54455445544554
N1,85.0,102,31,-212.5,105.49504950495049
N1,85.0,102,32,-187.5,105.99009900990097
N1,85.0,102,33,-162.5,103.4158415841584
N1,85.0,102,34,-137.5,105.59405940594058
N1,85.0,102,35,-112.5,105.44554455445542
N1,85.0,102,36,-87.5,105.24752475247523
N1,85.0,102,37,-62.5,105.04950495049503
N1,85.0,102,38,-37.5,105.19801980198018
N1,85.0,102,39,-12.5,104.7029702970297
N1,85.0,102,40,12.5,102.52475247524751
N1,85.0,102,41,37.5,103.3168316831683
N1,85.0,102,42,62.5,102.32673267326732
N1,85.0,102,43,87.5,103.46534653465345
N1,85.0,102,44,112.5,103.4158415841584
N1,85.0,102,45,137.5,102.62376237623761
N1,85.0,102,46,162.5,102.67326732673266
N1,85.0,102,47,187.5,101.98019801980196
N1,85.0,102,48,212.5,101.28712871287128
N1,85.0,102,49,237.5,103.4158415841584
N1,85.0,102,50,262.5,102.9207920792079
N1,85.0,102,51,287.5,101.33663366336633
N1,85.0,102,52,312.5,101.48514851485147
N1,85.0,102,53,337.5,103.71287128712869
N1,85.0,102,54,362.5,103.6138613861386
N1,85.0,102,55,387.5,101.58415841584157
N1,85.0,102,56,412.5,102.22772277227722
N1,85.0,102,57,437.5,104.25742574257424
N1,85.0,102,58,462.5,102.57425742574256
N1,85.0,102,59,487.5,101.73267326732672
N1,85.0,102,60,512.5,103.76237623762374
N1,85.0,102,61,537.5,104.25742574257424
N1,85.0,102,62,562.5,102.62376237623761
N1,85.0,102,63,587.5,102.77227722772275
N1,85.0,102,64,612.5,102.87128712871285
N1,85.0,102,65,637.5,103.86138613861385
N1,85.0,102,66,662.5,101.88118811881186
N1,85.0,102,67,687.5,103.36633663366335
N1,85.0,102,68,712.5,103.11881188118811
N1,85.0,102,69,737.5,102.97029702970296
N1,85.0,102,70,762.5,101.73267326732672
N1,85.0,102,71,787.5,102.07920792079206
N1,85.0,102,72,812.5,102.37623762376236
N1,85.0,102,73,837.5,103.01980198019801
N1,85.0,102,74,862.5,102.77227722772275
N1,85.0,102,75,887.5,103.2178217821782
N1,85.0,102,76,912.5,103.2178217821782
N1,85.0,102,77,937.5,102.62376237623761
N1,85.0,102,78,962.5,102.47524752475246
N1,85.0,102,79,987.5,102.27722772277227
N1,85.0,103,0,-987.5,58.11881188118811
N1,85.0,103,1,-962.5,105.84158415841583
N1,85.0,103,2,-937.5,105.69306930693068
N1,85.0,103,3,-912.5,104.65346534653465
N1,85.0,103,4,-887.5,104.90099009900989
N1,85.0,103,5,-862.5,106.33663366336633
N1,85.0,103,6,-837.5,104.85148514851484
N1,85.0,103,7,-812.5,104.60396039603958
N1,85.0,103,8,-787.5,104.99999999999999
N1,85.0,103,9,-762.5,105.54455445544554
N1,85.0,103,10,-737.5,106.03960396039602
N1,85.0,103,11,-712.5,104.75247524752474
N1,85.0,103,12,-687.5,106.03960396039602
N1,85.0,103,13,-662.5,104.009900990099
N1,85.0,103,14,-637.5,107.57425742574256
N1,85.0,103,15,-612.5,105.94059405940592
N1,85.0,103,16,-587.5,104.85148514851484
N1,85.0,103,17,-562.5,105.39603960396038
N1,85.0,103,18,-537.5,104.05940594059405
N1,85.0,103,19,-512.5,105.29702970297028
N1,85.0,103,20,-487.5,105.24752475247523
N1,85.0,103,21,-462.5,105.69306930693068
N1,85.0,103,22,-437.5,104.75247524752474
N1,85.0,103,23,-412.5,105.89108910891088
N1,85.0,103,24,-387.5,104.60396039603958
N1,85.0,103,25,-362.5,104.85148514851484
N1,85.0,103,26,-337.5,106.98019801980196
N1,85.0,103,27,-312.5,105.74257425742573
N1,85.0,103,28,-287.5,104.15841584158414
N1,85.0,103,29,-262.5,105.14851485148513
N1,85.0,103,30,-237.5,105.14851485148513
N1,85.0,103,31,-212.5,104.85148514851484
N1,85.0,103,32,-187.5,105.54455445544554
N1,85.0,103,33,-162.5,105.14851485148513
N1,85.0,103,34,-137.5,105.34653465346533
N1,85.0,103,35,-112.5,104.65346534653465
N1,85.0,103,36,-87.5,105.44554455445542
N1,85.0,103,37,-62.5,105.74257425742573
N1,85.0,103,38,-37.5,104.90099009900989
N1,85.0,103,39,-12.5,107.27722772277227
N1,85.0,103,40,12.5,100.49504950495049
N1,85.0,103,41,37.5,102.67326732673266
N1,85.0,103,42,62.5,102.02970297029701
N1,85.0,103,43,87.5,104.90099009900989
N1,85.0,103,44,112.5,102.37623762376236
N1,85.0,103,45,137.5,103.06930693069306
N1,85.0,103,46,162.5,100.94059405940592
N1,85.0,103,47,187.5,101.23762376237622
N1,85.0,103,48,212.5,102.67326732673266
N1,85.0,103,49,237.5,102.67326732673266
N1,85.0,103,50,262.5,102.37623762376236
N1,85.0,103,51,287.5,102.47524752475246
N1,85.0,103,52,312.5,102.37623762376236
N1,85.0,103,53,337.5,102.9207920792079
N1,85.0,103,54,362.5,101.63366336633662
N1,85.0,103,55,387.5,102.9207920792079
N1,85.0,103,56,412.5,102.57425742574256
N1,85.0,103,57,437.5,102.12871287128712
N1,85.0,103,58,462.5,103.66336633663364
N1,85.0,103,59,487.5,101.53465346534652
N1,85.0,103,60,512.5,104.30693069306929
N1,85.0,103,61,537.5,101.08910891089107
N1,85.0,103,62,562.5,103.56435643564355
N1,85.0,103,63,587.5,104.05940594059405
N1,85.0,103,64,612.5,103.16831683168316
N1,85.0,103,65,637.5,101.93069306930691
N1,85.0,103,66,662.5,101.73267326732672
N1,85.0,103,67,687.5,102.07920792079206
N1,85.0,103,68,712.5,103.36633663366335
N1,85.0,103,69,737.5,102.12871287128712
N1,85.0,103,70,762.5,102.9207920792079
N1,85.0,103,71,787.5,102.9207920792079
N1,85.0,103,72,812.5,102.8217821782178
N1,85.0,103,73,837.5,102.67326732673266
N1,85.0,103,74,862.5,102.8217821782178
N1,85.0,103,75,887.5,104.65346534653465
N1,85.0,103,76,912.5,102.9207920792079
N1,85.0,103,77,937.5,102.57425742574256
N1,85.0,103,78,962.5,103.86138613861385
N1,85.0,103,79,987.5,103.16831683168316
N1,85.0,104,0,-987.5,56.83168316831682
N1,85.0,104,1,-962.5,106.38613861386138
N1,85.0,104,2,-937.5,104.30693069306929
N1,85.0,104,3,-912.5,105.74257425742573
N1,85.0,104,4,-887.5,106.43564356435643
N1,85.0,104,5,-862.5,105.19801980198018
N1,85.0,104,6,-837.5,105.09900990099008
N1,85.0,104,7,-812.5,104.85148514851484
N1,85.0,104,8,-787.5,105.84158415841583
N1,85.0,104,9,-762.5,104.35643564356434
N1,85.0,104,10,-737.5,105.54455445544554
N1,85.0,104,11,-712.5,105.29702970297028
N1,85.0,104,12,-687.5,104.55445544554453
N1,85.0,104,13,-662.5,104.90099009900989
N1,85.0,104,14,-637.5,104.85148514851484
N1,85.0,104,15,-612.5,105.74257425742573
N1,85.0,104,16,-587.5,106.28712871287127
N1,85.0,104,17,-562.5,106.48514851485147
N1,85.0,104,18,-537.5,104.90099009900989
N1,85.0,104,19,-512.5,105.59405940594058
N1,85.0,104,20,-487.5,106.43564356435643
N1,85.0,104,21,-462.5,106.08910891089107
N1,85.0,104,22,-437.5,106.88118811881186
N1,85.0,104,23,-412.5,104.90099009900989
N1,85.0,104,24,-387.5,106.08910891089107
N1,85.0,104,25,-362.5,104.009900990099
N1,85.0,104,26,-337.5,107.47524752475246
N1,85.0,104,27,-312.5,105.24752475247523
N1,85.0,104,28,-287.5,104.7029702970297
N1,85.0,104,29,-262.5,104.80198019801979
N1,85.0,104,30,-237.5,104.80198019801979
N1,85.0,104,31,-212.5,104.7029702970297
N1,85.0,104,32,-187.5,106.83168316831681
N1,85.0,104,33,-162.5,104.15841584158414
N1,85.0,104,34,-137.5,105.89108910891088
N1,85.0,104,35,-112.5,104.95049504950494
N1,85.0,104,36,-87.5,105.54455445544554
N1,85.0,104,37,-62.5,105.14851485148513
N1,85.0,104,38,-37.5,105.09900990099008
N1,85.0,104,39,-12.5,104.85148514851484
N1,85.0,104,40,12.5,105.19801980198018
N1,85.0,104,41,37.5,101.58415841584157
N1,85.0,104,42,62.5,102.12871287128712
N1,85.0,104,43,87.5,103.11881188118811
N1,85.0,104,44,112.5,101.98019801980196
N1,85.0,104,45,137.5,104.1089108910891
N1,85.0,104,46,162.5,102.37623762376236
N1,85.0,104,47,187.5,102.32673267326732
N1,85.0,104,48,212.5,102.52475247524751
N1,85.0,104,49,237.5,102.67326732673266
N1,85.0,104,50,262.5,103.36633663366335
N1,85.0,104,51,287.5,102.27722772277227
N1,85.0,104,52,312.5,103.16831683168316
N1,85.0,104,53,337.5,102.8217821782178
N1,85.0,104,54,362.5,103.26732673267325
N1,85.0,104,55,387.5,101.83168316831681
N1,85.0,104,56,412.5,103.2178217821782
N1,85.0,104,57,437.5,103.26732673267325
N1,85.0,104,58,462.5,100.94059405940592
N1,85.0,104,59,487.5,101.63366336633662
N1,85.0,104,60,512.5,104.25742574257424
N1,85.0,104,61,537.5,101.93069306930691
N1,85.0,104,62,562.5,103.6138613861386
N1,85.0,104,63,587.5,101.73267326732672
N1,85.0,104,64,612.5,102.17821782178217
N1,85.0,104,65,637.5,101.78217821782177
N1,85.0,104,66,662.5,101.83168316831681
N1,85.0,104,67,687.5,102.42574257425741
N1,85.0,104,68,712.5,102.22772277227722
N1,85.0,104,69,737.5,103.01980198019801
N1,85.0,104,70,762.5,101.98019801980196
N1,85.0,104,71,787.5,102.12871287128712
N1,85.0,104,72,812.5,103.36633663366335
N1,85.0,104,73,837.5,102.77227722772275
N1,85.0,104,74,862.5,102.57425742574256
N1,85.0,104,75,887.5,102.7227722772277
N1,85.0,104,76,912.5,102.02970297029701
N1,85.0,104,77,937.5,102.87128712871285
N1,85.0,104,78,962.5,101.48514851485147
N1,85.0,104,79,987.5,103.01980198019801
N1,85.0,105,0,-987.5,54.5049504950495
N1,85.0,105,1,-962.5,104.25742574257424
N1,85.0,105,2,-937.5,104.55445544554453
N1,85.0,105,3,-912.5,105.24752475247523
N1,85.0,105,4,-887.5,104.7029702970297
N1,85.0,105,5,-862.5,106.23762376237622
N1,85.0,105,6,-837.5,103.71287128712869
N1,85.0,105,7,-812.5,105.84158415841583
N1,85.0,105,8,-787.5,104.99999999999999
N1,85.0,105,9,-762.5,106.18811881188117
N1,85.0,105,10,-737.5,104.35643564356434
N1,85.0,105,11,-712.5,107.02970297029701
N1,85.0,105,12,-687.5,105.14851485148513
N1,85.0,105,13,-662.5,104.95049504950494
N1,85.0,105,14,-637.5,105.89108910891088
N1,85.0,105,15,-612.5,106.63366336633662
N1,85.0,105,16,-587.5,104.95049504950494
N1,85.0,105,17,-562.5,106.33663366336633
N1,85.0,105,18,-537.5,105.29702970297028
N1,85.0,105,19,-512.5,104.05940594059405
N1,85.0,105,20,-487.5,105.44554455445542
N1,85.0,105,21,-462.5,104.85148514851484
N1,85.0,105,22,-437.5,106.53465346534652
N1,85.0,105,23,-412.5,104.35643564356434
N1,85.0,105,24,-387.5,104.90099009900989
N1,85.0,105,25,-362.5,104.45544554455444
N1,85.0,105,26,-337.5,105.74257425742573
N1,85.0,105,27,-312.5,106.53465346534652
N1,85.0,105,28,-287.5,106.28712871287127
N1,85.0,105,29,-262.5,104.25742574257424
N1,85.0,105,30,-237.5,106.58415841584157
N1,85.0,105,31,-212.5,103.36633663366335
N1,85.0,105,32,-187.5,104.85148514851484
N1,85.0,105,33,-162.5,104.75247524752474
N1,85.0,105,34,-137.5,102.87128712871285
N1,85.0,105,35,-112.5,105.89108910891088
N1,85.0,105,36,-87.5,105.64356435643563
N1,85.0,105,37,-62.5,105.39603960396038
N1,85.0,105,38,-37.5,104.25742574257424
N1,85.0,105,39,-12.5,105.74257425742573
N1,85.0,105,40,12.5,102.57425742574256
N1,85.0,105,41,37.5,103.56435643564355
N1,85.0,105,42,62.5,101.53465346534652
N1,85.0,105,43,87.5,103.2178217821782
N1,85.0,105,44,112.5,102.87128712871285
N1,85.0,105,45,137.5,102.22772277227722
N1,85.0,105,46,162.5,102.87128712871285
N1,85.0,105,47,187.5,103.01980198019801
N1,85.0,105,48,212.5,102.97029702970296
N1,85.0,105,49,237.5,102.27722772277227
N1,85.0,105,50,262.5,103.11881188118811
N1,85.0,105,51,287.5,101.48514851485147
N1,85.0,105,52,312.5,102.7227722772277
N1,85.0,105,53,337.5,103.26732673267325
N1,85.0,105,54,362.5,102.37623762376236
N1,85.0,105,55,387.5,101.58415841584157
N1,85.0,105,56,412.5,103.36633663366335
N1,85.0,105,57,437.5,102.22772277227722
N1,85.0,105,58,462.5,102.52475247524751
N1,85.0,105,59,487.5,102.37623762376236
N1,85.0,105,60,512.5,103.4158415841584
N1,85.0,105,61,537.5,101.78217821782177
N1,85.0,105,62,562.5,101.08910891089107
N1,85.0,105,63,587.5,103.4158415841584
N1,85.0,105,64,612.5,103.5148514851485
N1,85.0,105,65,637.5,100.89108910891088
N1,85.0,105,66,662.5,101.28712871287128
N1,85.0,105,67,687.5,102.42574257425741
N1,85.0,105,68,712.5,104.009900990099
N1,85.0,105,69,737.5,101.63366336633662
N1,85.0,105,70,762.5,102.97029702970296
N1,85.0,105,71,787.5,102.77227722772275
N1,85.0,105,72,812.5,103.6138613861386
N1,85.0,105,73,837.5,101.68316831683167
N1,85.0,105,74,862.5,102.37623762376236
N1,85.0,105,75,887.5,102.07920792079206
N1,85.0,105,76,912.5,101.93069306930691
N1,85.0,105,77,937.5,103.11881188118811
N1,85.0,105,78,962.5,101.88118811881186
N1,85.0,105,79,987.5,104.05940594059405
N2,10.0,101,0,-987.5,22.72277227722772
N2,10.0,101,1,-962.5,87.17821782178217
N2,10.0,101,2,-937.5,87.27722772277227
N2,10.0,101,3,-912.5,86.13861386138613
N2,10.0,101,4,-887.5,86.03960396039602
N2,10.0,101,5,-862.5,87.12871287128712
N2,10.0,101,6,-837.5,87.87128712871286
N2,10.0,101,7,-812.5,84.7029702970297
N2,10.0,101,8,-787.5,86.13861386138613
N2,10.0,101,9,-762.5,87.97029702970296
N2,10.0,101,10,-737.5,85.84158415841583
N2,10.0,101,11,-712.5,87.57425742574256
N2,10.0,101,12,-687.5,86.03960396039602
N2,10.0,101,13,-662.5,85.74257425742573
N2,10.0,101,14,-637.5,86.23762376237623
N2,10.0,101,15,-612.5,85.94059405940592
N2,10.0,101,16,-587.5,85.79207920792078
N2,10.0,101,17,-562.5,88.36633663366335
N2,10.0,101,18,-537.5,86.38613861386138
N2,10.0,101,19,-512.5,87.17821782178217
N2,10.0,101,20,-487.5,86.93069306930691
N2,10.0,101,21,-462.5,86.43564356435643
N2,10.0,101,22,-437.5,86.13861386138613
N2,10.0,101,23,-412.5,87.12871287128712
N2,10.0,101,24,-387.5,87.92079207920791
N2,10.0,101,25,-362.5,86.68316831683167
N2,10.0,101,26,-337.5,87.22772277227722
N2,10.0,101,27,-312.5,85.94059405940592
N2,10.0,101,28,-287.5,86.28712871287128
N2,10.0,101,29,-262.5,87.37623762376236
N2,10.0,101,30,-237.5,86.33663366336633
N2,10.0,101,31,-212.5,87.52475247524751
N2,10.0,101,32,-187.5,85.44554455445544
N2,10.0,101,33,-162.5,86.58415841584157
N2,10.0,101,34,-137.5,86.38613861386138
N2,10.0,101,35,-112.5,87.67326732673266
N2,10.0,101,36,-87.5,85.94059405940592
N2,10.0,101,37,-62.5,86.83168316831681
N2,10.0,101,38,-37.5,86.88118811881186
N2,10.0,101,39,-12.5,89.009900990099
N2,10.0,101,40,12.5,85.54455445544554
N2,10.0,101,41,37.5,87.37623762376236
N2,10.0,101,42,62.5,86.08910891089107
N2,10.0,101,43,87.5,87.07920792079207
N2,10.0,101,44,112.5,87.02970297029702
N2,10.0,101,45,137.5,86.53465346534652
N2,10.0,101,46,162.5,85.74257425742573
N2,10.0,101,47,187.5,84.85148514851484
N2,10.0,101,48,212.5,85.34653465346534
N2,10.0,101,49,237.5,87.47524752475246
N2,10.0,101,50,262.5,86.33663366336633
N2,10.0,101,51,287.5,85.39603960396039
N2,10.0,101,52,312.5,86.83168316831681
N2,10.0,101,53,337.5,86.08910891089107
N2,10.0,101,54,362.5,85.74257425742573
N2,10.0,101,55,387.5,85.94059405940592
N2,10.0,101,56,412.5,85.39603960396039
N2,10.0,101,57,437.5,86.78217821782177
N2,10.0,101,58,462.5,86.43564356435643
N2,10.0,101,59,487.5,87.02970297029702
N2,10.0,101,60,512.5,87.12871287128712
N2,10.0,101,61,537.5,85.59405940594058
N2,10.0,101,62,562.5,86.08910891089107
N2,10.0,101,63,587.5,85.24752475247523
N2,10.0,101,64,612.5,85.94059405940592
N2,10.0,101,65,637.5,86.78217821782177
N2,10.0,101,66,662.5,87.52475247524751
N2,10.0,101,67,687.5,85.29702970297029
N2,10.0,101,68,712.5,86.28712871287128
N2,10.0,101,69,737.5,87.12871287128712
N2,10.0,101,70,762.5,86.98019801980197
N2,10.0,101,71,787.5,85.34653465346534
N2,10.0,101,72,812.5,87.82178217821782
N2,10.0,101,73,837.5,86.68316831683167
N2,10.0,101,74,862.5,85.79207920792078
N2,10.0,101,75,887.5,86.78217821782177
N2,10.0,101,76,912.5,86.83168316831681
N2,10.0,101,77,937.5,85.14851485148513
N2,10.0,101,78,962.5,86.83168316831681
N2,10.0,101,79,987.5,85.74257425742573
N2,10.0,102,0,-987.5,22.277227722772274
N2,10.0,102,1,-962.5,85.94059405940592
N2,10.0,102,2,-937.5,86.18811881188118
N2,10.0,102,3,-912.5,85.79207920792078
N2,10.0,102,4,-887.5,86.93069306930691
N2,10.0,102,5,-862.5,86.43564356435643
N2,10.0,102,6,-837.5,87.47524752475246
N2,10.0,102,7,-812.5,87.97029702970296
N2,10.0,102,8,-787.5,85.89108910891088
N2,10.0,102,9,-762.5,86.93069306930691
N2,10.0,102,10,-737.5,87.52475247524751
N2,10.0,102,11,-712.5,86.28712871287128
N2,10.0,102,12,-687.5,88.86138613861385
N2,10.0,102,13,-662.5,87.37623762376236
N2,10.0,102,14,-637.5,84.40594059405939
N2,10.0,102,15,-612.5,86.68316831683167
N2,10.0,102,16,-587.5,87.07920792079207
N2,10.0,102,17,-562.5,85.49504950495049
N2,10.0,102,18,-537.5,85.29702970297029
N2,10.0,102,19,-512.5,85.79207920792078
N2,10.0,102,20,-487.5,87.32673267326732
N2,10.0,102,21,-462.5,88.06930693069306
N2,10.0,102,22,-437.5,86.73267326732672
N2,10.0,102,23,-412.5,86.63366336633662
N2,10.0,102,24,-387.5,87.02970297029702
N2,10.0,102,25,-362.5,86.28712871287128
N2,10.0,102,26,-337.5,87.07920792079207
N2,10.0,102,27,-312.5,87.47524752475246
N2,10.0,102,28,-287.5,87.12871287128712
N2,10.0,102,29,-262.5,85.89108910891088
N2,10.0,102,30,-237.5,85.69306930693068
N2,10.0,102,31,-212.5,85.24752475247523
N2,10.0,102,32,-187.5,86.68316831683167
N2,10.0,102,33,-162.5,86.28712871287128
N2,10.0,102,34,-137.5,86.63366336633662
N2,10.0,102,35,-112.5,87.12871287128712
N2,10.0,102,36,-87.5,87.02970297029702
N2,10.0,102,37,-62.5,86.13861386138613
N2,10.0,102,38,-37.5,86.03960396039602
N2,10.0,102,39,-12.5,86.53465346534652
N2,10.0,102,40,12.5,85.84158415841583
N2,10.0,102,41,37.5,85.84158415841583
N2,10.0,102,42,62.5,86.53465346534652
N2,10.0,102,43,87.5,85.94059405940592
N2,10.0,102,44,112.5,86.18811881188118
N2,10.0,102,45,137.5,87.07920792079207
N2,10.0,102,46,162.5,84.7029702970297
N2,10.0,102,47,187.5,87.12871287128712
N2,10.0,102,48,212.5,85.59405940594058
N2,10.0,102,49,237.5,85.34653465346534
N2,10.0,102,50,262.5,85.04950495049503
N2,10.0,102,51,287.5,85.69306930693068
N2,10.0,102,52,312.5,87.22772277227722
N2,10.0,102,53,337.5,84.95049504950494
N2,10.0,102,54,362.5,85.59405940594058
N2,10.0,102,55,387.5,86.53465346534652
N2,10.0,102,56,412.5,87.57425742574256
N2,10.0,102,57,437.5,87.87128712871286
N2,10.0,102,58,462.5,86.03960396039602
N2,10.0,102,59,487.5,87.52475247524751
N2,10.0,102,60,512.5,87.32673267326732
N2,10.0,102,61,537.5,86.43564356435643
N2,10.0,102,62,562.5,85.29702970297029
N2,10.0,102,63,587.5,86.38613861386138
N2,10.0,102,64,612.5,85.94059405940592
N2,10.0,102,65,637.5,86.43564356435643
N2,10.0,102,66,662.5,87.37623762376236
N2,10.0,102,67,687.5,85.59405940594058
N2,10.0,102,68,712.5,87.67326732673266
N2,10.0,102,69,737.5,86.08910891089107
N2,10.0,102,70,762.5,86.03960396039602
N2,10.0,102,71,787.5,86.48514851485147
N2,10.0,102,72,812.5,85.19801980198018
N2,10.0,102,73,837.5,86.53465346534652
N2,10.0,102,74,862.5,86.48514851485147
N2,10.0,102,75,887.5,86.03960396039602
N2,10.0,102,76,912.5,86.03960396039602
N2,10.0,102,77,937.5,87.32673267326732
N2,10.0,102,78,962.5,86.08910891089107
N2,10.0,102,79,987.5,87.97029702970296
N2,10.0,103,0,-987.5,28.019801980198014
N2,10.0,103,1,-962.5,85.99009900990097
N2,10.0,103,2,-937.5,86.13861386138613
N2,10.0,103,3,-912.5,86.03960396039602
N2,10.0,103,4,-887.5,86.23762376237623
N2,10.0,103,5,-862.5,84.55445544554455
N2,10.0,103,6,-837.5,87.87128712871286
N2,10.0,103,7,-812.5,86.48514851485147
N2,10.0,103,8,-787.5,86.03960396039602
N2,10.0,103,9,-762.5,88.26732673267325
N2,10.0,103,10,-737.5,86.28712871287128
N2,10.0,103,11,-712.5,86.83168316831681
N2,10.0,103,12,-687.5,87.82178217821782
N2,10.0,103,13,-662.5,85.59405940594058
N2,10.0,103,14,-637.5,84.99999999999999
N2,10.0,103,15,-612.5,87.37623762376236
N2,10.0,103,16,-587.5,85.89108910891088
N2,10.0,103,17,-562.5,86.58415841584157
N2,10.0,103,18,-537.5,87.42574257425741
N2,10.0,103,19,-512.5,86.78217821782177
N2,10.0,103,20,-487.5,86.53465346534652
N2,10.0,103,21,-462.5,86.28712871287128
N2,10.0,103,22,-437.5,86.88118811881186
N2,10.0,103,23,-412.5,85.69306930693068
N2,10.0,103,24,-387.5,86.73267326732672
N2,10.0,103,25,-362.5,86.48514851485147
N2,10.0,103,26,-337.5,86.93069306930691
N2,10.0,103,27,-312.5,85.94059405940592
N2,10.0,103,28,-287.5,87.12871287128712
N2,10.0,103,29,-262.5,87.97029702970296
N2,10.0,103,30,-237.5,86.53465346534652
N2,10.0,103,31,-212.5,86.78217821782177
N2,10.0,103,32,-187.5,85.74257425742573
N2,10.0,103,33,-162.5,86.08910891089107
N2,10.0,103,34,-137.5,87.57425742574256
N2,10.0,103,35,-112.5,87.22772277227722
N2,10.0,103,36,-87.5,85.99009900990097
N2,10.0,103,37,-62.5,87.32673267326732
N2,10.0,103,38,-37.5,86.43564356435643
N2,10.0,103,39,-12.5,86.23762376237623
N2,10.0,103,40,12.5,88.01980198019801
N2,10.0,103,41,37.5,85.44554455445544
N2,10.0,103,42,62.5,87.57425742574256
N2,10.0,103,43,87.5,85.64356435643563
N2,10.0,103,44,112.5,88.06930693069306
N2,10.0,103,45,137.5,86.53465346534652
N2,10.0,103,46,162.5,85.79207920792078
N2,10.0,103,47,187.5,86.38613861386138
N2,10.0,103,48,212.5,85.24752475247523
N2,10.0,103,49,237.5,87.62376237623761
N2,10.0,103,50,262.5,84.90099009900989
N2,10.0,103,51,287.5,87.17821782178217
N2,10.0,103,52,312.5,85.64356435643563
N2,10.0,103,53,337.5,87.02970297029702
N2,10.0,103,54,362.5,86.43564356435643
N2,10.0,103,55,387.5,86.88118811881186
N2,10.0,103,56,412.5,87.67326732673266
N2,10.0,103,57,437.5,86.43564356435643
N2,10.0,103,58,462.5,86.68316831683167
N2,10.0,103,59,487.5,85.74257425742573
N2,10.0,103,60,512.5,88.11881188118811
N2,10.0,103,61,537.5,85.64356435643563
N2,10.0,103,62,562.5,86.08910891089107
N2,10.0,103,63,587.5,87.42574257425741
N2,10.0,103,64,612.5,84.7029702970297
N2,10.0,103,65,637.5,86.78217821782177
N2,10.0,103,66,662.5,85.84158415841583
N2,10.0,103,67,687.5,86.43564356435643
N2,10.0,103,68,712.5,84.80198019801979
N2,10.0,103,69,737.5,85.54455445544554
N2,10.0,103,70,762.5,87.67326732673266
N2,10.0,103,71,787.5,85.39603960396039
N2,10.0,103,72,812.5,87.22772277227722
N2,10.0,103,73,837.5,85.54455445544554
N2,10.0,103,74,862.5,87.12871287128712
N2,10.0,103,75,887.5,86.23762376237623
N2,10.0,103,76,912.5,86.93069306930691
N2,10.0,103,77,937.5,86.83168316831681
N2,10.0,103,78,962.5,87.07920792079207
N2,10.0,103,79,987.5,86.28712871287128
N2,10.0,104,0,-987.5,6.831683168316831
N2,10.0,104,1,-962.5,80.74257425742573
N2,10.0,104,2,-937.5,87.7227722772277
N2,10.0,104,3,-912.5,87.12871287128712
N2,10.0,104,4,-887.5,85.44554455445544
N2,10.0,104,5,-862.5,86.83168316831681
N2,10.0,104,6,-837.5,86.88118811881186
N2,10.0,104,7,-812.5,87.92079207920791
N2,10.0,104,8,-787.5,86.33663366336633
N2,10.0,104,9,-762.5,87.27722772277227
N2,10.0,104,10,-737.5,87.77227722772275
N2,10.0,104,11,-712.5,87.27722772277227
N2,10.0,104,12,-687.5,86.83168316831681
N2,10.0,104,13,-662.5,87.32673267326732
N2,10.0,104,14,-637.5,85.39603960396039
N2,10.0,104,15,-612.5,86.63366336633662
N2,10.0,104,16,-587.5,89.2079207920792
N2,10.0,104,17,-562.5,85.79207920792078
N2,10.0,104,18,-537.5,87.7227722772277
N2,10.0,104,19,-512.5,86.58415841584157
N2,10.0,104,20,-487.5,87.77227722772275
N2,10.0,104,21,-462.5,86.73267326732672
N2,10.0,104,22,-437.5,86.68316831683167
N2,10.0,104,23,-412.5,86.68316831683167
N2,10.0,104,24,-387.5,85.29702970297029
N2,10.0,104,25,-362.5,85.94059405940592
N2,10.0,104,26,-337.5,87.27722772277227
N2,10.0,104,27,-312.5,87.32673267326732
N2,10.0,104,28,-287.5,86.08910891089107
N2,10.0,104,29,-262.5,87.02970297029702
N2,10.0,104,30,-237.5,86.13861386138613
N2,10.0,104,31,-212.5,85.84158415841583
N2,10.0,104,32,-187.5,87.07920792079207
N2,10.0,104,33,-162.5,87.02970297029702
N2,10.0,104,34,-137.5,87.27722772277227
N2,10.0,104,35,-112.5,85.49504950495049
N2,10.0,104,36,-87.5,86.13861386138613
N2,10.0,104,37,-62.5,88.06930693069306
N2,10.0,104,38,-37.5,87.12871287128712
N2,10.0,104,39,-12.5,86.83168316831681
N2,10.0,104,40,12.5,86.23762376237623
N2,10.0,104,41,37.5,87.17821782178217
N2,10.0,104,42,62.5,86.08910891089107
N2,10.0,104,43,87.5,84.95049504950494
N2,10.0,104,44,112.5,86.58415841584157
N2,10.0,104,45,137.5,85.54455445544554
N2,10.0,104,46,162.5,86.63366336633662
N2,10.0,104,47,187.5,87.27722772277227
N2,10.0,104,48,212.5,85.69306930693068
N2,10.0,104,49,237.5,86.93069306930691
N2,10.0,104,50,262.5,86.58415841584157
N2,10.0,104,51,287.5,86.08910891089107
N2,10.0,104,52,312.5,86.68316831683167
N2,10.0,104,53,337.5,85.29702970297029
N2,10.0,104,54,362.5,85.84158415841583
N2,10.0,104,55,387.5,86.63366336633662
N2,10.0,104,56,412.5,85.79207920792078
N2,10.0,104,57,437.5,86.23762376237623
N2,10.0,104,58,462.5,87.37623762376236
N2,10.0,104,59,487.5,87.27722772277227
N2,10.0,104,60,512.5,86.48514851485147
N2,10.0,104,61,537.5,86.33663366336633
N2,10.0,104,62,562.5,86.48514851485147
N2,10.0,104,63,587.5,86.03960396039602
N2,10.0,104,64,612.5,86.53465346534652
N2,10.0,104,65,637.5,85.94059405940592
N2,10.0,104,66,662.5,86.03960396039602
N2,10.0,104,67,687.5,86.68316831683167
N2,10.0,104,68,712.5,85.29702970297029
N2,10.0,104,69,737.5,85.19801980198018
N2,10.0,104,70,762.5,86.53465346534652
N2,10.0,104,71,787.5,86.28712871287128
N2,10.0,104,72,812.5,85.59405940594058
N2,10.0,104,73,837.5,86.08910891089107
N2,10.0,104,74,862.5,87.02970297029702
N2,10.0,104,75,887.5,86.73267326732672
N2,10.0,104,76,912.5,85.39603960396039
N2,10.0,104,77,937.5,86.38613861386138
N2,10.0,104,78,962.5,86.83168316831681
N2,10.0,104,79,987.5,86.68316831683167
N2,10.0,105,0,-987.5,18.019801980198018
N2,10.0,105,1,-962.5,84.85148514851484
N2,10.0,105,2,-937.5,86.58415841584157
N2,10.0,105,3,-912.5,86.13861386138613
N2,10.0,105,4,-887.5,86.38613861386138
N2,10.0,105,5,-862.5,86.58415841584157
N2,10.0,105,6,-837.5,86.78217821782177
N2,10.0,105,7,-812.5,85.49504950495049
N2,10.0,105,8,-787.5,85.84158415841583
N2,10.0,105,9,-762.5,87.27722772277227
N2,10.0,105,10,-737.5,86.73267326732672
N2,10.0,105,11,-712.5,87.62376237623761
N2,10.0,105,12,-687.5,85.04950495049503
N2,10.0,105,13,-662.5,88.06930693069306
N2,10.0,105,14,-637.5,88.36633663366335
N2,10.0,105,15,-612.5,85.34653465346534
N2,10.0,105,16,-587.5,87.82178217821782
N2,10.0,105,17,-562.5,87.62376237623761
N2,10.0,105,18,-537.5,86.73267326732672
N2,10.0,105,19,-512.5,87.27722772277227
N2,10.0,105,20,-487.5,88.11881188118811
N2,10.0,105,21,-462.5,86.33663366336633
N2,10.0,105,22,-437.5,88.01980198019801
N2,10.0,105,23,-412.5,86.38613861386138
N2,10.0,105,24,-387.5,87.52475247524751
N2,10.0,105,25,-362.5,86.13861386138613
N2,10.0,105,26,-337.5,86.78217821782177
N2,10.0,105,27,-312.5,88.26732673267325
N2,10.0,105,28,-287.5,86.88118811881186
N2,10.0,105,29,-262.5,86.73267326732672
N2,10.0,105,30,-237.5,86.63366336633662
N2,10.0,105,31,-212.5,86.53465346534652
N2,10.0,105,32,-187.5,87.22772277227722
N2,10.0,105,33,-162.5,86.63366336633662
N2,10.0,105,34,-137.5,85.19801980198018
N2,10.0,105,35,-112.5,87.67326732673266
N2,10.0,105,36,-87.5,86.98019801980197
N2,10.0,105,37,-62.5,86.53465346534652
N2,10.0,105,38,-37.5,86.23762376237623
N2,10.0,105,39,-12.5,87.02970297029702
N2,10.0,105,40,12.5,86.43564356435643
N2,10.0,105,41,37.5,85.09900990099008
N2,10.0,105,42,62.5,85.79207920792078
N2,10.0,105,43,87.5,86.23762376237623
N2,10.0,105,44,112.5,87.7227722772277
N2,10.0,105,45,137.5,86.23762376237623
N2,10.0,105,46,162.5,86.78217821782177
N2,10.0,105,47,187.5,86.23762376237623
N2,10.0,105,48,212.5,85.09900990099008
N2,10.0,105,49,237.5,86.38613861386138
N2,10.0,105,50,262.5,87.67326732673266
N2,10.0,105,51,287.5,85.79207920792078
N2,10.0,105,52,312.5,85.84158415841583
N2,10.0,105,53,337.5,85.29702970297029
N2,10.0,105,54,362.5,86.03960396039602
N2,10.0,105,55,387.5,86.33663366336633
N2,10.0,105,56,412.5,87.12871287128712
N2,10.0,105,57,437.5,86.33663366336633
N2,10.0,105,58,462.5,85.04950495049503
N2,10.0,105,59,487.5,86.78217821782177
N2,10.0,105,60,512.5,85.94059405940592
N2,10.0,105,61,537.5,85.44554455445544
N2,10.0,105,62,562.5,88.26732673267325
N2,10.0,105,63,587.5,86.18811881188118
N2,10.0,105,64,612.5,84.30693069306929
N2,10.0,105,65,637.5,86.08910891089107
N2,10.0,105,66,662.5,88.46534653465345
N2,10.0,105,67,687.5,84.99999999999999
N2,10.0,105,68,712.5,86.18811881188118
N2,10.0,105,69,737.5,86.98019801980197
N2,10.0,105,70,762.5,85.14851485148513
N2,10.0,105,71,787.5,84.95049504950494
N2,10.0,105,72,812.5,87.47524752475246
N2,10.0,105,73,837.5,85.64356435643563
N2,10.0,105,74,862.5,85.64356435643563
N2,10.0,105,75,887.5,86.98019801980197
N2,10.0,105,76,912.5,85.54455445544554
N2,10.0,105,77,937.5,86.78217821782177
N2,10.0,105,78,962.5,84.95049504950494
N2,10.0,105,79,987.5,85.74257425742573
N2,130.3,101,0,-987.5,47.920792079207914
N2,130.3,101,1,-962.5,88.96039603960395
N2,130.3,101,2,-937.5,91.78217821782177
N2,130.3,101,3,-912.5,91.98019801980196
N2,130.3,101,4,-887.5,90.84158415841583
N2,130.3,101,5,-862.5,90.59405940594058
N2,130.3,101,6,-837.5,93.26732673267325
N2,130.3,101,7,-812.5,92.02970297029702
N2,130.3,101,8,-787.5,89.009900990099
N2,130.3,101,9,-762.5,91.98019801980196
N2,130.3,101,10,-737.5,90.39603960396039
N2,130.3,101,11,-712.5,91.28712871287128
N2,130.3,101,12,-687.5,89.95049504950494
N2,130.3,101,13,-662.5,91.58415841584157
N2,130.3,101,14,-637.5,90.29702970297028
N2,130.3,101,15,-612.5,92.62376237623761
N2,130.3,101,16,-587.5,91.08910891089107
N2,130.3,101,17,-562.5,91.23762376237623
N2,130.3,101,18,-537.5,92.12871287128712
N2,130.3,101,19,-512.5,91.13861386138612
N2,130.3,101,20,-487.5,91.13861386138612
N2,130.3,101,21,-462.5,93.7128712871287
N2,130.3,101,22,-437.5,92.02970297029702
N2,130.3,101,23,-412.5,91.38613861386138
N2,130.3,101,24,-387.5,93.6138613861386
N2,130.3,101,25,-362.5,91.58415841584157
N2,130.3,101,26,-337.5,91.38613861386138
N2,130.3,101,27,-312.5,90.84158415841583
N2,130.3,101,28,-287.5,92.32673267326732
N2,130.3,101,29,-262.5,93.06930693069306
N2,130.3,101,30,-237.5,90.79207920792078
N2,130.3,101,31,-212.5,92.37623762376236
N2,130.3,101,32,-187.5,92.42574257425741
N2,130.3,101,33,-162.5,93.76237623762376
N2,130.3,101,34,-137.5,91.33663366336633
N2,130.3,101,35,-112.5,92.02970297029702
N2,130.3,101,36,-87.5,92.37623762376236
N2,130.3,101,37,-62.5,92.7227722772277
N2,130.3,101,38,-37.5,92.67326732673266
N2,130.3,101,39,-12.5,91.88118811881186
N2,130.3,101,40,12.5,86.93069306930691
N2,130.3,101,41,37.5,85.64356435643563
N2,130.3,101,42,62.5,87.17821782178217
N2,130.3,101,43,87.5,86.58415841584157
N2,130.3,101,44,112.5,85.79207920792078
N2,130.3,101,45,137.5,85.54455445544554
N2,130.3,101,46,162.5,86.48514851485147
N2,130.3,101,47,187.5,85.04950495049503
N2,130.3,101,48,212.5,86.73267326732672
N2,130.3,101,49,237.5,86.53465346534652
N2,130.3,101,50,262.5,85.79207920792078
N2,130.3,101,51,287.5,85.04950495049503
N2,130.3,101,52,312.5,86.08910891089107
N2,130.3,101,53,337.5,86.18811881188118
N2,130.3,101,54,362.5,86.43564356435643
N2,130.3,101,55,387.5,86.33663366336633
N2,130.3,101,56,412.5,86.13861386138613
N2,130.3,101,57,437.5,85.94059405940592
N2,130.3,101,58,462.5,86.38613861386138
N2,130.3,101,59,487.5,84.45544554455445
N2,130.3,101,60,512.5,86.23762376237623
N2,130.3,101,61,537.5,86.23762376237623
N2,130.3,101,62,562.5,87.7227722772277
N2,130.3,101,63,587.5,85.94059405940592
N2,130.3,101,64,612.5,87.77227722772275
N2,130.3,101,65,637.5,85.79207920792078
N2,130.3,101,66,662.5,85.89108910891088
N2,130.3,101,67,687.5,86.63366336633662
N2,130.3,101,68,712.5,87.02970297029702
N2,130.3,101,69,737.5,85.24752475247523
N2,130.3,101,70,762.5,86.73267326732672
N2,130.3,101,71,787.5,86.23762376237623
N2,130.3,101,72,812.5,86.33663366336633
N2,130.3,101,73,837.5,87.17821782178217
N2,130.3,101,74,862.5,86.38613861386138
N2,130.3,101,75,887.5,84.85148514851484
N2,130.3,101,76,912.5,85.74257425742573
N2,130.3,101,77,937.5,86.73267326732672
N2,130.3,101,78,962.5,86.38613861386138
N2,130.3,101,79,987.5,85.89108910891088
N2,130.3,102,0,-987.5,49.25742574257425
N2,130.3,102,1,-962.5,92.17821782178217
N2,130.3,102,2,-937.5,92.52475247524751
N2,130.3,102,3,-912.5,91.98019801980196
N2,130.3,102,4,-887.5,92.27722772277227
N2,130.3,102,5,-862.5,91.03960396039602
N2,130.3,102,6,-837.5,91.73267326732672
N2,130.3,102,7,-812.5,92.57425742574256
N2,130.3,102,8,-787.5,92.12871287128712
N2,130.3,102,9,-762.5,92.8217821782178
N2,130.3,102,10,-737.5,92.12871287128712
N2,130.3,102,11,-712.5,92.92079207920791
N2,130.3,102,12,-687.5,92.17821782178217
N2,130.3,102,13,-662.5,90.79207920792078
N2,130.3,102,14,-637.5,91.68316831683167
N2,130.3,102,15,-612.5,91.98019801980196
N2,130.3,102,16,-587.5,92.02970297029702
N2,130.3,102,17,-562.5,90.99009900990097
N2,130.3,102,18,-537.5,91.73267326732672
N2,130.3,102,19,-512.5,91.33663366336633
N2,130.3,102,20,-487.5,91.38613861386138
N2,130.3,102,21,-462.5,91.33663366336633
N2,130.3,102,22,-437.5,92.32673267326732
N2,130.3,102,23,-412.5,92.62376237623761
N2,130.3,102,24,-387.5,91.03960396039602
N2,130.3,102,25,-362.5,92.57425742574256
N2,130.3,102,26,-337.5,92.17821782178217
N2,130.3,102,27,-312.5,91.48514851485147
N2,130.3,102,28,-287.5,92.7227722772277
N2,130.3,102,29,-262.5,91.33663366336633
N2,130.3,102,30,-237.5,92.02970297029702
N2,130.3,102,31,-212.5,91.23762376237623
N2,130.3,102,32,-187.5,92.27722772277227
N2,130.3,102,33,-162.5,91.13861386138612
N2,130.3,102,34,-137.5,92.22772277227722
N2,130.3,102,35,-112.5,93.3168316831683
N2,130.3,102,36,-87.5,90.59405940594058
N2,130.3,102,37,-62.5,92.87128712871286
N2,130.3,102,38,-37.5,91.88118811881186
N2,130.3,102,39,-12.5,92.8217821782178
N2,130.3,102,40,12.5,85.64356435643563
N2,130.3,102,41,37.5,84.95049504950494
N2,130.3,102,42,62.5,87.32673267326732
N2,130.3,102,43,87.5,85.79207920792078
N2,130.3,102,44,112.5,86.13861386138613
N2,130.3,102,45,137.5,85.99009900990097
N2,130.3,102,46,162.5,86.73267326732672
N2,130.3,102,47,187.5,86.03960396039602
N2,130.3,102,48,212.5,85.49504950495049
N2,130.3,102,49,237.5,86.23762376237623
N2,130.3,102,50,262.5,86.58415841584157
N2,130.3,102,51,287.5,84.90099009900989
N2,130.3,102,52,312.5,85.84158415841583
N2,130.3,102,53,337.5,86.98019801980197
N2,130.3,102,54,362.5,85.79207920792078
N2,130.3,102,55,387.5,87.12871287128712
N2,130.3,102,56,412.5,86.23762376237623
N2,130.3,102,57,437.5,86.48514851485147
N2,130.3,102,58,462.5,87.17821782178217
N2,130.3,102,59,487.5,86.73267326732672
N2,130.3,102,60,512.5,85.39603960396039
N2,130.3,102,61,537.5,86.53465346534652
N2,130.3,102,62,562.5,84.55445544554455
N2,130.3,102,63,587.5,86.23762376237623
N2,130.3,102,64,612.5,86.23762376237623
N2,130.3,102,65,637.5,86.83168316831681
N2,130.3,102,66,662.5,85.74257425742573
N2,130.3,102,67,687.5,85.64356435643563
N2,130.3,102,68,712.5,85.24752475247523
N2,130.3,102,69,737.5,86.63366336633662
N2,130.3,102,70,762.5,87.67326732673266
N2,130.3,102,71,787.5,85.94059405940592
N2,130.3,102,72,812.5,86.23762376237623
N2,130.3,102,73,837.5,86.08910891089107
N2,130.3,102,74,862.5,85.34653465346534
N2,130.3,102,75,887.5,85.44554455445544
N2,130.3,102,76,912.5,85.59405940594058
N2,130.3,102,77,937.5,86.38613861386138
N2,130.3,102,78,962.5,85.94059405940592
N2,130.3,102,79,987.5,87.17821782178217
N2,130.3,103,0,-987.5,50.29702970297029
N2,130.3,103,1,-962.5,89.95049504950494
N2,130.3,103,2,-937.5,91.93069306930691
N2,130.3,103,3,-912.5,92.37623762376236
N2,130.3,103,4,-887.5,92.77227722772275
N2,130.3,103,5,-862.5,91.88118811881186
N2,130.3,103,6,-837.5,93.5148514851485
N2,130.3,103,7,-812.5,92.42574257425741
N2,130.3,103,8,-787.5,90.74257425742573
N2,130.3,103,9,-762.5,92.62376237623761
N2,130.3,103,10,-737.5,93.36633663366335
N2,130.3,103,11,-712.5,92.07920792079207
N2,130.3,103,12,-687.5,92.92079207920791
N2,130.3,103,13,-662.5,91.48514851485147
N2,130.3,103,14,-637.5,90.29702970297028
N2,130.3,103,15,-612.5,93.3168316831683
N2,130.3,103,16,-587.5,92.47524752475246
N2,130.3,103,17,-562.5,91.08910891089107
N2,130.3,103,18,-537.5,91.98019801980196
N2,130.3,103,19,-512.5,92.42574257425741
N2,130.3,103,20,-487.5,91.08910891089107
N2,130.3,103,21,-462.5,92.32673267326732
N2,130.3,103,22,-437.5,91.83168316831681
N2,130.3,103,23,-412.5,91.08910891089107
N2,130.3,103,24,-387.5,93.2178217821782
N2,130.3,103,25,-362.5,92.22772277227722
N2,130.3,103,26,-337.5,92.07920792079207
N2,130.3,103,27,-312.5,90.69306930693068
N2,130.3,103,28,-287.5,92.7227722772277
N2,130.3,103,29,-262.5,92.87128712871286
N2,130.3,103,30,-237.5,91.58415841584157
N2,130.3,103,31,-212.5,91.88118811881186
N2,130.3,103,32,-187.5,93.5148514851485
N2,130.3,103,33,-162.5,91.53465346534652
N2,130.3,103,34,-137.5,91.28712871287128
N2,130.3,103,35,-112.5,92.42574257425741
N2,130.3,103,36,-87.5,90.54455445544554
N2,130.3,103,37,-62.5,93.36633663366335
N2,130.3,103,38,-37.5,92.97029702970296
N2,130.3,103,39,-12.5,91.13861386138612
N2,130.3,103,40,12.5,87.82178217821782
N2,130.3,103,41,37.5,85.39603960396039
N2,130.3,103,42,62.5,86.93069306930691
N2,130.3,103,43,87.5,86.83168316831681
N2,130.3,103,44,112.5,86.58415841584157
N2,130.3,103,45,137.5,86.58415841584157
N2,130.3,103,46,162.5,85.59405940594058
N2,130.3,103,47,187.5,85.09900990099008
N2,130.3,103,48,212.5,85.24752475247523
N2,130.3,103,49,237.5,85.29702970297029
N2,130.3,103,50,262.5,85.99009900990097
N2,130.3,103,51,287.5,87.17821782178217
N2,130.3,103,52,312.5,85.34653465346534
N2,130.3,103,53,337.5,87.67326732673266
N2,130.3,103,54,362.5,86.08910891089107
N2,130.3,103,55,387.5,85.79207920792078
N2,130.3,103,56,412.5,86.18811881188118
N2,130.3,103,57,437.5,86.08910891089107
N2,130.3,103,58,462.5,86.38613861386138
N2,130.3,103,59,487.5,86.13861386138613
N2,130.3,103,60,512.5,85.39603960396039
N2,130.3,103,61,537.5,86.53465346534652
N2,130.3,103,62,562.5,85.39603960396039
N2,130.3,103,63,587.5,87.42574257425741
N2,130.3,103,64,612.5,85.99009900990097
N2,130.3,103,65,637.5,84.15841584158414
N2,130.3,103,66,662.5,86.63366336633662
N2,130.3,103,67,687.5,85.99009900990097
N2,130.3,103,68,712.5,85.54455445544554
N2,130.3,103,69,737.5,85.59405940594058
N2,130.3,103,70,762.5,85.44554455445544
N2,130.3,103,71,787.5,85.84158415841583
N2,130.3,103,72,812.5,85.44554455445544
N2,130.3,103,73,837.5,85.14851485148513
N2,130.3,103,74,862.5,85.89108910891088
N2,130.3,103,75,887.5,87.12871287128712
N2,130.3,103,76,912.5,86.58415841584157
N2,130.3,103,77,937.5,84.5049504950495
N2,130.3,103,78,962.5,86.88118811881186
N2,130.3,103,79,987.5,83.96039603960395
N2,130.3,104,0,-987.5,48.61386138613861
N2,130.3,104,1,-962.5,91.73267326732672
N2,130.3,104,2,-937.5,90.79207920792078
N2,130.3,104,3,-912.5,92.97029702970296
N2,130.3,104,4,-887.5,91.98019801980196
N2,130.3,104,5,-862.5,92.77227722772275
N2,130.3,104,6,-837.5,92.27722772277227
N2,130.3,104,7,-812.5,92.77227722772275
N2,130.3,104,8,-787.5,89.55445544554455
N2,130.3,104,9,-762.5,90.49504950495049
N2,130.3,104,10,-737.5,91.63366336633662
N2,130.3,104,11,-712.5,92.17821782178217
N2,130.3,104,12,-687.5,91.63366336633662
N2,130.3,104,13,-662.5,91.73267326732672
N2,130.3,104,14,-637.5,92.07920792079207
N2,130.3,104,15,-612.5,92.42574257425741
N2,130.3,104,16,-587.5,93.01980198019801
N2,130.3,104,17,-562.5,93.2178217821782
N2,130.3,104,18,-537.5,91.93069306930691
N2,130.3,104,19,-512.5,91.68316831683167
N2,130.3,104,20,-487.5,92.47524752475246
N2,130.3,104,21,-462.5,91.53465346534652
N2,130.3,104,22,-437.5,92.17821782178217
N2,130.3,104,23,-412.5,92.57425742574256
N2,130.3,104,24,-387.5,91.83168316831681
N2,130.3,104,25,-362.5,92.12871287128712
N2,130.3,104,26,-337.5,91.93069306930691
N2,130.3,104,27,-312.5,92.67326732673266
N2,130.3,104,28,-287.5,92.52475247524751
N2,130.3,104,29,-262.5,91.48514851485147
N2,130.3,104,30,-237.5,93.5148514851485
N2,130.3,104,31,-212.5,91.98019801980196
N2,130.3,104,32,-187.5,92.47524752475246
N2,130.3,104,33,-162.5,92.22772277227722
N2,130.3,104,34,-137.5,92.32673267326732
N2,130.3,104,35,-112.5,91.98019801980196
N2,130.3,104,36,-87.5,91.58415841584157
N2,130.3,104,37,-62.5,91.78217821782177
N2,130.3,104,38,-37.5,91.08910891089107
N2,130.3,104,39,-12.5,91.63366336633662
N2,130.3,104,40,12.5,86.48514851485147
N2,130.3,104,41,37.5,85.44554455445544
N2,130.3,104,42,62.5,84.85148514851484
N2,130.3,104,43,87.5,86.28712871287128
N2,130.3,104,44,112.5,86.28712871287128
N2,130.3,104,45,137.5,86.03960396039602
N2,130.3,104,46,162.5,85.09900990099008
N2,130.3,104,47,187.5,88.5148514851485
N2,130.3,104,48,212.5,86.63366336633662
N2,130.3,104,49,237.5,86.38613861386138
N2,130.3,104,50,262.5,86.78217821782177
N2,130.3,104,51,287.5,85.64356435643563
N2,130.3,104,52,312.5,85.29702970297029
N2,130.3,104,53,337.5,88.16831683168316
N2,130.3,104,54,362.5,84.99999999999999
N2,130.3,104,55,387.5,86.08910891089107
N2,130.3,104,56,412.5,86.68316831683167
N2,130.3,104,57,437.5,86.03960396039602
N2,130.3,104,58,462.5,85.74257425742573
N2,130.3,104,59,487.5,86.43564356435643
N2,130.3,104,60,512.5,86.33663366336633
N2,130.3,104,61,537.5,85.54455445544554
N2,130.3,104,62,562.5,86.83168316831681
N2,130.3,104,63,587.5,85.29702970297029
N2,130.3,104,64,612.5,86.53465346534652
N2,130.3,104,65,637.5,86.38613861386138
N2,130.3,104,66,662.5,86.63366336633662
N2,130.3,104,67,687.5,84.95049504950494
N2,130.3,104,68,712.5,86.43564356435643
N2,130.3,104,69,737.5,84.7029702970297
N2,130.3,104,70,762.5,84.7029702970297
N2,130.3,104,71,787.5,85.89108910891088
N2,130.3,104,72,812.5,84.6039603960396
N2,130.3,104,73,837.5,86.68316831683167
N2,130.3,104,74,862.5,85.99009900990097
N2,130.3,104,75,887.5,86.28712871287128
N2,130.3,104,76,912.5,86.58415841584157
N2,130.3,104,77,937.5,87.7227722772277
N2,130.3,104,78,962.5,85.44554455445544
N2,130.3,104,79,987.5,86.33663366336633
N2,130.3,105,0,-987.5,48.762376237623755
N2,130.3,105,1,-962.5,91.68316831683167
N2,130.3,105,2,-937.5,91.73267326732672
N2,130.3,105,3,-912.5,92.42574257425741
N2,130.3,105,4,-887.5,91.18811881188118
N2,130.3,105,5,-862.5,91.88118811881186
N2,130.3,105,6,-837.5,93.96039603960395
N2,130.3,105,7,-812.5,90.69306930693068
N2,130.3,105,8,-787.5,90.64356435643563
N2,130.3,105,9,-762.5,91.48514851485147
N2,130.3,105,10,-737.5,90.59405940594058
N2,130.3,105,11,-712.5,90.39603960396039
N2,130.3,105,12,-687.5,92.12871287128712
N2,130.3,105,13,-662.5,91.03960396039602
N2,130.3,105,14,-637.5,92.87128712871286
N2,130.3,105,15,-612.5,91.93069306930691
N2,130.3,105,16,-587.5,90.74257425742573
N2,130.3,105,17,-562.5,93.01980198019801
N2,130.3,105,18,-537.5,91.78217821782177
N2,130.3,105,19,-512.5,91.93069306930691
N2,130.3,105,20,-487.5,93.46534653465345
N2,130.3,105,21,-462.5,91.43564356435643
N2,130.3,105,22,-437.5,91.83168316831681
N2,130.3,105,23,-412.5,91.03960396039602
N2,130.3,105,24,-387.5,93.66336633663364
N2,130.3,105,25,-362.5,92.27722772277227
N2,130.3,105,26,-337.5,92.47524752475246
N2,130.3,105,27,-312.5,90.94059405940592
N2,130.3,105,28,-287.5,93.4158415841584
N2,130.3,105,29,-262.5,89.95049504950494
N2,130.3,105,30,-237.5,91.68316831683167
N2,130.3,105,31,-212.5,90.49504950495049
N2,130.3,105,32,-187.5,92.37623762376236
N2,130.3,105,33,-162.5,92.92079207920791
N2,130.3,105,34,-137.5,92.77227722772275
N2,130.3,105,35,-112.5,91.68316831683167
N2,130.3,105,36,-87.5,93.01980198019801
N2,130.3,105,37,-62.5,92.22772277227722
N2,130.3,105,38,-37.5,91.68316831683167
N2,130.3,105,39,-12.5,92.02970297029702
N2,130.3,105,40,12.5,87.67326732673266
N2,130.3,105,41,37.5,86.83168316831681
N2,130.3,105,42,62.5,86.03960396039602
N2,130.3,105,43,87.5,87.57425742574256
N2,130.3,105,44,112.5,86.83168316831681
N2,130.3,105,45,137.5,86.53465346534652
N2,130.3,105,46,162.5,85.74257425742573
N2,130.3,105,47,187.5,86.13861386138613
N2,130.3,105,48,212.5,84.99999999999999
N2,130.3,105,49,237.5,87.02970297029702
N2,130.3,105,50,262.5,86.08910891089107
N2,130.3,105,51,287.5,86.58415841584157
N2,130.3,105,52,312.5,85.34653465346534
N2,130.3,105,53,337.5,86.63366336633662
N2,130.3,105,54,362.5,85.59405940594058
N2,130.3,105,55,387.5,86.88118811881186
N2,130.3,105,56,412.5,85.89108910891088
N2,130.3,105,57,437.5,86.53465346534652
N2,130.3,105,58,462.5,85.94059405940592
N2,130.3,105,59,487.5,85.14851485148513
N2,130.3,105,60,512.5,86.98019801980197
N2,130.3,105,61,537.5,85.24752475247523
N2,130.3,105,62,562.5,84.85148514851484
N2,130.3,105,63,587.5,85.79207920792078
N2,130.3,105,64,612.5,87.67326732673266
N2,130.3,105,65,637.5,84.009900990099
N2,130.3,105,66,662.5,85.14851485148513
N2,130.3,105,67,687.5,87.47524752475246
N2,130.3,105,68,712.5,84.2079207920792
N2,130.3,105,69,737.5,86.68316831683167
N2,130.3,105,70,762.5,87.77227722772275
N2,130.3,105,71,787.5,86.53465346534652
N2,130.3,105,72,812.5,84.85148514851484
N2,130.3,105,73,837.5,86.18811881188118
N2,130.3,105,74,862.5,84.6039603960396
N2,130.3,105,75,887.5,85.69306930693068
N2,130.3,105,76,912.5,85.64356435643563
N2,130.3,105,77,937.5,85.59405940594058
N2,130.3,105,78,962.5,86.63366336633662
N2,130.3,105,79,987.5,86.43564356435643
N2,15.3,101,0,-987.5,30.099009900990094
N2,15.3,101,1,-962.5,86.93069306930691
N2,15.3,101,2,-937.5,88.2178217821782
N2,15.3,101,3,-912.5,85.19801980198018
N2,15.3,101,4,-887.5,86.68316831683167
N2,15.3,101,5,-862.5,85.89108910891088
N2,15.3,101,6,-837.5,86.93069306930691
N2,15.3,101,7,-812.5,85.84158415841583
N2,15.3,101,8,-787.5,86.03960396039602
N2,15.3,101,9,-762.5,86.58415841584157
N2,15.3,101,10,-737.5,85.54455445544554
N2,15.3,101,11,-712.5,87.22772277227722
N2,15.3,101,12,-687.5,86.63366336633662
N2,15.3,101,13,-662.5,87.22772277227722
N2,15.3,101,14,-637.5,86.08910891089107
N2,15.3,101,15,-612.5,86.63366336633662
N2,15.3,101,16,-587.5,87.27722772277227
N2,15.3,101,17,-562.5,87.7227722772277
N2,15.3,101,18,-537.5,86.48514851485147
N2,15.3,101,19,-512.5,87.52475247524751
N2,15.3,101,20,-487.5,86.73267326732672
N2,15.3,101,21,-462.5,86.63366336633662
N2,15.3,101,22,-437.5,85.74257425742573
N2,15.3,101,23,-412.5,86.88118811881186
N2,15.3,101,24,-387.5,86.53465346534652
N2,15.3,101,25,-362.5,87.32673267326732
N2,15.3,101,26,-337.5,87.27722772277227
N2,15.3,101,27,-312.5,87.42574257425741
N2,15.3,101,28,-287.5,87.52475247524751
N2,15.3,101,29,-262.5,85.09900990099008
N2,15.3,101,30,-237.5,88.16831683168316
N2,15.3,101,31,-212.5,86.93069306930691
N2,15.3,101,32,-187.5,85.74257425742573
N2,15.3,101,33,-162.5,87.02970297029702
N2,15.3,101,34,-137.5,87.77227722772275
N2,15.3,101,35,-112.5,87.12871287128712
N2,15.3,101,36,-87.5,86.73267326732672
N2,15.3,101,37,-62.5,87.32673267326732
N2,15.3,101,38,-37.5,85.39603960396039
N2,15.3,101,39,-12.5,87.62376237623761
N2,15.3,101,40,12.5,87.42574257425741
N2,15.3,101,41,37.5,85.99009900990097
N2,15.3,101,42,62.5,87.62376237623761
N2,15.3,101,43,87.5,85.79207920792078
N2,15.3,101,44,112.5,86.58415841584157
N2,15.3,101,45,137.5,86.48514851485147
N2,15.3,101,46,162.5,86.03960396039602
N2,15.3,101,47,187.5,86.63366336633662
N2,15.3,101,48,212.5,86.88118811881186
N2,15.3,101,49,237.5,87.67326732673266
N2,15.3,101,50,262.5,85.64356435643563
N2,15.3,101,51,287.5,87.12871287128712
N2,15.3,101,52,312.5,84.95049504950494
N2,15.3,101,53,337.5,87.37623762376236
N2,15.3,101,54,362.5,85.34653465346534
N2,15.3,101,55,387.5,87.22772277227722
N2,15.3,101,56,412.5,86.68316831683167
N2,15.3,101,57,437.5,85.74257425742573
N2,15.3,101,58,462.5,87.22772277227722
N2,15.3,101,59,487.5,85.24752475247523
N2,15.3,101,60,512.5,85.24752475247523
N2,15.3,101,61,537.5,85.99009900990097
N2,15.3,101,62,562.5,87.57425742574256
N2,15.3,101,63,587.5,87.02970297029702
N2,15.3,101,64,612.5,86.73267326732672
N2,15.3,101,65,637.5,86.53465346534652
N2,15.3,101,66,662.5,86.68316831683167
N2,15.3,101,67,687.5,86.48514851485147
N2,15.3,101,68,712.5,86.33663366336633
N2,15.3,101,69,737.5,85.69306930693068
N2,15.3,101,70,762.5,87.32673267326732
N2,15.3,101,71,787.5,86.18811881188118
N2,15.3,101,72,812.5,85.64356435643563
N2,15.3,101,73,837.5,87.52475247524751
N2,15.3,101,74,862.5,85.54455445544554
N2,15.3,101,75,887.5,86.08910891089107
N2,15.3,101,76,912.5,86.38613861386138
N2,15.3,101,77,937.5,85.89108910891088
N2,15.3,101,78,962.5,86.58415841584157
N2,15.3,101,79,987.5,84.7029702970297
N2,15.3,102,0,-987.5,25.940594059405935
N2,15.3,102,1,-962.5,86.33663366336633
N2,15.3,102,2,-937.5,86.83168316831681
N2,15.3,102,3,-912.5,87.17821782178217
N2,15.3,102,4,-887.5,85.89108910891088
N2,15.3,102,5,-862.5,87.17821782178217
N2,15.3,102,6,-837.5,87.62376237623761
N2,15.3,102,7,-812.5,86.58415841584157
N2,15.3,102,8,-787.5,87.67326732673266
N2,15.3,102,9,-762.5,86.88118811881186
N2,15.3,102,10,-737.5,87.02970297029702
N2,15.3,102,11,-712.5,87.82178217821782
N2,15.3,102,12,-687.5,86.03960396039602
N2,15.3,102,13,-662.5,87.82178217821782
N2,15.3,102,14,-637.5,87.62376237623761
N2,15.3,102,15,-612.5,86.83168316831681
N2,15.3,102,16,-587.5,85.24752475247523
N2,15.3,102,17,-562.5,86.93069306930691
N2,15.3,102,18,-537.5,86.78217821782177
N2,15.3,102,19,-512.5,87.92079207920791
N2,15.3,102,20,-487.5,86.58415841584157
N2,15.3,102,21,-462.5,87.02970297029702
N2,15.3,102,22,-437.5,87.62376237623761
N2,15.3,102,23,-412.5,85.99009900990097
N2,15.3,102,24,-387.5,85.94059405940592
N2,15.3,102,25,-362.5,87.7227722772277
N2,15.3,102,26,-337.5,87.37623762376236
N2,15.3,102,27,-312.5,86.98019801980197
N2,15.3,102,28,-287.5,87.52475247524751
N2,15.3,102,29,-262.5,88.06930693069306
N2,15.3,102,30,-237.5,86.28712871287128
N2,15.3,102,31,-212.5,87.07920792079207
N2,15.3,102,32,-187.5,87.12871287128712
N2,15.3,102,33,-162.5,88.01980198019801
N2,15.3,102,34,-137.5,86.63366336633662
N2,15.3,102,35,-112.5,87.12871287128712
N2,15.3,102,36,-87.5,88.06930693069306
N2,15.3,102,37,-62.5,85.99009900990097
N2,15.3,102,38,-37.5,85.89108910891088
N2,15.3,102,39,-12.5,86.78217821782177
N2,15.3,102,40,12.5,84.6039603960396
N2,15.3,102,41,37.5,87.12871287128712
N2,15.3,102,42,62.5,84.85148514851484
N2,15.3,102,43,87.5,86.33663366336633
N2,15.3,102,44,112.5,86.83168316831681
N2,15.3,102,45,137.5,85.69306930693068
N2,15.3,102,46,162.5,86.08910891089107
N2,15.3,102,47,187.5,86.13861386138613
N2,15.3,102,48,212.5,86.18811881188118
N2,15.3,102,49,237.5,86.88118811881186
N2,15.3,102,50,262.5,87.57425742574256
N2,15.3,102,51,287.5,87.37623762376236
N2,15.3,102,52,312.5,86.53465346534652
N2,15.3,102,53,337.5,86.83168316831681
N2,15.3,102,54,362.5,85.44554455445544
N2,15.3,102,55,387.5,85.44554455445544
N2,15.3,102,56,412.5,85.29702970297029
N2,15.3,102,57,437.5,85.89108910891088
N2,15.3,102,58,462.5,84.85148514851484
N2,15.3,102,59,487.5,86.03960396039602
N2,15.3,102,60,512.5,86.28712871287128
N2,15.3,102,61,537.5,87.67326732673266
N2,15.3,102,62,562.5,84.7029702970297
N2,15.3,102,63,587.5,87.32673267326732
N2,15.3,102,64,612.5,85.54455445544554
N2,15.3,102,65,637.5,85.64356435643563
N2,15.3,102,66,662.5,85.04950495049503
N2,15.3,102,67,687.5,87.12871287128712
N2,15.3,102,68,712.5,85.09900990099008
N2,15.3,102,69,737.5,86.23762376237623
N2,15.3,102,70,762.5,86.08910891089107
N2,15.3,102,71,787.5,86.23762376237623
N2,15.3,102,72,812.5,85.39603960396039
N2,15.3,102,73,837.5,86.38613861386138
N2,15.3,102,74,862.5,86.03960396039602
N2,15.3,102,75,887.5,86.38613861386138
N2,15.3,102,76,912.5,86.48514851485147
N2,15.3,102,77,937.5,84.25742574257424
N2,15.3,102,78,962.5,87.82178217821782
N2,15.3,102,79,987.5,86.23762376237623
N2,15.3,103,0,-987.5,34.257425742574256
N2,15.3,103,1,-962.5,86.48514851485147
N2,15.3,103,2,-937.5,85.59405940594058
N2,15.3,103,3,-912.5,86.43564356435643
N2,15.3,103,4,-887.5,86.83168316831681
N2,15.3,103,5,-862.5,87.92079207920791
N2,15.3,103,6,-837.5,86.38613861386138
N2,15.3,103,7,-812.5,87.07920792079207
N2,15.3,103,8,-787.5,86.28712871287128
N2,15.3,103,9,-762.5,88.06930693069306
N2,15.3,103,10,-737.5,86.28712871287128
N2,15.3,103,11,-712.5,87.02970297029702
N2,15.3,103,12,-687.5,86.68316831683167
N2,15.3,103,13,-662.5,86.28712871287128
N2,15.3,103,14,-637.5,87.32673267326732
N2,15.3,103,15,-612.5,86.38613861386138
N2,15.3,103,16,-587.5,86.98019801980197
N2,15.3,103,17,-562.5,86.88118811881186
N2,15.3,103,18,-537.5,86.08910891089107
N2,15.3,103,19,-512.5,87.62376237623761
N2,15.3,103,20,-487.5,85.64356435643563
N2,15.3,103,21,-462.5,86.83168316831681
N2,15.3,103,22,-437.5,86.83168316831681
N2,15.3,103,23,-412.5,87.02970297029702
N2,15.3,103,24,-387.5,87.82178217821782
N2,15.3,103,25,-362.5,85.84158415841583
N2,15.3,103,26,-337.5,86.63366336633662
N2,15.3,103,27,-312.5,84.45544554455445
N2,15.3,103,28,-287.5,86.93069306930691
N2,15.3,103,29,-262.5,86.03960396039602
N2,15.3,103,30,-237.5,87.42574257425741
N2,15.3,103,31,-212.5,85.49504950495049
N2,15.3,103,32,-187.5,86.88118811881186
N2,15.3,103,33,-162.5,86.33663366336633
N2,15.3,103,34,-137.5,87.97029702970296
N2,15.3,103,35,-112.5,86.23762376237623
N2,15.3,103,36,-87.5,87.52475247524751
N2,15.3,103,37,-62.5,86.88118811881186
N2,15.3,103,38,-37.5,87.32673267326732
N2,15.3,103,39,-12.5,87.22772277227722
N2,15.3,103,40,12.5,85.84158415841583
N2,15.3,103,41,37.5,86.43564356435643
N2,15.3,103,42,62.5,85.24752475247523
N2,15.3,103,43,87.5,87.37623762376236
N2,15.3,103,44,112.5,86.23762376237623
N2,15.3,103,45,137.5,87.27722772277227
N2,15.3,103,46,162.5,85.19801980198018
N2,15.3,103,47,187.5,86.38613861386138
N2,15.3,103,48,212.5,86.93069306930691
N2,15.3,103,49,237.5,86.33663366336633
N2,15.3,103,50,262.5,85.84158415841583
N2,15.3,103,51,287.5,87.7227722772277
N2,15.3,103,52,312.5,85.29702970297029
N2,15.3,103,53,337.5,86.43564356435643
N2,15.3,103,54,362.5,87.22772277227722
N2,15.3,103,55,387.5,87.27722772277227
N2,15.3,103,56,412.5,85.54455445544554
N2,15.3,103,57,437.5,85.94059405940592
N2,15.3,103,58,462.5,85.64356435643563
N2,15.3,103,59,487.5,86.33663366336633
N2,15.3,103,60,512.5,84.05940594059405
N2,15.3,103,61,537.5,85.94059405940592
N2,15.3,103,62,562.5,86.18811881188118
N2,15.3,103,63,587.5,85.59405940594058
N2,15.3,103,64,612.5,85.14851485148513
N2,15.3,103,65,637.5,84.90099009900989
N2,15.3,103,66,662.5,86.08910891089107
N2,15.3,103,67,687.5,85.34653465346534
N2,15.3,103,68,712.5,86.33663366336633
N2,15.3,103,69,737.5,85.24752475247523
N2,15.3,103,70,762.5,86.38613861386138
N2,15.3,103,71,787.5,85.89108910891088
N2,15.3,103,72,812.5,85.69306930693068
N2,15.3,103,73,837.5,86.43564356435643
N2,15.3,103,74,862.5,85.49504950495049
N2,15.3,103,75,887.5,86.63366336633662
N2,15.3,103,76,912.5,86.88118811881186
N2,15.3,103,77,937.5,85.74257425742573
N2,15.3,103,78,962.5,85.79207920792078
N2,15.3,103,79,987.5,87.22772277227722
N2,15.3,104,0,-987.5,26.287128712871283
N2,15.3,104,1,-962.5,85.49504950495049
N2,15.3,104,2,-937.5,88.16831683168316
N2,15.3,104,3,-912.5,84.90099009900989
N2,15.3,104,4,-887.5,85.84158415841583
N2,15.3,104,5,-862.5,87.52475247524751
N2,15.3,104,6,-837.5,86.48514851485147
N2,15.3,104,7,-812.5,86.33663366336633
N2,15.3,104,8,-787.5,86.23762376237623
N2,15.3,104,9,-762.5,86.58415841584157
N2,15.3,104,10,-737.5,86.53465346534652
N2,15.3,104,11,-712.5,87.02970297029702
N2,15.3,104,12,-687.5,87.47524752475246
N2,15.3,104,13,-662.5,85.84158415841583
N2,15.3,104,14,-637.5,87.47524752475246
N2,15.3,104,15,-612.5,87.17821782178217
N2,15.3,104,16,-587.5,87.17821782178217
N2,15.3,104,17,-562.5,86.48514851485147
N2,15.3,104,18,-537.5,86.83168316831681
N2,15.3,104,19,-512.5,87.62376237623761
N2,15.3,104,20,-487.5,86.63366336633662
N2,15.3,104,21,-462.5,86.53465346534652
N2,15.3,104,22,-437.5,86.68316831683167
N2,15.3,104,23,-412.5,87.37623762376236
N2,15.3,104,24,-387.5,86.43564356435643
N2,15.3,104,25,-362.5,86.68316831683167
N2,15.3,104,26,-337.5,86.08910891089107
N2,15.3,104,27,-312.5,88.01980198019801
N2,15.3,104,28,-287.5,87.77227722772275
N2,15.3,104,29,-262.5,85.64356435643563
N2,15.3,104,30,-237.5,88.56435643564355
N2,15.3,104,31,-212.5,87.77227722772275
N2,15.3,104,32,-187.5,87.52475247524751
N2,15.3,104,33,-162.5,85.84158415841583
N2,15.3,104,34,-137.5,85.74257425742573
N2,15.3,104,35,-112.5,87.02970297029702
N2,15.3,104,36,-87.5,87.57425742574256
N2,15.3,104,37,-62.5,86.73267326732672
N2,15.3,104,38,-37.5,87.02970297029702
N2,15.3,104,39,-12.5,86.03960396039602
N2,15.3,104,40,12.5,86.68316831683167
N2,15.3,104,41,37.5,87.92079207920791
N2,15.3,104,42,62.5,85.14851485148513
N2,15.3,104,43,87.5,85.19801980198018
N2,15.3,104,44,112.5,85.64356435643563
N2,15.3,104,45,137.5,85.44554455445544
N2,15.3,104,46,162.5,85.99009900990097
N2,15.3,104,47,187.5,86.73267326732672
N2,15.3,104,48,212.5,85.44554455445544
N2,15.3,104,49,237.5,85.79207920792078
N2,15.3,104,50,262.5,86.08910891089107
N2,15.3,104,51,287.5,87.02970297029702
N2,15.3,104,52,312.5,84.65346534653465
N2,15.3,104,53,337.5,87.27722772277227
N2,15.3,104,54,362.5,87.07920792079207
N2,15.3,104,55,387.5,83.86138613861385
N2,15.3,104,56,412.5,87.22772277227722
N2,15.3,104,57,437.5,86.08910891089107
N2,15.3,104,58,462.5,85.39603960396039
N2,15.3,104,59,487.5,85.54455445544554
N2,15.3,104,60,512.5,86.63366336633662
N2,15.3,104,61,537.5,85.84158415841583
N2,15.3,104,62,562.5,86.23762376237623
N2,15.3,104,63,587.5,85.54455445544554
N2,15.3,104,64,612.5,86.48514851485147
N2,15.3,104,65,637.5,85.34653465346534
N2,15.3,104,66,662.5,86.08910891089107
N2,15.3,104,67,687.5,85.94059405940592
N2,15.3,104,68,712.5,87.02970297029702
N2,15.3,104,69,737.5,87.27722772277227
N2,15.3,104,70,762.5,84.85148514851484
N2,15.3,104,71,787.5,86.78217821782177
N2,15.3,104,72,812.5,86.18811881188118
N2,15.3,104,73,837.5,85.84158415841583
N2,15.3,104,74,862.5,86.03960396039602
N2,15.3,104,75,887.5,87.22772277227722
N2,15.3,104,76,912.5,86.73267326732672
N2,15.3,104,77,937.5,86.08910891089107
N2,15.3,104,78,962.5,85.69306930693068
N2,15.3,104,79,987.5,86.58415841584157
N2,15.3,105,0,-987.5,25.247524752475243
N2,15.3,105,1,-962.5,86.63366336633662
N2,15.3,105,2,-937.5,87.07920792079207
N2,15.3,105,3,-912.5,87.27722772277227
N2,15.3,105,4,-887.5,87.97029702970296
N2,15.3,105,5,-862.5,87.52475247524751
N2,15.3,105,6,-837.5,85.89108910891088
N2,15.3,105,7,-812.5,87.07920792079207
N2,15.3,105,8,-787.5,86.28712871287128
N2,15.3,105,9,-762.5,86.18811881188118
N2,15.3,105,10,-737.5,86.03960396039602
N2,15.3,105,11,-712.5,85.59405940594058
N2,15.3,105,12,-687.5,88.46534653465345
N2,15.3,105,13,-662.5,86.88118811881186
N2,15.3,105,14,-637.5,86.08910891089107
N2,15.3,105,15,-612.5,85.39603960396039
N2,15.3,105,16,-587.5,88.2178217821782
N2,15.3,105,17,-562.5,87.37623762376236
N2,15.3,105,18,-537.5,86.38613861386138
N2,15.3,105,19,-512.5,85.44554455445544
N2,15.3,105,20,-487.5,86.88118811881186
N2,15.3,105,21,-462.5,87.22772277227722
N2,15.3,105,22,-437.5,86.58415841584157
N2,15.3,105,23,-412.5,85.54455445544554
N2,15.3,105,24,-387.5,87.12871287128712
N2,15.3,105,25,-362.5,87.07920792079207
N2,15.3,105,26,-337.5,86.13861386138613
N2,15.3,105,27,-312.5,86.78217821782177
N2,15.3,105,28,-287.5,87.57425742574256
N2,15.3,105,29,-262.5,85.69306930693068
N2,15.3,105,30,-237.5,85.94059405940592
N2,15.3,105,31,-212.5,85.19801980198018
N2,15.3,105,32,-187.5,88.06930693069306
N2,15.3,105,33,-162.5,87.7227722772277
N2,15.3,105,34,-137.5,87.42574257425741
N2,15.3,105,35,-112.5,85.09900990099008
N2,15.3,105,36,-87.5,88.11881188118811
N2,15.3,105,37,-62.5,85.99009900990097
N2,15.3,105,38,-37.5,86.78217821782177
N2,15.3,105,39,-12.5,87.87128712871286
N2,15.3,105,40,12.5,86.03960396039602
N2,15.3,105,41,37.5,85.84158415841583
N2,15.3,105,42,62.5,87.42574257425741
N2,15.3,105,43,87.5,86.78217821782177
N2,15.3,105,44,112.5,85.74257425742573
N2,15.3,105,45,137.5,86.18811881188118
N2,15.3,105,46,162.5,86.28712871287128
N2,15.3,105,47,187.5,85.19801980198018
N2,15.3,105,48,212.5,85.59405940594058
N2,15.3,105,49,237.5,86.43564356435643
N2,15.3,105,50,262.5,86.28712871287128
N2,15.3,105,51,287.5,85.54455445544554
N2,15.3,105,52,312.5,86.68316831683167
N2,15.3,105,53,337.5,86.13861386138613
N2,15.3,105,54,362.5,85.19801980198018
N2,15.3,105,55,387.5,86.13861386138613
N2,15.3,105,56,412.5,85.89108910891088
N2,15.3,105,57,437.5,86.88118811881186
N2,15.3,105,58,462.5,85.04950495049503
N2,15.3,105,59,487.5,87.12871287128712
N2,15.3,105,60,512.5,85.44554455445544
N2,15.3,105,61,537.5,86.88118811881186
N2,15.3,105,62,562.5,85.59405940594058
N2,15.3,105,63,587.5,86.53465346534652
N2,15.3,105,64,612.5,86.38613861386138
N2,15.3,105,65,637.5,85.24752475247523
N2,15.3,105,66,662.5,86.68316831683167
N2,15.3,105,67,687.5,86.88118811881186
N2,15.3,105,68,712.5,84.5049504950495
N2,15.3,105,69,737.5,85.69306930693068
N2,15.3,105,70,762.5,86.88118811881186
N2,15.3,105,71,787.5,86.43564356435643
N2,15.3,105,72,812.5,86.03960396039602
N2,15.3,105,73,837.5,86.28712871287128
N2,15.3,105,74,862.5,85.59405940594058
N2,15.3,105,75,887.5,87.77227722772275
N2,15.3,105,76,912.5,86.18811881188118
N2,15.3,105,77,937.5,86.13861386138613
N2,15.3,105,78,962.5,84.25742574257424
N2,15.3,105,79,987.5,86.63366336633662
N2,200.0,101,0,-987.5,51.63366336633663
N2,200.0,101,1,-962.5,93.6138613861386
N2,200.0,101,2,-937.5,93.46534653465345
N2,200.0,101,3,-912.5,93.8118811881188
N2,200.0,101,4,-887.5,93.7128712871287
N2,200.0,101,5,-862.5,94.25742574257424
N2,200.0,101,6,-837.5,95.24752475247523
N2,200.0,101,7,-812.5,94.50495049504948
N2,200.0,101,8,-787.5,93.36633663366335
N2,200.0,101,9,-762.5,92.92079207920791
N2,200.0,101,10,-737.5,95.74257425742573
N2,200.0,101,11,-712.5,93.5148514851485
N2,200.0,101,12,-687.5,94.6039603960396
N2,200.0,101,13,-662.5,94.55445544554455
N2,200.0,101,14,-637.5,93.86138613861385
N2,200.0,101,15,-612.5,93.5148514851485
N2,200.0,101,16,-587.5,93.06930693069306
N2,200.0,101,17,-562.5,95.24752475247523
N2,200.0,101,18,-537.5,93.26732673267325
N2,200.0,101,19,-512.5,95.09900990099008
N2,200.0,101,20,-487.5,93.46534653465345
N2,200.0,101,21,-462.5,94.6039603960396
N2,200.0,101,22,-437.5,93.26732673267325
N2,200.0,101,23,-412.5,94.80198019801979
N2,200.0,101,24,-387.5,95.29702970297028
N2,200.0,101,25,-362.5,93.11881188118811
N2,200.0,101,26,-337.5,94.30693069306929
N2,200.0,101,27,-312.5,95.04950495049503
N2,200.0,101,28,-287.5,94.90099009900989
N2,200.0,101,29,-262.5,94.50495049504948
N2,200.0,101,30,-237.5,93.76237623762376
N2,200.0,101,31,-212.5,95.39603960396039
N2,200.0,101,32,-187.5,93.56435643564355
N2,200.0,101,33,-162.5,94.009900990099
N2,200.0,101,34,-137.5,93.56435643564355
N2,200.0,101,35,-112.5,96.13861386138612
N2,200.0,101,36,-87.5,93.7128712871287
N2,200.0,101,37,-62.5,93.16831683168316
N2,200.0,101,38,-37.5,93.96039603960395
N2,200.0,101,39,-12.5,92.97029702970296
N2,200.0,101,40,12.5,87.7227722772277
N2,200.0,101,41,37.5,85.54455445544554
N2,200.0,101,42,62.5,85.94059405940592
N2,200.0,101,43,87.5,86.58415841584157
N2,200.0,101,44,112.5,86.18811881188118
N2,200.0,101,45,137.5,87.82178217821782
N2,200.0,101,46,162.5,84.45544554455445
N2,200.0,101,47,187.5,87.7227722772277
N2,200.0,101,48,212.5,85.74257425742573
N2,200.0,101,49,237.5,85.99009900990097
N2,200.0,101,50,262.5,86.88118811881186
N2,200.0,101,51,287.5,87.17821782178217
N2,200.0,101,52,312.5,87.92079207920791
N2,200.0,101,53,337.5,86.38613861386138
N2,200.0,101,54,362.5,86.68316831683167
N2,200.0,101,55,387.5,86.33663366336633
N2,200.0,101,56,412.5,84.65346534653465
N2,200.0,101,57,437.5,86.43564356435643
N2,200.0,101,58,462.5,86.08910891089107
N2,200.0,101,59,487.5,84.2079207920792
N2,200.0,101,60,512.5,85.79207920792078
N2,200.0,101,61,537.5,87.97029702970296
N2,200.0,101,62,562.5,84.30693069306929
N2,200.0,101,63,587.5,87.52475247524751
N2,200.0,101,64,612.5,86.68316831683167
N2,200.0,101,65,637.5,85.29702970297029
N2,200.0,101,66,662.5,85.49504950495049
N2,200.0,101,67,687.5,85.44554455445544
N2,200.0,101,68,712.5,87.42574257425741
N2,200.0,101,69,737.5,86.58415841584157
N2,200.0,101,70,762.5,85.29702970297029
N2,200.0,101,71,787.5,87.77227722772275
N2,200.0,101,72,812.5,86.08910891089107
N2,200.0,101,73,837.5,85.89108910891088
N2,200.0,101,74,862.5,86.28712871287128
N2,200.0,101,75,887.5,86.48514851485147
N2,200.0,101,76,912.5,86.38613861386138
N2,200.0,101,77,937.5,85.89108910891088
N2,200.0,101,78,962.5,86.38613861386138
N2,200.0,101,79,987.5,86.43564356435643
N2,200.0,102,0,-987.5,51.78217821782177
N2,200.0,102,1,-962.5,94.30693069306929
N2,200.0,102,2,-937.5,93.76237623762376
N2,200.0,102,3,-912.5,94.35643564356434
N2,200.0,102,4,-887.5,93.2178217821782
N2,200.0,102,5,-862.5,93.3168316831683
N2,200.0,102,6,-837.5,94.55445544554455
N2,200.0,102,7,-812.5,93.7128712871287
N2,200.0,102,8,-787.5,94.35643564356434
N2,200.0,102,9,-762.5,94.40594059405939
N2,200.0,102,10,-737.5,94.80198019801979
N2,200.0,102,11,-712.5,94.6039603960396
N2,200.0,102,12,-687.5,93.46534653465345
N2,200.0,102,13,-662.5,94.40594059405939
N2,200.0,102,14,-637.5,94.35643564356434
N2,200.0,102,15,-612.5,91.93069306930691
N2,200.0,102,16,-587.5,93.26732673267325
N2,200.0,102,17,-562.5,95.79207920792078
N2,200.0,102,18,-537.5,93.06930693069306
N2,200.0,102,19,-512.5,93.96039603960395
N2,200.0,102,20,-487.5,95.54455445544554
N2,200.0,102,21,-462.5,94.05940594059405
N2,200.0,102,22,-437.5,93.16831683168316
N2,200.0,102,23,-412.5,93.7128712871287
N2,200.0,102,24,-387.5,95.44554455445544
N2,200.0,102,25,-362.5,94.50495049504948
N2,200.0,102,26,-337.5,93.8118811881188
N2,200.0,102,27,-312.5,94.15841584158414
N2,200.0,102,28,-287.5,94.55445544554455
N2,200.0,102,29,-262.5,93.9108910891089
N2,200.0,102,30,-237.5,93.36633663366335
N2,200.0,102,31,-212.5,93.36633663366335
N2,200.0,102,32,-187.5,94.2079207920792
N2,200.0,102,33,-162.5,94.45544554455444
N2,200.0,102,34,-137.5,94.75247524752474
N2,200.0,102,35,-112.5,92.27722772277227
N2,200.0,102,36,-87.5,95.69306930693068
N2,200.0,102,37,-62.5,93.56435643564355
N2,200.0,102,38,-37.5,95.09900990099008
N2,200.0,102,39,-12.5,94.15841584158414
N2,200.0,102,40,12.5,87.07920792079207
N2,200.0,102,41,37.5,87.27722772277227
N2,200.0,102,42,62.5,86.53465346534652
N2,200.0,102,43,87.5,87.67326732673266
N2,200.0,102,44,112.5,85.04950495049503
N2,200.0,102,45,137.5,87.47524752475246
N2,200.0,102,46,162.5,85.89108910891088
N2,200.0,102,47,187.5,85.44554455445544
N2,200.0,102,48,212.5,86.23762376237623
N2,200.0,102,49,237.5,86.83168316831681
N2,200.0,102,50,262.5,87.07920792079207
N2,200.0,102,51,287.5,85.99009900990097
N2,200.0,102,52,312.5,87.67326732673266
N2,200.0,102,53,337.5,86.43564356435643
N2,200.0,102,54,362.5,87.02970297029702
N2,200.0,102,55,387.5,84.80198019801979
N2,200.0,102,56,412.5,87.92079207920791
N2,200.0,102,57,437.5,87.27722772277227
N2,200.0,102,58,462.5,86.33663366336633
N2,200.0,102,59,487.5,86.13861386138613
N2,200.0,102,60,512.5,85.44554455445544
N2,200.0,102,61,537.5,86.53465346534652
N2,200.0,102,62,562.5,86.48514851485147
N2,200.0,102,63,587.5,83.4158415841584
N2,200.0,102,64,612.5,87.17821782178217
N2,200.0,102,65,637.5,86.73267326732672
N2,200.0,102,66,662.5,85.74257425742573
N2,200.0,102,67,687.5,87.02970297029702
N2,200.0,102,68,712.5,86.03960396039602
N2,200.0,102,69,737.5,87.82178217821782
N2,200.0,102,70,762.5,86.88118811881186
N2,200.0,102,71,787.5,86.53465346534652
N2,200.0,102,72,812.5,86.23762376237623
N2,200.0,102,73,837.5,86.58415841584157
N2,200.0,102,74,862.5,87.32673267326732
N2,200.0,102,75,887.5,86.83168316831681
N2,200.0,102,76,912.5,85.14851485148513
N2,200.0,102,77,937.5,85.14851485148513
N2,200.0,102,78,962.5,87.22772277227722
N2,200.0,102,79,987.5,85.59405940594058
N2,200.0,103,0,-987.5,52.47524752475247
N2,200.0,103,1,-962.5,93.4158415841584
N2,200.0,103,2,-937.5,93.16831683168316
N2,200.0,103,3,-912.5,94.15841584158414
N2,200.0,103,4,-887.5,92.8217821782178
N2,200.0,103,5,-862.5,96.38613861386138
N2,200.0,103,6,-837.5,93.36633663366335
N2,200.0,103,7,-812.5,92.97029702970296
N2,200.0,103,8,-787.5,95.09900990099008
N2,200.0,103,9,-762.5,94.2079207920792
N2,200.0,103,10,-737.5,92.92079207920791
N2,200.0,103,11,-712.5,94.95049504950494
N2,200.0,103,12,-687.5,92.27722772277227
N2,200.0,103,13,-662.5,94.009900990099
N2,200.0,103,14,-637.5,95.29702970297028
N2,200.0,103,15,-612.5,92.47524752475246
N2,200.0,103,16,-587.5,94.15841584158414
N2,200.0,103,17,-562.5,94.55445544554455
N2,200.0,103,18,-537.5,93.8118811881188
N2,200.0,103,19,-512.5,93.76237623762376
N2,200.0,103,20,-487.5,92.97029702970296
N2,200.0,103,21,-462.5,96.23762376237623
N2,200.0,103,22,-437.5,91.33663366336633
N2,200.0,103,23,-412.5,93.7128712871287
N2,200.0,103,24,-387.5,94.50495049504948
N2,200.0,103,25,-362.5,92.92079207920791
N2,200.0,103,26,-337.5,94.40594059405939
N2,200.0,103,27,-312.5,94.75247524752474
N2,200.0,103,28,-287.5,93.56435643564355
N2,200.0,103,29,-262.5,94.7029702970297
N2,200.0,103,30,-237.5,94.65346534653465
N2,200.0,103,31,-212.5,93.8118811881188
N2,200.0,103,32,-187.5,94.40594059405939
N2,200.0,103,33,-162.5,94.009900990099
N2,200.0,103,34,-137.5,94.15841584158414
N2,200.0,103,35,-112.5,94.7029702970297
N2,200.0,103,36,-87.5,93.96039603960395
N2,200.0,103,37,-62.5,94.30693069306929
N2,200.0,103,38,-37.5,94.05940594059405
N2,200.0,103,39,-12.5,94.80198019801979
N2,200.0,103,40,12.5,87.57425742574256
N2,200.0,103,41,37.5,85.34653465346534
N2,200.0,103,42,62.5,86.08910891089107
N2,200.0,103,43,87.5,86.88118811881186
N2,200.0,103,44,112.5,85.84158415841583
N2,200.0,103,45,137.5,87.02970297029702
N2,200.0,103,46,162.5,86.73267326732672
N2,200.0,103,47,187.5,86.23762376237623
N2,200.0,103,48,212.5,85.19801980198018
N2,200.0,103,49,237.5,87.22772277227722
N2,200.0,103,50,262.5,86.03960396039602
N2,200.0,103,51,287.5,86.73267326732672
N2,200.0,103,52,312.5,86.53465346534652
N2,200.0,103,53,337.5,86.43564356435643
N2,200.0,103,54,362.5,86.58415841584157
N2,200.0,103,55,387.5,86.73267326732672
N2,200.0,103,56,412.5,86.03960396039602
N2,200.0,103,57,437.5,87.57425742574256
N2,200.0,103,58,462.5,86.73267326732672
N2,200.0,103,59,487.5,84.6039603960396
N2,200.0,103,60,512.5,87.97029702970296
N2,200.0,103,61,537.5,85.04950495049503
N2,200.0,103,62,562.5,85.49504950495049
N2,200.0,103,63,587.5,85.74257425742573
N2,200.0,103,64,612.5,86.23762376237623
N2,200.0,103,65,637.5,86.73267326732672
N2,200.0,103,66,662.5,84.15841584158414
N2,200.0,103,67,687.5,86.33663366336633
N2,200.0,103,68,712.5,86.58415841584157
N2,200.0,103,69,737.5,85.64356435643563
N2,200.0,103,70,762.5,86.58415841584157
N2,200.0,103,71,787.5,85.49504950495049
N2,200.0,103,72,812.5,86.78217821782177
N2,200.0,103,73,837.5,86.33663366336633
N2,200.0,103,74,862.5,87.42574257425741
N2,200.0,103,75,887.5,85.09900990099008
N2,200.0,103,76,912.5,85.59405940594058
N2,200.0,103,77,937.5,86.43564356435643
N2,200.0,103,78,962.5,86.38613861386138
N2,200.0,103,79,987.5,86.48514851485147
N2,200.0,104,0,-987.5,51.88118811881187
N2,200.0,104,1,-962.5,93.4158415841584
N2,200.0,104,2,-937.5,93.01980198019801
N2,200.0,104,3,-912.5,95.04950495049503
N2,200.0,104,4,-887.5,93.66336633663364
N2,200.0,104,5,-862.5,94.6039603960396
N2,200.0,104,6,-837.5,94.7029702970297
N2,200.0,104,7,-812.5,92.27722772277227
N2,200.0,104,8,-787.5,94.7029702970297
N2,200.0,104,9,-762.5,92.92079207920791
N2,200.0,104,10,-737.5,94.40594059405939
N2,200.0,104,11,-712.5,95.34653465346533
N2,200.0,104,12,-687.5,93.6138613861386
N2,200.0,104,13,-662.5,94.25742574257424
N2,200.0,104,14,-637.5,95.14851485148513
N2,200.0,104,15,-612.5,94.55445544554455
N2,200.0,104,16,-587.5,94.15841584158414
N2,200.0,104,17,-562.5,93.8118811881188
N2,200.0,104,18,-537.5,94.30693069306929
N2,200.0,104,19,-512.5,95.64356435643563
N2,200.0,104,20,-487.5,92.92079207920791
N2,200.0,104,21,-462.5,92.52475247524751
N2,200.0,104,22,-437.5,93.76237623762376
N2,200.0,104,23,-412.5,93.86138613861385
N2,200.0,104,24,-387.5,93.86138613861385
N2,200.0,104,25,-362.5,93.6138613861386
N2,200.0,104,26,-337.5,93.96039603960395
N2,200.0,104,27,-312.5,93.7128712871287
N2,200.0,104,28,-287.5,94.95049504950494
N2,200.0,104,29,-262.5,93.66336633663364
N2,200.0,104,30,-237.5,96.48514851485147
N2,200.0,104,31,-212.5,92.67326732673266
N2,200.0,104,32,-187.5,94.15841584158414
N2,200.0,104,33,-162.5,94.95049504950494
N2,200.0,104,34,-137.5,93.66336633663364
N2,200.0,104,35,-112.5,94.1089108910891
N2,200.0,104,36,-87.5,93.46534653465345
N2,200.0,104,37,-62.5,93.4158415841584
N2,200.0,104,38,-37.5,94.2079207920792
N2,200.0,104,39,-12.5,93.9108910891089
N2,200.0,104,40,12.5,89.55445544554455
N2,200.0,104,41,37.5,87.97029702970296
N2,200.0,104,42,62.5,85.29702970297029
N2,200.0,104,43,87.5,87.12871287128712
N2,200.0,104,44,112.5,87.57425742574256
N2,200.0,104,45,137.5,86.03960396039602
N2,200.0,104,46,162.5,86.93069306930691
N2,200.0,104,47,187.5,86.78217821782177
N2,200.0,104,48,212.5,86.13861386138613
N2,200.0,104,49,237.5,86.83168316831681
N2,200.0,104,50,262.5,85.69306930693068
N2,200.0,104,51,287.5,84.7029702970297
N2,200.0,104,52,312.5,86.68316831683167
N2,200.0,104,53,337.5,85.64356435643563
N2,200.0,104,54,362.5,85.09900990099008
N2,200.0,104,55,387.5,88.26732673267325
N2,200.0,104,56,412.5,84.80198019801979
N2,200.0,104,57,437.5,87.37623762376236
N2,200.0,104,58,462.5,86.03960396039602
N2,200.0,104,59,487.5,85.89108910891088
N2,200.0,104,60,512.5,85.89108910891088
N2,200.0,104,61,537.5,86.53465346534652
N2,200.0,104,62,562.5,85.44554455445544
N2,200.0,104,63,587.5,87.62376237623761
N2,200.0,104,64,612.5,86.68316831683167
N2,200.0,104,65,637.5,86.18811881188118
N2,200.0,104,66,662.5,85.44554455445544
N2,200.0,104,67,687.5,85.84158415841583
N2,200.0,104,68,712.5,86.93069306930691
N2,200.0,104,69,737.5,85.14851485148513
N2,200.0,104,70,762.5,88.96039603960395
N2,200.0,104,71,787.5,87.27722772277227
N2,200.0,104,72,812.5,85.04950495049503
N2,200.0,104,73,837.5,85.69306930693068
N2,200.0,104,74,862.5,87.92079207920791
N2,200.0,104,75,887.5,85.59405940594058
N2,200.0,104,76,912.5,85.54455445544554
N2,200.0,104,77,937.5,86.73267326732672
N2,200.0,104,78,962.5,86.08910891089107
N2,200.0,104,79,987.5,86.03960396039602
N2,200.0,105,0,-987.5,52.07920792079207
N2,200.0,105,1,-962.5,94.55445544554455
N2,200.0,105,2,-937.5,94.7029702970297
N2,200.0,105,3,-912.5,94.30693069306929
N2,200.0,105,4,-887.5,93.4158415841584
N2,200.0,105,5,-862.5,94.35643564356434
N2,200.0,105,6,-837.5,93.76237623762376
N2,200.0,105,7,-812.5,93.66336633663364
N2,200.0,105,8,-787.5,94.40594059405939
N2,200.0,105,9,-762.5,94.40594059405939
N2,200.0,105,10,-737.5,95.09900990099008
N2,200.0,105,11,-712.5,92.47524752475246
N2,200.0,105,12,-687.5,93.46534653465345
N2,200.0,105,13,-662.5,93.8118811881188
N2,200.0,105,14,-637.5,94.65346534653465
N2,200.0,105,15,-612.5,95.84158415841583
N2,200.0,105,16,-587.5,93.26732673267325
N2,200.0,105,17,-562.5,93.9108910891089
N2,200.0,105,18,-537.5,93.06930693069306
N2,200.0,105,19,-512.5,95.04950495049503
N2,200.0,105,20,-487.5,94.95049504950494
N2,200.0,105,21,-462.5,93.46534653465345
N2,200.0,105,22,-437.5,94.009900990099
N2,200.0,105,23,-412.5,95.19801980198018
N2,200.0,105,24,-387.5,94.6039603960396
N2,200.0,105,25,-362.5,94.2079207920792
N2,200.0,105,26,-337.5,94.6039603960396
N2,200.0,105,27,-312.5,92.8217821782178
N2,200.0,105,28,-287.5,93.86138613861385
N2,200.0,105,29,-262.5,93.76237623762376
N2,200.0,105,30,-237.5,93.9108910891089
N2,200.0,105,31,-212.5,94.50495049504948
N2,200.0,105,32,-187.5,93.6138613861386
N2,200.0,105,33,-162.5,94.85148514851484
N2,200.0,105,34,-137.5,93.6138613861386
N2,200.0,105,35,-112.5,94.15841584158414
N2,200.0,105,36,-87.5,94.45544554455444
N2,200.0,105,37,-62.5,93.9108910891089
N2,200.0,105,38,-37.5,93.46534653465345
N2,200.0,105,39,-12.5,92.87128712871286
N2,200.0,105,40,12.5,87.92079207920791
N2,200.0,105,41,37.5,86.78217821782177
N2,200.0,105,42,62.5,85.29702970297029
N2,200.0,105,43,87.5,85.49504950495049
N2,200.0,105,44,112.5,86.18811881188118
N2,200.0,105,45,137.5,86.83168316831681
N2,200.0,105,46,162.5,86.08910891089107
N2,200.0,105,47,187.5,85.54455445544554
N2,200.0,105,48,212.5,86.58415841584157
N2,200.0,105,49,237.5,85.74257425742573
N2,200.0,105,50,262.5,85.34653465346534
N2,200.0,105,51,287.5,86.13861386138613
N2,200.0,105,52,312.5,86.08910891089107
N2,200.0,105,53,337.5,85.89108910891088
N2,200.0,105,54,362.5,87.12871287128712
N2,200.0,105,55,387.5,84.55445544554455
N2,200.0,105,56,412.5,86.38613861386138
N2,200.0,105,57,437.5,86.13861386138613
N2,200.0,105,58,462.5,87.32673267326732
N2,200.0,105,59,487.5,86.33663366336633
N2,200.0,105,60,512.5,86.38613861386138
N2,200.0,105,61,537.5,85.64356435643563
N2,200.0,105,62,562.5,85.14851485148513
N2,200.0,105,63,587.5,85.64356435643563
N2,200.0,105,64,612.5,86.68316831683167
N2,200.0,105,65,637.5,86.78217821782177
N2,200.0,105,66,662.5,86.58415841584157
N2,200.0,105,67,687.5,86.03960396039602
N2,200.0,105,68,712.5,86.23762376237623
N2,200.0,105,69,737.5,85.24752475247523
N2,200.0,105,70,762.5,86.28712871287128
N2,200.0,105,71,787.5,84.95049504950494
N2,200.0,105,72,812.5,86.68316831683167
N2,200.0,105,73,837.5,86.48514851485147
N2,200.0,105,74,862.5,87.97029702970296
N2,200.0,105,75,887.5,85.19801980198018
N2,200.0,105,76,912.5,84.55445544554455
N2,200.0,105,77,937.5,87.32673267326732
N2,200.0,105,78,962.5,85.74257425742573
N2,200.0,105,79,987.5,85.49504950495049
N2,23.5,101,0,-987.5,35.792079207920786
N2,23.5,101,1,-962.5,86.53465346534652
N2,23.5,101,2,-937.5,88.36633663366335
N2,23.5,101,3,-912.5,86.58415841584157
N2,23.5,101,4,-887.5,88.26732673267325
N2,23.5,101,5,-862.5,87.07920792079207
N2,23.5,101,6,-837.5,86.73267326732672
N2,23.5,101,7,-812.5,86.88118811881186
N2,23.5,101,8,-787.5,86.33663366336633
N2,23.5,101,9,-762.5,87.22772277227722
N2,23.5,101,10,-737.5,86.58415841584157
N2,23.5,101,11,-712.5,87.57425742574256
N2,23.5,101,12,-687.5,86.48514851485147
N2,23.5,101,13,-662.5,86.23762376237623
N2,23.5,101,14,-637.5,87.27722772277227
N2,23.5,101,15,-612.5,87.92079207920791
N2,23.5,101,16,-587.5,86.88118811881186
N2,23.5,101,17,-562.5,88.9108910891089
N2,23.5,101,18,-537.5,86.03960396039602
N2,23.5,101,19,-512.5,87.07920792079207
N2,23.5,101,20,-487.5,87.17821782178217
N2,23.5,101,21,-462.5,88.5148514851485
N2,23.5,101,22,-437.5,86.93069306930691
N2,23.5,101,23,-412.5,88.9108910891089
N2,23.5,101,24,-387.5,87.17821782178217
N2,23.5,101,25,-362.5,87.87128712871286
N2,23.5,101,26,-337.5,86.98019801980197
N2,23.5,101,27,-312.5,88.2178217821782
N2,23.5,101,28,-287.5,88.5148514851485
N2,23.5,101,29,-262.5,86.43564356435643
N2,23.5,101,30,-237.5,86.73267326732672
N2,23.5,101,31,-212.5,85.69306930693068
N2,23.5,101,32,-187.5,87.02970297029702
N2,23.5,101,33,-162.5,86.48514851485147
N2,23.5,101,34,-137.5,88.2178217821782
N2,23.5,101,35,-112.5,88.86138613861385
N2,23.5,101,36,-87.5,86.68316831683167
N2,23.5,101,37,-62.5,86.23762376237623
N2,23.5,101,38,-37.5,88.4158415841584
N2,23.5,101,39,-12.5,87.7227722772277
N2,23.5,101,40,12.5,86.08910891089107
N2,23.5,101,41,37.5,86.53465346534652
N2,23.5,101,42,62.5,85.24752475247523
N2,23.5,101,43,87.5,87.57425742574256
N2,23.5,101,44,112.5,87.77227722772275
N2,23.5,101,45,137.5,88.01980198019801
N2,23.5,101,46,162.5,86.63366336633662
N2,23.5,101,47,187.5,86.58415841584157
N2,23.5,101,48,212.5,87.07920792079207
N2,23.5,101,49,237.5,85.84158415841583
N2,23.5,101,50,262.5,86.68316831683167
N2,23.5,101,51,287.5,85.34653465346534
N2,23.5,101,52,312.5,87.27722772277227
N2,23.5,101,53,337.5,85.39603960396039
N2,23.5,101,54,362.5,89.1089108910891
N2,23.5,101,55,387.5,85.94059405940592
N2,23.5,101,56,412.5,86.68316831683167
N2,23.5,101,57,437.5,85.29702970297029
N2,23.5,101,58,462.5,84.6039603960396
N2,23.5,101,59,487.5,87.17821782178217
N2,23.5,101,60,512.5,86.93069306930691
N2,23.5,101,61,537.5,86.53465346534652
N2,23.5,101,62,562.5,87.7227722772277
N2,23.5,101,63,587.5,86.68316831683167
N2,23.5,101,64,612.5,86.23762376237623
N2,23.5,101,65,637.5,84.99999999999999
N2,23.5,101,66,662.5,86.23762376237623
N2,23.5,101,67,687.5,84.35643564356434
N2,23.5,101,68,712.5,87.57425742574256
N2,23.5,101,69,737.5,85.34653465346534
N2,23.5,101,70,762.5,86.78217821782177
N2,23.5,101,71,787.5,86.48514851485147
N2,23.5,101,72,812.5,86.73267326732672
N2,23.5,101,73,837.5,86.83168316831681
N2,23.5,101,74,862.5,86.53465346534652
N2,23.5,101,75,887.5,86.28712871287128
N2,23.5,101,76,912.5,86.48514851485147
N2,23.5,101,77,937.5,87.12871287128712
N2,23.5,101,78,962.5,85.14851485148513
N2,23.5,101,79,987.5,86.73267326732672
N2,23.5,102,0,-987.5,31.435643564356432
N2,23.5,102,1,-962.5,87.7227722772277
N2,23.5,102,2,-937.5,87.97029702970296
N2,23.5,102,3,-912.5,85.29702970297029
N2,23.5,102,4,-887.5,86.23762376237623
N2,23.5,102,5,-862.5,86.18811881188118
N2,23.5,102,6,-837.5,88.56435643564355
N2,23.5,102,7,-812.5,86.13861386138613
N2,23.5,102,8,-787.5,87.77227722772275
N2,23.5,102,9,-762.5,86.58415841584157
N2,23.5,102,10,-737.5,86.38613861386138
N2,23.5,102,11,-712.5,86.93069306930691
N2,23.5,102,12,-687.5,87.52475247524751
N2,23.5,102,13,-662.5,87.67326732673266
N2,23.5,102,14,-637.5,85.69306930693068
N2,23.5,102,15,-612.5,88.86138613861385
N2,23.5,102,16,-587.5,87.37623762376236
N2,23.5,102,17,-562.5,86.18811881188118
N2,23.5,102,18,-537.5,86.48514851485147
N2,23.5,102,19,-512.5,86.63366336633662
N2,23.5,102,20,-487.5,87.42574257425741
N2,23.5,102,21,-462.5,85.79207920792078
N2,23.5,102,22,-437.5,87.87128712871286
N2,23.5,102,23,-412.5,86.73267326732672
N2,23.5,102,24,-387.5,85.94059405940592
N2,23.5,102,25,-362.5,87.47524752475246
N2,23.5,102,26,-337.5,85.84158415841583
N2,23.5,102,27,-312.5,88.96039603960395
N2,23.5,102,28,-287.5,86.58415841584157
N2,23.5,102,29,-262.5,86.08910891089107
N2,23.5,102,30,-237.5,86.13861386138613
N2,23.5,102,31,-212.5,87.37623762376236
N2,23.5,102,32,-187.5,87.82178217821782
N2,23.5,102,33,-162.5,86.93069306930691
N2,23.5,102,34,-137.5,86.68316831683167
N2,23.5,102,35,-112.5,86.93069306930691
N2,23.5,102,36,-87.5,85.69306930693068
N2,23.5,102,37,-62.5,87.37623762376236
N2,23.5,102,38,-37.5,86.23762376237623
N2,23.5,102,39,-12.5,87.37623762376236
N2,23.5,102,40,12.5,86.93069306930691
N2,23.5,102,41,37.5,85.79207920792078
N2,23.5,102,42,62.5,85.44554455445544
N2,23.5,102,43,87.5,86.28712871287128
N2,23.5,102,44,112.5,85.14851485148513
N2,23.5,102,45,137.5,86.58415841584157
N2,23.5,102,46,162.5,86.38613861386138
N2,23.5,102,47,187.5,84.80198019801979
N2,23.5,102,48,212.5,86.68316831683167
N2,23.5,102,49,237.5,85.14851485148513
N2,23.5,102,50,262.5,87.07920792079207
N2,23.5,102,51,287.5,84.80198019801979
N2,23.5,102,52,312.5,87.22772277227722
N2,23.5,102,53,337.5,87.7227722772277
N2,23.5,102,54,362.5,85.59405940594058
N2,23.5,102,55,387.5,86.23762376237623
N2,23.5,102,56,412.5,85.54455445544554
N2,23.5,102,57,437.5,84.65346534653465
N2,23.5,102,58,462.5,85.94059405940592
N2,23.5,102,59,487.5,87.32673267326732
N2,23.5,102,60,512.5,86.83168316831681
N2,23.5,102,61,537.5,85.04950495049503
N2,23.5,102,62,562.5,86.53465346534652
N2,23.5,102,63,587.5,86.48514851485147
N2,23.5,102,64,612.5,86.03960396039602
N2,23.5,102,65,637.5,85.84158415841583
N2,23.5,102,66,662.5,86.93069306930691
N2,23.5,102,67,687.5,87.07920792079207
N2,23.5,102,68,712.5,85.49504950495049
N2,23.5,102,69,737.5,86.38613861386138
N2,23.5,102,70,762.5,86.33663366336633
N2,23.5,102,71,787.5,86.28712871287128
N2,23.5,102,72,812.5,87.02970297029702
N2,23.5,102,73,837.5,85.04950495049503
N2,23.5,102,74,862.5,86.33663366336633
N2,23.5,102,75,887.5,87.57425742574256
N2,23.5,102,76,912.5,84.55445544554455
N2,23.5,102,77,937.5,86.78217821782177
N2,23.5,102,78,962.5,85.64356435643563
N2,23.5,102,79,987.5,87.52475247524751
N2,23.5,103,0,-987.5,35.89108910891088
N2,23.5,103,1,-962.5,86.18811881188118
N2,23.5,103,2,-937.5,87.02970297029702
N2,23.5,103,3,-912.5,86.03960396039602
N2,23.5,103,4,-887.5,87.97029702970296
N2,23.5,103,5,-862.5,86.58415841584157
N2,23.5,103,6,-837.5,88.66336633663366
N2,23.5,103,7,-812.5,87.32673267326732
N2,23.5,103,8,-787.5,88.66336633663366
N2,23.5,103,9,-762.5,86.63366336633662
N2,23.5,103,10,-737.5,87.42574257425741
N2,23.5,103,11,-712.5,86.88118811881186
N2,23.5,103,12,-687.5,84.80198019801979
N2,23.5,103,13,-662.5,87.42574257425741
N2,23.5,103,14,-637.5,87.42574257425741
N2,23.5,103,15,-612.5,85.64356435643563
N2,23.5,103,16,-587.5,85.89108910891088
N2,23.5,103,17,-562.5,86.08910891089107
N2,23.5,103,18,-537.5,86.63366336633662
N2,23.5,103,19,-512.5,86.28712871287128
N2,23.5,103,20,-487.5,87.27722772277227
N2,23.5,103,21,-462.5,87.7227722772277
N2,23.5,103,22,-437.5,87.62376237623761
N2,23.5,103,23,-412.5,87.17821782178217
N2,23.5,103,24,-387.5,86.88118811881186
N2,23.5,103,25,-362.5,88.9108910891089
N2,23.5,103,26,-337.5,86.78217821782177
N2,23.5,103,27,-312.5,89.35643564356434
N2,23.5,103,28,-287.5,86.83168316831681
N2,23.5,103,29,-262.5,87.32673267326732
N2,23.5,103,30,-237.5,85.64356435643563
N2,23.5,103,31,-212.5,87.22772277227722
N2,23.5,103,32,-187.5,86.58415841584157
N2,23.5,103,33,-162.5,87.07920792079207
N2,23.5,103,34,-137.5,87.02970297029702
N2,23.5,103,35,-112.5,86.03960396039602
N2,23.5,103,36,-87.5,86.48514851485147
N2,23.5,103,37,-62.5,88.16831683168316
N2,23.5,103,38,-37.5,86.53465346534652
N2,23.5,103,39,-12.5,87.77227722772275
N2,23.5,103,40,12.5,86.63366336633662
N2,23.5,103,41,37.5,85.64356435643563
N2,23.5,103,42,62.5,85.84158415841583
N2,23.5,103,43,87.5,84.55445544554455
N2,23.5,103,44,112.5,86.88118811881186
N2,23.5,103,45,137.5,85.69306930693068
N2,23.5,103,46,162.5,87.02970297029702
N2,23.5,103,47,187.5,87.37623762376236
N2,23.5,103,48,212.5,86.83168316831681
N2,23.5,103,49,237.5,86.18811881188118
N2,23.5,103,50,262.5,86.38613861386138
N2,23.5,103,51,287.5,87.87128712871286
N2,23.5,103,52,312.5,84.009900990099
N2,23.5,103,53,337.5,86.63366336633662
N2,23.5,103,54,362.5,86.78217821782177
N2,23.5,103,55,387.5,86.53465346534652
N2,23.5,103,56,412.5,87.37623762376236
N2,23.5,103,57,437.5,86.68316831683167
N2,23.5,103,58,462.5,86.63366336633662
N2,23.5,103,59,487.5,85.09900990099008
N2,23.5,103,60,512.5,86.88118811881186
N2,23.5,103,61,537.5,88.06930693069306
N2,23.5,103,62,562.5,84.99999999999999
N2,23.5,103,63,587.5,89.25742574257424
N2,23.5,103,64,612.5,85.04950495049503
N2,23.5,103,65,637.5,86.93069306930691
N2,23.5,103,66,662.5,87.17821782178217
N2,23.5,103,67,687.5,84.80198019801979
N2,23.5,103,68,712.5,86.68316831683167
N2,23.5,103,69,737.5,86.63366336633662
N2,23.5,103,70,762.5,86.13861386138613
N2,23.5,103,71,787.5,85.64356435643563
N2,23.5,103,72,812.5,87.67326732673266
N2,23.5,103,73,837.5,86.23762376237623
N2,23.5,103,74,862.5,87.47524752475246
N2,23.5,103,75,887.5,87.27722772277227
N2,23.5,103,76,912.5,86.88118811881186
N2,23.5,103,77,937.5,87.82178217821782
N2,23.5,103,78,962.5,86.68316831683167
N2,23.5,103,79,987.5,86.53465346534652
N2,23.5,104,0,-987.5,27.37623762376237
N2,23.5,104,1,-962.5,86.53465346534652
N2,23.5,104,2,-937.5,87.77227722772275
N2,23.5,104,3,-912.5,86.43564356435643
N2,23.5,104,4,-887.5,86.88118811881186
N2,23.5,104,5,-862.5,87.22772277227722
N2,23.5,104,6,-837.5,88.6138613861386
N2,23.5,104,7,-812.5,85.64356435643563
N2,23.5,104,8,-787.5,87.82178217821782
N2,23.5,104,9,-762.5,86.83168316831681
N2,23.5,104,10,-737.5,86.33663366336633
N2,23.5,104,11,-712.5,87.77227722772275
N2,23.5,104,12,-687.5,86.68316831683167
N2,23.5,104,13,-662.5,87.57425742574256
N2,23.5,104,14,-637.5,86.28712871287128
N2,23.5,104,15,-612.5,88.5148514851485
N2,23.5,104,16,-587.5,86.08910891089107
N2,23.5,104,17,-562.5,88.2178217821782
N2,23.5,104,18,-537.5,84.1089108910891
N2,23.5,104,19,-512.5,86.28712871287128
N2,23.5,104,20,-487.5,87.22772277227722
N2,23.5,104,21,-462.5,85.94059405940592
N2,23.5,104,22,-437.5,88.36633663366335
N2,23.5,104,23,-412.5,87.17821782178217
N2,23.5,104,24,-387.5,85.84158415841583
N2,23.5,104,25,-362.5,87.32673267326732
N2,23.5,104,26,-337.5,85.19801980198018
N2,23.5,104,27,-312.5,86.83168316831681
N2,23.5,104,28,-287.5,86.03960396039602
N2,23.5,104,29,-262.5,86.68316831683167
N2,23.5,104,30,-237.5,87.42574257425741
N2,23.5,104,31,-212.5,86.93069306930691
N2,23.5,104,32,-187.5,88.36633663366335
N2,23.5,104,33,-162.5,86.18811881188118
N2,23.5,104,34,-137.5,87.17821782178217
N2,23.5,104,35,-112.5,87.7227722772277
N2,23.5,104,36,-87.5,84.90099009900989
N2,23.5,104,37,-62.5,87.07920792079207
N2,23.5,104,38,-37.5,87.27722772277227
N2,23.5,104,39,-12.5,86.68316831683167
N2,23.5,104,40,12.5,86.78217821782177
N2,23.5,104,41,37.5,83.96039603960395
N2,23.5,104,42,62.5,85.89108910891088
N2,23.5,104,43,87.5,84.009900990099
N2,23.5,104,44,112.5,85.29702970297029
N2,23.5,104,45,137.5,85.19801980198018
N2,23.5,104,46,162.5,86.93069306930691
N2,23.5,104,47,187.5,86.83168316831681
N2,23.5,104,48,212.5,86.48514851485147
N2,23.5,104,49,237.5,85.89108910891088
N2,23.5,104,50,262.5,86.78217821782177
N2,23.5,104,51,287.5,87.7227722772277
N2,23.5,104,52,312.5,85.84158415841583
N2,23.5,104,53,337.5,84.90099009900989
N2,23.5,104,54,362.5,86.33663366336633
N2,23.5,104,55,387.5,86.63366336633662
N2,23.5,104,56,412.5,85.44554455445544
N2,23.5,104,57,437.5,86.58415841584157
N2,23.5,104,58,462.5,84.2079207920792
N2,23.5,104,59,487.5,86.33663366336633
N2,23.5,104,60,512.5,86.43564356435643
N2,23.5,104,61,537.5,85.89108910891088
N2,23.5,104,62,562.5,86.03960396039602
N2,23.5,104,63,587.5,85.99009900990097
N2,23.5,104,64,612.5,85.24752475247523
N2,23.5,104,65,637.5,86.83168316831681
N2,23.5,104,66,662.5,85.79207920792078
N2,23.5,104,67,687.5,86.43564356435643
N2,23.5,104,68,712.5,85.44554455445544
N2,23.5,104,69,737.5,86.73267326732672
N2,23.5,104,70,762.5,85.44554455445544
N2,23.5,104,71,787.5,86.73267326732672
N2,23.5,104,72,812.5,86.58415841584157
N2,23.5,104,73,837.5,87.92079207920791
N2,23.5,104,74,862.5,87.42574257425741
N2,23.5,104,75,887.5,85.19801980198018
N2,23.5,104,76,912.5,87.07920792079207
N2,23.5,104,77,937.5,86.43564356435643
N2,23.5,104,78,962.5,85.09900990099008
N2,23.5,104,79,987.5,86.68316831683167
N2,23.5,105,0,-987.5,29.356435643564353
N2,23.5,105,1,-962.5,86.73267326732672
N2,23.5,105,2,-937.5,86.93069306930691
N2,23.5,105,3,-912.5,86.83168316831681
N2,23.5,105,4,-887.5,87.32673267326732
N2,23.5,105,5,-862.5,86.93069306930691
N2,23.5,105,6,-837.5,86.73267326732672
N2,23.5,105,7,-812.5,86.43564356435643
N2,23.5,105,8,-787.5,87.57425742574256
N2,23.5,105,9,-762.5,86.33663366336633
N2,23.5,105,10,-737.5,87.17821782178217
N2,23.5,105,11,-712.5,86.53465346534652
N2,23.5,105,12,-687.5,86.48514851485147
N2,23.5,105,13,-662.5,88.06930693069306
N2,23.5,105,14,-637.5,87.17821782178217
N2,23.5,105,15,-612.5,87.42574257425741
N2,23.5,105,16,-587.5,87.82178217821782
N2,23.5,105,17,-562.5,85.84158415841583
N2,23.5,105,18,-537.5,89.05940594059405
N2,23.5,105,19,-512.5,86.13861386138613
N2,23.5,105,20,-487.5,87.37623762376236
N2,23.5,105,21,-462.5,86.88118811881186
N2,23.5,105,22,-437.5,86.58415841584157
N2,23.5,105,23,-412.5,87.17821782178217
N2,23.5,105,24,-387.5,86.43564356435643
N2,23.5,105,25,-362.5,88.16831683168316
N2,23.5,105,26,-337.5,85.99009900990097
N2,23.5,105,27,-312.5,86.38613861386138
N2,23.5,105,28,-287.5,86.08910891089107
N2,23.5,105,29,-262.5,88.4158415841584
N2,23.5,105,30,-237.5,88.11881188118811
N2,23.5,105,31,-212.5,86.33663366336633
N2,23.5,105,32,-187.5,87.12871287128712
N2,23.5,105,33,-162.5,87.87128712871286
N2,23.5,105,34,-137.5,86.98019801980197
N2,23.5,105,35,-112.5,86.68316831683167
N2,23.5,105,36,-87.5,86.08910891089107
N2,23.5,105,37,-62.5,86.18811881188118
N2,23.5,105,38,-37.5,87.37623762376236
N2,23.5,105,39,-12.5,85.54455445544554
N2,23.5,105,40,12.5,84.80198019801979
N2,23.5,105,41,37.5,87.7227722772277
N2,23.5,105,42,62.5,85.99009900990097
N2,23.5,105,43,87.5,84.95049504950494
N2,23.5,105,44,112.5,86.23762376237623
N2,23.5,105,45,137.5,87.07920792079207
N2,23.5,105,46,162.5,85.59405940594058
N2,23.5,105,47,187.5,85.19801980198018
N2,23.5,105,48,212.5,86.53465346534652
N2,23.5,105,49,237.5,85.49504950495049
N2,23.5,105,50,262.5,87.57425742574256
N2,23.5,105,51,287.5,86.33663366336633
N2,23.5,105,52,312.5,83.61386138613861
N2,23.5,105,53,337.5,87.27722772277227
N2,23.5,105,54,362.5,87.12871287128712
N2,23.5,105,55,387.5,85.34653465346534
N2,23.5,105,56,412.5,86.98019801980197
N2,23.5,105,57,437.5,85.84158415841583
N2,23.5,105,58,462.5,86.98019801980197
N2,23.5,105,59,487.5,86.33663366336633
N2,23.5,105,60,512.5,87.87128712871286
N2,23.5,105,61,537.5,86.68316831683167
N2,23.5,105,62,562.5,85.29702970297029
N2,23.5,105,63,587.5,85.59405940594058
N2,23.5,105,64,612.5,87.57425742574256
N2,23.5,105,65,637.5,87.02970297029702
N2,23.5,105,66,662.5,86.93069306930691
N2,23.5,105,67,687.5,85.69306930693068
N2,23.5,105,68,712.5,85.79207920792078
N2,23.5,105,69,737.5,86.83168316831681
N2,23.5,105,70,762.5,85.99009900990097
N2,23.5,105,71,787.5,84.80198019801979
N2,23.5,105,72,812.5,87.12871287128712
N2,23.5,105,73,837.5,86.68316831683167
N2,23.5,105,74,862.5,85.29702970297029
N2,23.5,105,75,887.5,84.90099009900989
N2,23.5,105,76,912.5,85.94059405940592
N2,23.5,105,77,937.5,86.73267326732672
N2,23.5,105,78,962.5,86.18811881188118
N2,23.5,105,79,987.5,86.03960396039602
N2,36.1,101,0,-987.5,38.46534653465346
N2,36.1,101,1,-962.5,86.58415841584157
N2,36.1,101,2,-937.5,88.2178217821782
N2,36.1,101,3,-912.5,86.93069306930691
N2,36.1,101,4,-887.5,85.29702970297029
N2,36.1,101,5,-862.5,88.06930693069306
N2,36.1,101,6,-837.5,89.1089108910891
N2,36.1,101,7,-812.5,86.18811881188118
N2,36.1,101,8,-787.5,88.36633663366335
N2,36.1,101,9,-762.5,86.48514851485147
N2,36.1,101,10,-737.5,86.63366336633662
N2,36.1,101,11,-712.5,88.7128712871287
N2,36.1,101,12,-687.5,87.97029702970296
N2,36.1,101,13,-662.5,87.92079207920791
N2,36.1,101,14,-637.5,86.58415841584157
N2,36.1,101,15,-612.5,88.16831683168316
N2,36.1,101,16,-587.5,87.17821782178217
N2,36.1,101,17,-562.5,88.5148514851485
N2,36.1,101,18,-537.5,87.7227722772277
N2,36.1,101,19,-512.5,87.82178217821782
N2,36.1,101,20,-487.5,88.56435643564355
N2,36.1,101,21,-462.5,87.87128712871286
N2,36.1,101,22,-437.5,87.07920792079207
N2,36.1,101,23,-412.5,89.7029702970297
N2,36.1,101,24,-387.5,87.87128712871286
N2,36.1,101,25,-362.5,87.02970297029702
N2,36.1,101,26,-337.5,88.66336633663366
N2,36.1,101,27,-312.5,87.87128712871286
N2,36.1,101,28,-287.5,88.8118811881188
N2,36.1,101,29,-262.5,87.52475247524751
N2,36.1,101,30,-237.5,87.82178217821782
N2,36.1,101,31,-212.5,88.26732673267325
N2,36.1,101,32,-187.5,88.6138613861386
N2,36.1,101,33,-162.5,85.49504950495049
N2,36.1,101,34,-137.5,87.77227722772275
N2,36.1,101,35,-112.5,87.62376237623761
N2,36.1,101,36,-87.5,87.87128712871286
N2,36.1,101,37,-62.5,86.53465346534652
N2,36.1,101,38,-37.5,87.22772277227722
N2,36.1,101,39,-12.5,87.77227722772275
N2,36.1,101,40,12.5,86.28712871287128
N2,36.1,101,41,37.5,87.27722772277227
N2,36.1,101,42,62.5,85.19801980198018
N2,36.1,101,43,87.5,85.59405940594058
N2,36.1,101,44,112.5,85.74257425742573
N2,36.1,101,45,137.5,85.64356435643563
N2,36.1,101,46,162.5,87.57425742574256
N2,36.1,101,47,187.5,85.79207920792078
N2,36.1,101,48,212.5,86.38613861386138
N2,36.1,101,49,237.5,85.39603960396039
N2,36.1,101,50,262.5,86.53465346534652
N2,36.1,101,51,287.5,86.53465346534652
N2,36.1,101,52,312.5,85.94059405940592
N2,36.1,101,53,337.5,87.52475247524751
N2,36.1,101,54,362.5,84.1089108910891
N2,36.1,101,55,387.5,86.63366336633662
N2,36.1,101,56,412.5,86.33663366336633
N2,36.1,101,57,437.5,87.12871287128712
N2,36.1,101,58,462.5,84.65346534653465
N2,36.1,101,59,487.5,86.78217821782177
N2,36.1,101,60,512.5,85.94059405940592
N2,36.1,101,61,537.5,85.19801980198018
N2,36.1,101,62,562.5,85.74257425742573
N2,36.1,101,63,587.5,87.7227722772277
N2,36.1,101,64,612.5,85.24752475247523
N2,36.1,101,65,637.5,85.34653465346534
N2,36.1,101,66,662.5,87.62376237623761
N2,36.1,101,67,687.5,86.48514851485147
N2,36.1,101,68,712.5,86.73267326732672
N2,36.1,101,69,737.5,86.18811881188118
N2,36.1,101,70,762.5,85.04950495049503
N2,36.1,101,71,787.5,87.02970297029702
N2,36.1,101,72,812.5,84.45544554455445
N2,36.1,101,73,837.5,87.62376237623761
N2,36.1,101,74,862.5,86.08910891089107
N2,36.1,101,75,887.5,85.24752475247523
N2,36.1,101,76,912.5,85.79207920792078
N2,36.1,101,77,937.5,86.63366336633662
N2,36.1,101,78,962.5,86.18811881188118
N2,36.1,101,79,987.5,86.98019801980197
N2,36.1,102,0,-987.5,36.980198019801975
N2,36.1,102,1,-962.5,87.02970297029702
N2,36.1,102,2,-937.5,86.23762376237623
N2,36.1,102,3,-912.5,87.27722772277227
N2,36.1,102,4,-887.5,87.32673267326732
N2,36.1,102,5,-862.5,87.27722772277227
N2,36.1,102,6,-837.5,89.6039603960396
N2,36.1,102,7,-812.5,86.83168316831681
N2,36.1,102,8,-787.5,88.46534653465345
N2,36.1,102,9,-762.5,90.09900990099008
N2,36.1,102,10,-737.5,88.3168316831683
N2,36.1,102,11,-712.5,88.16831683168316
N2,36.1,102,12,-687.5,87.57425742574256
N2,36.1,102,13,-662.5,88.11881188118811
N2,36.1,102,14,-637.5,88.8118811881188
N2,36.1,102,15,-612.5,88.01980198019801
N2,36.1,102,16,-587.5,86.98019801980197
N2,36.1,102,17,-562.5,88.5148514851485
N2,36.1,102,18,-537.5,87.97029702970296
N2,36.1,102,19,-512.5,87.12871287128712
N2,36.1,102,20,-487.5,87.7227722772277
N2,36.1,102,21,-462.5,87.17821782178217
N2,36.1,102,22,-437.5,87.32673267326732
N2,36.1,102,23,-412.5,86.48514851485147
N2,36.1,102,24,-387.5,87.22772277227722
N2,36.1,102,25,-362.5,87.67326732673266
N2,36.1,102,26,-337.5,87.57425742574256
N2,36.1,102,27,-312.5,87.77227722772275
N2,36.1,102,28,-287.5,87.7227722772277
N2,36.1,102,29,-262.5,88.36633663366335
N2,36.1,102,30,-237.5,87.77227722772275
N2,36.1,102,31,-212.5,87.97029702970296
N2,36.1,102,32,-187.5,88.01980198019801
N2,36.1,102,33,-162.5,88.36633663366335
N2,36.1,102,34,-137.5,86.63366336633662
N2,36.1,102,35,-112.5,87.97029702970296
N2,36.1,102,36,-87.5,86.53465346534652
N2,36.1,102,37,-62.5,85.99009900990097
N2,36.1,102,38,-37.5,88.3168316831683
N2,36.1,102,39,-12.5,87.17821782178217
N2,36.1,102,40,12.5,85.84158415841583
N2,36.1,102,41,37.5,85.94059405940592
N2,36.1,102,42,62.5,86.93069306930691
N2,36.1,102,43,87.5,86.43564356435643
N2,36.1,102,44,112.5,86.43564356435643
N2,36.1,102,45,137.5,87.27722772277227
N2,36.1,102,46,162.5,86.78217821782177
N2,36.1,102,47,187.5,86.43564356435643
N2,36.1,102,48,212.5,85.89108910891088
N2,36.1,102,49,237.5,86.33663366336633
N2,36.1,102,50,262.5,86.08910891089107
N2,36.1,102,51,287.5,85.99009900990097
N2,36.1,102,52,312.5,86.13861386138613
N2,36.1,102,53,337.5,86.58415841584157
N2,36.1,102,54,362.5,85.14851485148513
N2,36.1,102,55,387.5,85.49504950495049
N2,36.1,102,56,412.5,86.38613861386138
N2,36.1,102,57,437.5,85.84158415841583
N2,36.1,102,58,462.5,86.43564356435643
N2,36.1,102,59,487.5,86.43564356435643
N2,36.1,102,60,512.5,85.44554455445544
N2,36.1,102,61,537.5,87.42574257425741
N2,36.1,102,62,562.5,85.64356435643563
N2,36.1,102,63,587.5,85.24752475247523
N2,36.1,102,64,612.5,85.34653465346534
N2,36.1,102,65,637.5,87.47524752475246
N2,36.1,102,66,662.5,86.08910891089107
N2,36.1,102,67,687.5,85.54455445544554
N2,36.1,102,68,712.5,86.13861386138613
N2,36.1,102,69,737.5,86.08910891089107
N2,36.1,102,70,762.5,86.03960396039602
N2,36.1,102,71,787.5,87.07920792079207
N2,36.1,102,72,812.5,84.55445544554455
N2,36.1,102,73,837.5,85.64356435643563
N2,36.1,102,74,862.5,87.7227722772277
N2,36.1,102,75,887.5,85.39603960396039
N2,36.1,102,76,912.5,86.13861386138613
N2,36.1,102,77,937.5,85.79207920792078
N2,36.1,102,78,962.5,85.59405940594058
N2,36.1,102,79,987.5,86.63366336633662
N2,36.1,103,0,-987.5,41.33663366336633
N2,36.1,103,1,-962.5,86.93069306930691
N2,36.1,103,2,-937.5,89.45544554455444
N2,36.1,103,3,-912.5,88.2178217821782
N2,36.1,103,4,-887.5,88.36633663366335
N2,36.1,103,5,-862.5,87.62376237623761
N2,36.1,103,6,-837.5,87.27722772277227
N2,36.1,103,7,-812.5,88.2178217821782
N2,36.1,103,8,-787.5,86.93069306930691
N2,36.1,103,9,-762.5,89.15841584158414
N2,36.1,103,10,-737.5,89.25742574257424
N2,36.1,103,11,-712.5,88.2178217821782
N2,36.1,103,12,-687.5,87.12871287128712
N2,36.1,103,13,-662.5,88.3168316831683
N2,36.1,103,14,-637.5,86.83168316831681
N2,36.1,103,15,-612.5,88.8118811881188
N2,36.1,103,16,-587.5,87.27722772277227
N2,36.1,103,17,-562.5,87.32673267326732
N2,36.1,103,18,-537.5,87.42574257425741
N2,36.1,103,19,-512.5,88.7128712871287
N2,36.1,103,20,-487.5,86.83168316831681
N2,36.1,103,21,-462.5,87.02970297029702
N2,36.1,103,22,-437.5,88.2178217821782
N2,36.1,103,23,-412.5,88.2178217821782
N2,36.1,103,24,-387.5,86.93069306930691
N2,36.1,103,25,-362.5,88.8118811881188
N2,36.1,103,26,-337.5,87.77227722772275
N2,36.1,103,27,-312.5,88.26732673267325
N2,36.1,103,28,-287.5,88.36633663366335
N2,36.1,103,29,-262.5,88.4158415841584
N2,36.1,103,30,-237.5,88.6138613861386
N2,36.1,103,31,-212.5,88.4158415841584
N2,36.1,103,32,-187.5,85.99009900990097
N2,36.1,103,33,-162.5,88.4158415841584
N2,36.1,103,34,-137.5,87.97029702970296
N2,36.1,103,35,-112.5,87.7227722772277
N2,36.1,103,36,-87.5,86.83168316831681
N2,36.1,103,37,-62.5,88.11881188118811
N2,36.1,103,38,-37.5,87.77227722772275
N2,36.1,103,39,-12.5,87.97029702970296
N2,36.1,103,40,12.5,86.83168316831681
N2,36.1,103,41,37.5,87.12871287128712
N2,36.1,103,42,62.5,85.79207920792078
N2,36.1,103,43,87.5,86.83168316831681
N2,36.1,103,44,112.5,85.44554455445544
N2,36.1,103,45,137.5,85.69306930693068
N2,36.1,103,46,162.5,85.84158415841583
N2,36.1,103,47,187.5,86.03960396039602
N2,36.1,103,48,212.5,85.99009900990097
N2,36.1,103,49,237.5,86.68316831683167
N2,36.1,103,50,262.5,86.93069306930691
N2,36.1,103,51,287.5,85.89108910891088
N2,36.1,103,52,312.5,86.13861386138613
N2,36.1,103,53,337.5,87.02970297029702
N2,36.1,103,54,362.5,87.12871287128712
N2,36.1,103,55,387.5,85.74257425742573
N2,36.1,103,56,412.5,86.73267326732672
N2,36.1,103,57,437.5,86.23762376237623
N2,36.1,103,58,462.5,86.33663366336633
N2,36.1,103,59,487.5,87.07920792079207
N2,36.1,103,60,512.5,85.79207920792078
N2,36.1,103,61,537.5,86.83168316831681
N2,36.1,103,62,562.5,86.08910891089107
N2,36.1,103,63,587.5,84.15841584158414
N2,36.1,103,64,612.5,85.74257425742573
N2,36.1,103,65,637.5,85.04950495049503
N2,36.1,103,66,662.5,87.97029702970296
N2,36.1,103,67,687.5,86.28712871287128
N2,36.1,103,68,712.5,85.99009900990097
N2,36.1,103,69,737.5,87.17821782178217
N2,36.1,103,70,762.5,86.83168316831681
N2,36.1,103,71,787.5,85.29702970297029
N2,36.1,103,72,812.5,87.12871287128712
N2,36.1,103,73,837.5,85.79207920792078
N2,36.1,103,74,862.5,86.43564356435643
N2,36.1,103,75,887.5,85.44554455445544
N2,36.1,103,76,912.5,85.89108910891088
N2,36.1,103,77,937.5,88.01980198019801
N2,36.1,103,78,962.5,85.89108910891088
N2,36.1,103,79,987.5,85.94059405940592
N2,36.1,104,0,-987.5,33.01980198019802
N2,36.1,104,1,-962.5,86.28712871287128
N2,36.1,104,2,-937.5,89.25742574257424
N2,36.1,104,3,-912.5,89.2079207920792
N2,36.1,104,4,-887.5,87.42574257425741
N2,36.1,104,5,-862.5,87.92079207920791
N2,36.1,104,6,-837.5,87.77227722772275
N2,36.1,104,7,-812.5,89.80198019801979
N2,36.1,104,8,-787.5,86.73267326732672
N2,36.1,104,9,-762.5,87.17821782178217
N2,36.1,104,10,-737.5,88.16831683168316
N2,36.1,104,11,-712.5,87.22772277227722
N2,36.1,104,12,-687.5,87.57425742574256
N2,36.1,104,13,-662.5,87.77227722772275
N2,36.1,104,14,-637.5,87.67326732673266
N2,36.1,104,15,-612.5,87.37623762376236
N2,36.1,104,16,-587.5,87.82178217821782
N2,36.1,104,17,-562.5,88.8118811881188
N2,36.1,104,18,-537.5,88.26732673267325
N2,36.1,104,19,-512.5,88.06930693069306
N2,36.1,104,20,-487.5,87.37623762376236
N2,36.1,104,21,-462.5,88.06930693069306
N2,36.1,104,22,-437.5,87.27722772277227
N2,36.1,104,23,-412.5,88.46534653465345
N2,36.1,104,24,-387.5,89.05940594059405
N2,36.1,104,25,-362.5,87.02970297029702
N2,36.1,104,26,-337.5,87.57425742574256
N2,36.1,104,27,-312.5,89.5049504950495
N2,36.1,104,28,-287.5,86.58415841584157
N2,36.1,104,29,-262.5,88.2178217821782
N2,36.1,104,30,-237.5,86.48514851485147
N2,36.1,104,31,-212.5,88.46534653465345
N2,36.1,104,32,-187.5,87.17821782178217
N2,36.1,104,33,-162.5,86.78217821782177
N2,36.1,104,34,-137.5,88.3168316831683
N2,36.1,104,35,-112.5,88.3168316831683
N2,36.1,104,36,-87.5,87.77227722772275
N2,36.1,104,37,-62.5,87.17821782178217
N2,36.1,104,38,-37.5,87.82178217821782
N2,36.1,104,39,-12.5,87.67326732673266
N2,36.1,104,40,12.5,86.18811881188118
N2,36.1,104,41,37.5,86.98019801980197
N2,36.1,104,42,62.5,86.13861386138613
N2,36.1,104,43,87.5,86.88118811881186
N2,36.1,104,44,112.5,85.84158415841583
N2,36.1,104,45,137.5,86.73267326732672
N2,36.1,104,46,162.5,86.48514851485147
N2,36.1,104,47,187.5,86.93069306930691
N2,36.1,104,48,212.5,86.53465346534652
N2,36.1,104,49,237.5,85.29702970297029
N2,36.1,104,50,262.5,85.64356435643563
N2,36.1,104,51,287.5,86.63366336633662
N2,36.1,104,52,312.5,86.88118811881186
N2,36.1,104,53,337.5,85.19801980198018
N2,36.1,104,54,362.5,85.94059405940592
N2,36.1,104,55,387.5,84.85148514851484
N2,36.1,104,56,412.5,84.95049504950494
N2,36.1,104,57,437.5,86.43564356435643
N2,36.1,104,58,462.5,88.01980198019801
N2,36.1,104,59,487.5,85.44554455445544
N2,36.1,104,60,512.5,84.80198019801979
N2,36.1,104,61,537.5,87.7227722772277
N2,36.1,104,62,562.5,85.24752475247523
N2,36.1,104,63,587.5,84.05940594059405
N2,36.1,104,64,612.5,86.38613861386138
N2,36.1,104,65,637.5,87.12871287128712
N2,36.1,104,66,662.5,86.93069306930691
N2,36.1,104,67,687.5,86.48514851485147
N2,36.1,104,68,712.5,87.62376237623761
N2,36.1,104,69,737.5,84.05940594059405
N2,36.1,104,70,762.5,87.22772277227722
N2,36.1,104,71,787.5,85.94059405940592
N2,36.1,104,72,812.5,85.74257425742573
N2,36.1,104,73,837.5,87.12871287128712
N2,36.1,104,74,862.5,87.57425742574256
N2,36.1,104,75,887.5,85.39603960396039
N2,36.1,104,76,912.5,86.13861386138613
N2,36.1,104,77,937.5,86.08910891089107
N2,36.1,104,78,962.5,87.42574257425741
N2,36.1,104,79,987.5,85.39603960396039
N2,36.1,105,0,-987.5,37.32673267326732
N2,36.1,105,1,-962.5,87.92079207920791
N2,36.1,105,2,-937.5,86.78217821782177
N2,36.1,105,3,-912.5,89.15841584158414
N2,36.1,105,4,-887.5,85.09900990099008
N2,36.1,105,5,-862.5,88.06930693069306
N2,36.1,105,6,-837.5,88.7128712871287
N2,36.1,105,7,-812.5,86.03960396039602
N2,36.1,105,8,-787.5,87.32673267326732
N2,36.1,105,9,-762.5,88.6138613861386
N2,36.1,105,10,-737.5,87.47524752475246
N2,36.1,105,11,-712.5,89.65346534653465
N2,36.1,105,12,-687.5,88.86138613861385
N2,36.1,105,13,-662.5,87.22772277227722
N2,36.1,105,14,-637.5,88.8118811881188
N2,36.1,105,15,-612.5,86.03960396039602
N2,36.1,105,16,-587.5,88.56435643564355
N2,36.1,105,17,-562.5,86.88118811881186
N2,36.1,105,18,-537.5,87.82178217821782
N2,36.1,105,19,-512.5,88.5148514851485
N2,36.1,105,20,-487.5,88.01980198019801
N2,36.1,105,21,-462.5,88.46534653465345
N2,36.1,105,22,-437.5,87.87128712871286
N2,36.1,105,23,-412.5,86.93069306930691
N2,36.1,105,24,-387.5,89.05940594059405
N2,36.1,105,25,-362.5,87.67326732673266
N2,36.1,105,26,-337.5,86.78217821782177
N2,36.1,105,27,-312.5,88.4158415841584
N2,36.1,105,28,-287.5,87.87128712871286
N2,36.1,105,29,-262.5,87.87128712871286
N2,36.1,105,30,-237.5,87.82178217821782
N2,36.1,105,31,-212.5,87.37623762376236
N2,36.1,105,32,-187.5,87.7227722772277
N2,36.1,105,33,-162.5,87.57425742574256
N2,36.1,105,34,-137.5,87.77227722772275
N2,36.1,105,35,-112.5,87.7227722772277
N2,36.1,105,36,-87.5,87.97029702970296
N2,36.1,105,37,-62.5,87.37623762376236
N2,36.1,105,38,-37.5,87.87128712871286
N2,36.1,105,39,-12.5,87.77227722772275
N2,36.1,105,40,12.5,86.78217821782177
N2,36.1,105,41,37.5,86.13861386138613
N2,36.1,105,42,62.5,85.74257425742573
N2,36.1,105,43,87.5,84.7029702970297
N2,36.1,105,44,112.5,85.59405940594058
N2,36.1,105,45,137.5,85.59405940594058
N2,36.1,105,46,162.5,86.98019801980197
N2,36.1,105,47,187.5,84.7029702970297
N2,36.1,105,48,212.5,86.13861386138613
N2,36.1,105,49,237.5,87.17821782178217
N2,36.1,105,50,262.5,85.49504950495049
N2,36.1,105,51,287.5,85.74257425742573
N2,36.1,105,52,312.5,87.52475247524751
N2,36.1,105,53,337.5,86.08910891089107
N2,36.1,105,54,362.5,86.73267326732672
N2,36.1,105,55,387.5,85.69306930693068
N2,36.1,105,56,412.5,84.7029702970297
N2,36.1,105,57,437.5,86.38613861386138
N2,36.1,105,58,462.5,85.94059405940592
N2,36.1,105,59,487.5,86.18811881188118
N2,36.1,105,60,512.5,86.68316831683167
N2,36.1,105,61,537.5,86.18811881188118
N2,36.1,105,62,562.5,88.16831683168316
N2,36.1,105,63,587.5,85.04950495049503
N2,36.1,105,64,612.5,87.02970297029702
N2,36.1,105,65,637.5,85.39603960396039
N2,36.1,105,66,662.5,86.28712871287128
N2,36.1,105,67,687.5,87.12871287128712
N2,36.1,105,68,712.5,86.53465346534652
N2,36.1,105,69,737.5,85.19801980198018
N2,36.1,105,70,762.5,87.57425742574256
N2,36.1,105,71,787.5,85.04950495049503
N2,36.1,105,72,812.5,86.98019801980197
N2,36.1,105,73,837.5,85.54455445544554
N2,36.1,105,74,862.5,87.42574257425741
N2,36.1,105,75,887.5,84.85148514851484
N2,36.1,105,76,912.5,85.64356435643563
N2,36.1,105,77,937.5,86.28712871287128
N2,36.1,105,78,962.5,87.32673267326732
N2,36.1,105,79,987.5,86.08910891089107
N2,55.4,101,0,-987.5,41.88118811881188
N2,55.4,101,1,-962.5,88.16831683168316
N2,55.4,101,2,-937.5,88.5148514851485
N2,55.4,101,3,-912.5,88.2178217821782
N2,55.4,101,4,-887.5,88.4158415841584
N2,55.4,101,5,-862.5,88.6138613861386
N2,55.4,101,6,-837.5,88.96039603960395
N2,55.4,101,7,-812.5,88.5148514851485
N2,55.4,101,8,-787.5,87.62376237623761
N2,55.4,101,9,-762.5,88.66336633663366
N2,55.4,101,10,-737.5,89.6039603960396
N2,55.4,101,11,-712.5,87.52475247524751
N2,55.4,101,12,-687.5,91.23762376237623
N2,55.4,101,13,-662.5,87.12871287128712
N2,55.4,101,14,-637.5,86.93069306930691
N2,55.4,101,15,-612.5,89.5049504950495
N2,55.4,101,16,-587.5,87.42574257425741
N2,55.4,101,17,-562.5,87.02970297029702
N2,55.4,101,18,-537.5,89.15841584158414
N2,55.4,101,19,-512.5,90.29702970297028
N2,55.4,101,20,-487.5,88.76237623762376
N2,55.4,101,21,-462.5,87.62376237623761
N2,55.4,101,22,-437.5,90.04950495049503
N2,55.4,101,23,-412.5,88.06930693069306
N2,55.4,101,24,-387.5,87.32673267326732
N2,55.4,101,25,-362.5,90.49504950495049
N2,55.4,101,26,-337.5,89.7029702970297
N2,55.4,101,27,-312.5,88.3168316831683
N2,55.4,101,28,-287.5,89.75247524752474
N2,55.4,101,29,-262.5,88.7128712871287
N2,55.4,101,30,-237.5,89.6039603960396
N2,55.4,101,31,-212.5,89.2079207920792
N2,55.4,101,32,-187.5,89.009900990099
N2,55.4,101,33,-162.5,88.16831683168316
N2,55.4,101,34,-137.5,90.19801980198018
N2,55.4,101,35,-112.5,88.46534653465345
N2,55.4,101,36,-87.5,88.76237623762376
N2,55.4,101,37,-62.5,87.97029702970296
N2,55.4,101,38,-37.5,90.44554455445544
N2,55.4,101,39,-12.5,88.4158415841584
N2,55.4,101,40,12.5,87.47524752475246
N2,55.4,101,41,37.5,86.48514851485147
N2,55.4,101,42,62.5,86.58415841584157
N2,55.4,101,43,87.5,87.57425742574256
N2,55.4,101,44,112.5,85.09900990099008
N2,55.4,101,45,137.5,84.99999999999999
N2,55.4,101,46,162.5,87.7227722772277
N2,55.4,101,47,187.5,86.08910891089107
N2,55.4,101,48,212.5,87.07920792079207
N2,55.4,101,49,237.5,86.28712871287128
N2,55.4,101,50,262.5,84.45544554455445
N2,55.4,101,51,287.5,86.58415841584157
N2,55.4,101,52,312.5,84.30693069306929
N2,55.4,101,53,337.5,87.12871287128712
N2,55.4,101,54,362.5,87.97029702970296
N2,55.4,101,55,387.5,85.29702970297029
N2,55.4,101,56,412.5,85.79207920792078
N2,55.4,101,57,437.5,85.44554455445544
N2,55.4,101,58,462.5,85.99009900990097
N2,55.4,101,59,487.5,86.68316831683167
N2,55.4,101,60,512.5,84.80198019801979
N2,55.4,101,61,537.5,85.89108910891088
N2,55.4,101,62,562.5,85.99009900990097
N2,55.4,101,63,587.5,87.82178217821782
N2,55.4,101,64,612.5,86.68316831683167
N2,55.4,101,65,637.5,86.33663366336633
N2,55.4,101,66,662.5,85.59405940594058
N2,55.4,101,67,687.5,86.08910891089107
N2,55.4,101,68,712.5,87.42574257425741
N2,55.4,101,69,737.5,86.18811881188118
N2,55.4,101,70,762.5,85.79207920792078
N2,55.4,101,71,787.5,87.42574257425741
N2,55.4,101,72,812.5,86.53465346534652
N2,55.4,101,73,837.5,86.13861386138613
N2,55.4,101,74,862.5,86.03960396039602
N2,55.4,101,75,887.5,85.34653465346534
N2,55.4,101,76,912.5,86.58415841584157
N2,55.4,101,77,937.5,86.98019801980197
N2,55.4,101,78,962.5,87.22772277227722
N2,55.4,101,79,987.5,87.02970297029702
N2,55.4,102,0,-987.5,41.039603960396036
N2,55.4,102,1,-962.5,88.7128712871287
N2,55.4,102,2,-937.5,90.29702970297028
N2,55.4,102,3,-912.5,88.56435643564355
N2,55.4,102,4,-887.5,87.42574257425741
N2,55.4,102,5,-862.5,89.25742574257424
N2,55.4,102,6,-837.5,89.55445544554455
N2,55.4,102,7,-812.5,88.6138613861386
N2,55.4,102,8,-787.5,88.36633663366335
N2,55.4,102,9,-762.5,90.04950495049503
N2,55.4,102,10,-737.5,88.46534653465345
N2,55.4,102,11,-712.5,88.2178217821782
N2,55.4,102,12,-687.5,87.42574257425741
N2,55.4,102,13,-662.5,89.6039603960396
N2,55.4,102,14,-637.5,87.62376237623761
N2,55.4,102,15,-612.5,87.62376237623761
N2,55.4,102,16,-587.5,88.56435643564355
N2,55.4,102,17,-562.5,90.19801980198018
N2,55.4,102,18,-537.5,87.62376237623761
N2,55.4,102,19,-512.5,88.8118811881188
N2,55.4,102,20,-487.5,88.46534653465345
N2,55.4,102,21,-462.5,89.30693069306929
N2,55.4,102,22,-437.5,90.29702970297028
N2,55.4,102,23,-412.5,88.7128712871287
N2,55.4,102,24,-387.5,90.99009900990097
N2,55.4,102,25,-362.5,87.02970297029702
N2,55.4,102,26,-337.5,90.04950495049503
N2,55.4,102,27,-312.5,88.4158415841584
N2,55.4,102,28,-287.5,89.80198019801979
N2,55.4,102,29,-262.5,88.9108910891089
N2,55.4,102,30,-237.5,86.03960396039602
N2,55.4,102,31,-212.5,88.96039603960395
N2,55.4,102,32,-187.5,89.35643564356434
N2,55.4,102,33,-162.5,88.96039603960395
N2,55.4,102,34,-137.5,88.9108910891089
N2,55.4,102,35,-112.5,89.45544554455444
N2,55.4,102,36,-87.5,88.06930693069306
N2,55.4,102,37,-62.5,88.86138613861385
N2,55.4,102,38,-37.5,88.3168316831683
N2,55.4,102,39,-12.5,88.36633663366335
N2,55.4,102,40,12.5,86.63366336633662
N2,55.4,102,41,37.5,86.83168316831681
N2,55.4,102,42,62.5,85.54455445544554
N2,55.4,102,43,87.5,86.43564356435643
N2,55.4,102,44,112.5,85.24752475247523
N2,55.4,102,45,137.5,87.37623762376236
N2,55.4,102,46,162.5,84.7029702970297
N2,55.4,102,47,187.5,86.03960396039602
N2,55.4,102,48,212.5,84.80198019801979
N2,55.4,102,49,237.5,85.59405940594058
N2,55.4,102,50,262.5,86.23762376237623
N2,55.4,102,51,287.5,86.18811881188118
N2,55.4,102,52,312.5,85.59405940594058
N2,55.4,102,53,337.5,85.44554455445544
N2,55.4,102,54,362.5,85.84158415841583
N2,55.4,102,55,387.5,85.34653465346534
N2,55.4,102,56,412.5,85.19801980198018
N2,55.4,102,57,437.5,86.73267326732672
N2,55.4,102,58,462.5,85.74257425742573
N2,55.4,102,59,487.5,84.05940594059405
N2,55.4,102,60,512.5,85.64356435643563
N2,55.4,102,61,537.5,85.04950495049503
N2,55.4,102,62,562.5,86.03960396039602
N2,55.4,102,63,587.5,85.69306930693068
N2,55.4,102,64,612.5,86.33663366336633
N2,55.4,102,65,637.5,84.75247524752474
N2,55.4,102,66,662.5,87.62376237623761
N2,55.4,102,67,687.5,84.45544554455445
N2,55.4,102,68,712.5,85.34653465346534
N2,55.4,102,69,737.5,87.12871287128712
N2,55.4,102,70,762.5,85.99009900990097
N2,55.4,102,71,787.5,86.23762376237623
N2,55.4,102,72,812.5,86.63366336633662
N2,55.4,102,73,837.5,86.68316831683167
N2,55.4,102,74,862.5,86.63366336633662
N2,55.4,102,75,887.5,86.88118811881186
N2,55.4,102,76,912.5,85.74257425742573
N2,55.4,102,77,937.5,84.45544554455445
N2,55.4,102,78,962.5,86.63366336633662
N2,55.4,102,79,987.5,84.95049504950494
N2,55.4,103,0,-987.5,42.97029702970296
N2,55.4,103,1,-962.5,88.06930693069306
N2,55.4,103,2,-937.5,88.76237623762376
N2,55.4,103,3,-912.5,87.27722772277227
N2,55.4,103,4,-887.5,89.30693069306929
N2,55.4,103,5,-862.5,89.75247524752474
N2,55.4,103,6,-837.5,89.2079207920792
N2,55.4,103,7,-812.5,86.98019801980197
N2,55.4,103,8,-787.5,88.66336633663366
N2,55.4,103,9,-762.5,89.40594059405939
N2,55.4,103,10,-737.5,90.24752475247523
N2,55.4,103,11,-712.5,88.11881188118811
N2,55.4,103,12,-687.5,89.99999999999999
N2,55.4,103,13,-662.5,89.65346534653465
N2,55.4,103,14,-637.5,88.9108910891089
N2,55.4,103,15,-612.5,89.35643564356434
N2,55.4,103,16,-587.5,88.9108910891089
N2,55.4,103,17,-562.5,89.009900990099
N2,55.4,103,18,-537.5,87.7227722772277
N2,55.4,103,19,-512.5,88.26732673267325
N2,55.4,103,20,-487.5,89.30693069306929
N2,55.4,103,21,-462.5,88.16831683168316
N2,55.4,103,22,-437.5,89.75247524752474
N2,55.4,103,23,-412.5,87.47524752475246
N2,55.4,103,24,-387.5,89.2079207920792
N2,55.4,103,25,-362.5,89.15841584158414
N2,55.4,103,26,-337.5,88.6138613861386
N2,55.4,103,27,-312.5,87.37623762376236
N2,55.4,103,28,-287.5,88.76237623762376
N2,55.4,103,29,-262.5,89.35643564356434
N2,55.4,103,30,-237.5,88.11881188118811
N2,55.4,103,31,-212.5,89.90099009900989
N2,55.4,103,32,-187.5,87.02970297029702
N2,55.4,103,33,-162.5,88.4158415841584
N2,55.4,103,34,-137.5,89.25742574257424
N2,55.4,103,35,-112.5,90.49504950495049
N2,55.4,103,36,-87.5,89.75247524752474
N2,55.4,103,37,-62.5,88.76237623762376
N2,55.4,103,38,-37.5,87.42574257425741
N2,55.4,103,39,-12.5,90.54455445544554
N2,55.4,103,40,12.5,87.62376237623761
N2,55.4,103,41,37.5,84.6039603960396
N2,55.4,103,42,62.5,85.64356435643563
N2,55.4,103,43,87.5,86.88118811881186
N2,55.4,103,44,112.5,85.09900990099008
N2,55.4,103,45,137.5,86.63366336633662
N2,55.4,103,46,162.5,84.95049504950494
N2,55.4,103,47,187.5,85.69306930693068
N2,55.4,103,48,212.5,85.94059405940592
N2,55.4,103,49,237.5,86.53465346534652
N2,55.4,103,50,262.5,86.88118811881186
N2,55.4,103,51,287.5,85.09900990099008
N2,55.4,103,52,312.5,87.12871287128712
N2,55.4,103,53,337.5,85.99009900990097
N2,55.4,103,54,362.5,84.95049504950494
N2,55.4,103,55,387.5,85.89108910891088
N2,55.4,103,56,412.5,87.02970297029702
N2,55.4,103,57,437.5,85.99009900990097
N2,55.4,103,58,462.5,85.79207920792078
N2,55.4,103,59,487.5,86.38613861386138
N2,55.4,103,60,512.5,86.38613861386138
N2,55.4,103,61,537.5,86.73267326732672
N2,55.4,103,62,562.5,85.89108910891088
N2,55.4,103,63,587.5,87.17821782178217
N2,55.4,103,64,612.5,85.59405940594058
N2,55.4,103,65,637.5,86.38613861386138
N2,55.4,103,66,662.5,86.33663366336633
N2,55.4,103,67,687.5,87.47524752475246
N2,55.4,103,68,712.5,84.80198019801979
N2,55.4,103,69,737.5,86.13861386138613
N2,55.4,103,70,762.5,86.73267326732672
N2,55.4,103,71,787.5,86.68316831683167
N2,55.4,103,72,812.5,86.68316831683167
N2,55.4,103,73,837.5,86.78217821782177
N2,55.4,103,74,862.5,86.43564356435643
N2,55.4,103,75,887.5,85.79207920792078
N2,55.4,103,76,912.5,86.18811881188118
N2,55.4,103,77,937.5,87.17821782178217
N2,55.4,103,78,962.5,86.18811881188118
N2,55.4,103,79,987.5,85.89108910891088
N2,55.4,104,0,-987.5,40.841584158415834
N2,55.4,104,1,-962.5,87.07920792079207
N2,55.4,104,2,-937.5,91.28712871287128
N2,55.4,104,3,-912.5,87.62376237623761
N2,55.4,104,4,-887.5,87.47524752475246
N2,55.4,104,5,-862.5,89.95049504950494
N2,55.4,104,6,-837.5,88.16831683168316
N2,55.4,104,7,-812.5,87.62376237623761
N2,55.4,104,8,-787.5,87.77227722772275
N2,55.4,104,9,-762.5,88.86138613861385
N2,55.4,104,10,-737.5,88.66336633663366
N2,55.4,104,11,-712.5,88.76237623762376
N2,55.4,104,12,-687.5,88.66336633663366
N2,55.4,104,13,-662.5,88.2178217821782
N2,55.4,104,14,-637.5,88.56435643564355
N2,55.4,104,15,-612.5,89.45544554455444
N2,55.4,104,16,-587.5,88.8118811881188
N2,55.4,104,17,-562.5,87.82178217821782
N2,55.4,104,18,-537.5,87.32673267326732
N2,55.4,104,19,-512.5,88.5148514851485
N2,55.4,104,20,-487.5,89.5049504950495
N2,55.4,104,21,-462.5,88.6138613861386
N2,55.4,104,22,-437.5,89.55445544554455
N2,55.4,104,23,-412.5,89.40594059405939
N2,55.4,104,24,-387.5,89.009900990099
N2,55.4,104,25,-362.5,88.01980198019801
N2,55.4,104,26,-337.5,88.2178217821782
N2,55.4,104,27,-312.5,88.9108910891089
N2,55.4,104,28,-287.5,88.11881188118811
N2,55.4,104,29,-262.5,88.06930693069306
N2,55.4,104,30,-237.5,89.7029702970297
N2,55.4,104,31,-212.5,90.79207920792078
N2,55.4,104,32,-187.5,90.69306930693068
N2,55.4,104,33,-162.5,88.16831683168316
N2,55.4,104,34,-137.5,89.25742574257424
N2,55.4,104,35,-112.5,88.6138613861386
N2,55.4,104,36,-87.5,89.35643564356434
N2,55.4,104,37,-62.5,89.15841584158414
N2,55.4,104,38,-37.5,87.52475247524751
N2,55.4,104,39,-12.5,87.32673267326732
N2,55.4,104,40,12.5,89.1089108910891
N2,55.4,104,41,37.5,85.44554455445544
N2,55.4,104,42,62.5,86.78217821782177
N2,55.4,104,43,87.5,87.07920792079207
N2,55.4,104,44,112.5,84.95049504950494
N2,55.4,104,45,137.5,85.74257425742573
N2,55.4,104,46,162.5,84.80198019801979
N2,55.4,104,47,187.5,85.84158415841583
N2,55.4,104,48,212.5,86.58415841584157
N2,55.4,104,49,237.5,85.64356435643563
N2,55.4,104,50,262.5,85.59405940594058
N2,55.4,104,51,287.5,86.28712871287128
N2,55.4,104,52,312.5,85.19801980198018
N2,55.4,104,53,337.5,86.58415841584157
N2,55.4,104,54,362.5,86.53465346534652
N2,55.4,104,55,387.5,87.22772277227722
N2,55.4,104,56,412.5,87.37623762376236
N2,55.4,104,57,437.5,86.48514851485147
N2,55.4,104,58,462.5,86.08910891089107
N2,55.4,104,59,487.5,87.42574257425741
N2,55.4,104,60,512.5,86.78217821782177
N2,55.4,104,61,537.5,86.68316831683167
N2,55.4,104,62,562.5,85.89108910891088
N2,55.4,104,63,587.5,87.02970297029702
N2,55.4,104,64,612.5,86.08910891089107
N2,55.4,104,65,637.5,87.22772277227722
N2,55.4,104,66,662.5,85.54455445544554
N2,55.4,104,67,687.5,87.57425742574256
N2,55.4,104,68,712.5,87.47524752475246
N2,55.4,104,69,737.5,85.24752475247523
N2,55.4,104,70,762.5,85.99009900990097
N2,55.4,104,71,787.5,86.33663366336633
N2,55.4,104,72,812.5,86.03960396039602
N2,55.4,104,73,837.5,86.28712871287128
N2,55.4,104,74,862.5,84.75247524752474
N2,55.4,104,75,887.5,86.48514851485147
N2,55.4,104,76,912.5,85.89108910891088
N2,55.4,104,77,937.5,86.43564356435643
N2,55.4,104,78,962.5,87.17821782178217
N2,55.4,104,79,987.5,86.53465346534652
N2,55.4,105,0,-987.5,39.15841584158415
N2,55.4,105,1,-962.5,86.88118811881186
N2,55.4,105,2,-937.5,89.1089108910891
N2,55.4,105,3,-912.5,87.32673267326732
N2,55.4,105,4,-887.5,88.96039603960395
N2,55.4,105,5,-862.5,89.7029702970297
N2,55.4,105,6,-837.5,90.59405940594058
N2,55.4,105,7,-812.5,88.4158415841584
N2,55.4,105,8,-787.5,89.99999999999999
N2,55.4,105,9,-762.5,89.009900990099
N2,55.4,105,10,-737.5,89.25742574257424
N2,55.4,105,11,-712.5,88.26732673267325
N2,55.4,105,12,-687.5,88.8118811881188
N2,55.4,105,13,-662.5,89.80198019801979
N2,55.4,105,14,-637.5,88.06930693069306
N2,55.4,105,15,-612.5,89.15841584158414
N2,55.4,105,16,-587.5,88.3168316831683
N2,55.4,105,17,-562.5,90.39603960396039
N2,55.4,105,18,-537.5,89.75247524752474
N2,55.4,105,19,-512.5,88.11881188118811
N2,55.4,105,20,-487.5,89.95049504950494
N2,55.4,105,21,-462.5,89.6039603960396
N2,55.4,105,22,-437.5,88.3168316831683
N2,55.4,105,23,-412.5,87.67326732673266
N2,55.4,105,24,-387.5,88.06930693069306
N2,55.4,105,25,-362.5,86.93069306930691
N2,55.4,105,26,-337.5,88.46534653465345
N2,55.4,105,27,-312.5,87.17821782178217
N2,55.4,105,28,-287.5,87.37623762376236
N2,55.4,105,29,-262.5,87.87128712871286
N2,55.4,105,30,-237.5,88.66336633663366
N2,55.4,105,31,-212.5,87.52475247524751
N2,55.4,105,32,-187.5,89.65346534653465
N2,55.4,105,33,-162.5,88.86138613861385
N2,55.4,105,34,-137.5,88.2178217821782
N2,55.4,105,35,-112.5,88.8118811881188
N2,55.4,105,36,-87.5,89.25742574257424
N2,55.4,105,37,-62.5,87.87128712871286
N2,55.4,105,38,-37.5,88.46534653465345
N2,55.4,105,39,-12.5,88.3168316831683
N2,55.4,105,40,12.5,86.63366336633662
N2,55.4,105,41,37.5,86.43564356435643
N2,55.4,105,42,62.5,86.68316831683167
N2,55.4,105,43,87.5,86.18811881188118
N2,55.4,105,44,112.5,85.84158415841583
N2,55.4,105,45,137.5,85.19801980198018
N2,55.4,105,46,162.5,86.18811881188118
N2,55.4,105,47,187.5,85.89108910891088
N2,55.4,105,48,212.5,85.74257425742573
N2,55.4,105,49,237.5,84.75247524752474
N2,55.4,105,50,262.5,86.68316831683167
N2,55.4,105,51,287.5,86.78217821782177
N2,55.4,105,52,312.5,86.08910891089107
N2,55.4,105,53,337.5,86.33663366336633
N2,55.4,105,54,362.5,84.65346534653465
N2,55.4,105,55,387.5,86.88118811881186
N2,55.4,105,56,412.5,87.87128712871286
N2,55.4,105,57,437.5,84.95049504950494
N2,55.4,105,58,462.5,85.94059405940592
N2,55.4,105,59,487.5,87.42574257425741
N2,55.4,105,60,512.5,85.89108910891088
N2,55.4,105,61,537.5,86.23762376237623
N2,55.4,105,62,562.5,85.54455445544554
N2,55.4,105,63,587.5,86.63366336633662
N2,55.4,105,64,612.5,87.57425742574256
N2,55.4,105,65,637.5,86.13861386138613
N2,55.4,105,66,662.5,85.09900990099008
N2,55.4,105,67,687.5,86.93069306930691
N2,55.4,105,68,712.5,85.49504950495049
N2,55.4,105,69,737.5,88.16831683168316
N2,55.4,105,70,762.5,86.38613861386138
N2,55.4,105,71,787.5,86.33663366336633
N2,55.4,105,72,812.5,87.27722772277227
N2,55.4,105,73,837.5,84.65346534653465
N2,55.4,105,74,862.5,87.27722772277227
N2,55.4,105,75,887.5,85.04950495049503
N2,55.4,105,76,912.5,86.33663366336633
N2,55.4,105,77,937.5,84.80198019801979
N2,55.4,105,78,962.5,87.27722772277227
N2,55.4,105,79,987.5,86.33663366336633
N2,85.0,101,0,-987.5,43.31683168316831
N2,85.0,101,1,-962.5,89.5049504950495
N2,85.0,101,2,-937.5,90.99009900990097
N2,85.0,101,3,-912.5,88.6138613861386
N2,85.0,101,4,-887.5,90.44554455445544
N2,85.0,101,5,-862.5,89.05940594059405
N2,85.0,101,6,-837.5,89.15841584158414
N2,85.0,101,7,-812.5,88.36633663366335
N2,85.0,101,8,-787.5,91.68316831683167
N2,85.0,101,9,-762.5,89.85148514851484
N2,85.0,101,10,-737.5,90.49504950495049
N2,85.0,101,11,-712.5,89.80198019801979
N2,85.0,101,12,-687.5,92.27722772277227
N2,85.0,101,13,-662.5,89.6039603960396
N2,85.0,101,14,-637.5,90.39603960396039
N2,85.0,101,15,-612.5,90.34653465346534
N2,85.0,101,16,-587.5,89.2079207920792
N2,85.0,101,17,-562.5,88.86138613861385
N2,85.0,101,18,-537.5,89.6039603960396
N2,85.0,101,19,-512.5,88.66336633663366
N2,85.0,101,20,-487.5,90.44554455445544
N2,85.0,101,21,-462.5,92.02970297029702
N2,85.0,101,22,-437.5,90.04950495049503
N2,85.0,101,23,-412.5,90.34653465346534
N2,85.0,101,24,-387.5,89.5049504950495
N2,85.0,101,25,-362.5,90.29702970297028
N2,85.0,101,26,-337.5,90.59405940594058
N2,85.0,101,27,-312.5,89.80198019801979
N2,85.0,101,28,-287.5,89.55445544554455
N2,85.0,101,29,-262.5,90.09900990099008
N2,85.0,101,30,-237.5,90.94059405940592
N2,85.0,101,31,-212.5,89.5049504950495
N2,85.0,101,32,-187.5,91.88118811881186
N2,85.0,101,33,-162.5,91.13861386138612
N2,85.0,101,34,-137.5,89.009900990099
N2,85.0,101,35,-112.5,90.44554455445544
N2,85.0,101,36,-87.5,89.99999999999999
N2,85.0,101,37,-62.5,89.45544554455444
N2,85.0,101,38,-37.5,89.90099009900989
N2,85.0,101,39,-12.5,91.03960396039602
N2,85.0,101,40,12.5,86.23762376237623
N2,85.0,101,41,37.5,86.28712871287128
N2,85.0,101,42,62.5,85.89108910891088
N2,85.0,101,43,87.5,86.63366336633662
N2,85.0,101,44,112.5,84.45544554455445
N2,85.0,101,45,137.5,85.49504950495049
N2,85.0,101,46,162.5,87.22772277227722
N2,85.0,101,47,187.5,86.48514851485147
N2,85.0,101,48,212.5,86.18811881188118
N2,85.0,101,49,237.5,86.13861386138613
N2,85.0,101,50,262.5,86.33663366336633
N2,85.0,101,51,287.5,85.64356435643563
N2,85.0,101,52,312.5,87.02970297029702
N2,85.0,101,53,337.5,85.74257425742573
N2,85.0,101,54,362.5,85.84158415841583
N2,85.0,101,55,387.5,85.79207920792078
N2,85.0,101,56,412.5,86.18811881188118
N2,85.0,101,57,437.5,86.23762376237623
N2,85.0,101,58,462.5,86.43564356435643
N2,85.0,101,59,487.5,86.48514851485147
N2,85.0,101,60,512.5,85.49504950495049
N2,85.0,101,61,537.5,86.78217821782177
N2,85.0,101,62,562.5,85.69306930693068
N2,85.0,101,63,587.5,85.24752475247523
N2,85.0,101,64,612.5,86.63366336633662
N2,85.0,101,65,637.5,86.83168316831681
N2,85.0,101,66,662.5,84.85148514851484
N2,85.0,101,67,687.5,86.78217821782177
N2,85.0,101,68,712.5,86.83168316831681
N2,85.0,101,69,737.5,86.63366336633662
N2,85.0,101,70,762.5,85.84158415841583
N2,85.0,101,71,787.5,86.33663366336633
N2,85.0,101,72,812.5,86.48514851485147
N2,85.0,101,73,837.5,85.29702970297029
N2,85.0,101,74,862.5,85.74257425742573
N2,85.0,101,75,887.5,85.64356435643563
N2,85.0,101,76,912.5,86.18811881188118
N2,85.0,101,77,937.5,86.38613861386138
N2,85.0,101,78,962.5,86.98019801980197
N2,85.0,101,79,987.5,85.69306930693068
N2,85.0,102,0,-987.5,45.64356435643564
N2,85.0,102,1,-962.5,88.9108910891089
N2,85.0,102,2,-937.5,91.08910891089107
N2,85.0,102,3,-912.5,90.14851485148513
N2,85.0,102,4,-887.5,90.74257425742573
N2,85.0,102,5,-862.5,90.64356435643563
N2,85.0,102,6,-837.5,90.34653465346534
N2,85.0,102,7,-812.5,88.16831683168316
N2,85.0,102,8,-787.5,88.9108910891089
N2,85.0,102,9,-762.5,91.88118811881186
N2,85.0,102,10,-737.5,89.95049504950494
N2,85.0,102,11,-712.5,90.04950495049503
N2,85.0,102,12,-687.5,90.99009900990097
N2,85.0,102,13,-662.5,90.04950495049503
N2,85.0,102,14,-637.5,89.95049504950494
N2,85.0,102,15,-612.5,90.39603960396039
N2,85.0,102,16,-587.5,89.2079207920792
N2,85.0,102,17,-562.5,90.24752475247523
N2,85.0,102,18,-537.5,90.84158415841583
N2,85.0,102,19,-512.5,89.05940594059405
N2,85.0,102,20,-487.5,89.25742574257424
N2,85.0,102,21,-462.5,90.44554455445544
N2,85.0,102,22,-437.5,89.7029702970297
N2,85.0,102,23,-412.5,91.13861386138612
N2,85.0,102,24,-387.5,90.99009900990097
N2,85.0,102,25,-362.5,88.46534653465345
N2,85.0,102,26,-337.5,89.40594059405939
N2,85.0,102,27,-312.5,91.53465346534652
N2,85.0,102,28,-287.5,90.49504950495049
N2,85.0,102,29,-262.5,88.96039603960395
N2,85.0,102,30,-237.5,91.48514851485147
N2,85.0,102,31,-212.5,91.38613861386138
N2,85.0,102,32,-187.5,89.75247524752474
N2,85.0,102,33,-162.5,91.78217821782177
N2,85.0,102,34,-137.5,90.84158415841583
N2,85.0,102,35,-112.5,90.24752475247523
N2,85.0,102,36,-87.5,89.90099009900989
N2,85.0,102,37,-62.5,90.84158415841583
N2,85.0,102,38,-37.5,88.7128712871287
N2,85.0,102,39,-12.5,90.59405940594058
N2,85.0,102,40,12.5,87.7227722772277
N2,85.0,102,41,37.5,86.03960396039602
N2,85.0,102,42,62.5,87.27722772277227
N2,85.0,102,43,87.5,87.42574257425741
N2,85.0,102,44,112.5,84.65346534653465
N2,85.0,102,45,137.5,85.74257425742573
N2,85.0,102,46,162.5,89.15841584158414
N2,85.0,102,47,187.5,86.53465346534652
N2,85.0,102,48,212.5,86.28712871287128
N2,85.0,102,49,237.5,85.64356435643563
N2,85.0,102,50,262.5,87.02970297029702
N2,85.0,102,51,287.5,86.13861386138613
N2,85.0,102,52,312.5,87.57425742574256
N2,85.0,102,53,337.5,85.69306930693068
N2,85.0,102,54,362.5,85.89108910891088
N2,85.0,102,55,387.5,85.84158415841583
N2,85.0,102,56,412.5,86.33663366336633
N2,85.0,102,57,437.5,86.33663366336633
N2,85.0,102,58,462.5,87.37623762376236
N2,85.0,102,59,487.5,85.79207920792078
N2,85.0,102,60,512.5,86.83168316831681
N2,85.0,102,61,537.5,86.38613861386138
N2,85.0,102,62,562.5,85.39603960396039
N2,85.0,102,63,587.5,86.18811881188118
N2,85.0,102,64,612.5,87.07920792079207
N2,85.0,102,65,637.5,86.58415841584157
N2,85.0,102,66,662.5,84.90099009900989
N2,85.0,102,67,687.5,85.94059405940592
N2,85.0,102,68,712.5,86.08910891089107
N2,85.0,102,69,737.5,85.79207920792078
N2,85.0,102,70,762.5,85.84158415841583
N2,85.0,102,71,787.5,85.64356435643563
N2,85.0,102,72,812.5,85.84158415841583
N2,85.0,102,73,837.5,85.69306930693068
N2,85.0,102,74,862.5,86.33663366336633
N2,85.0,102,75,887.5,87.07920792079207
N2,85.0,102,76,912.5,85.49504950495049
N2,85.0,102,77,937.5,85.94059405940592
N2,85.0,102,78,962.5,86.93069306930691
N2,85.0,102,79,987.5,85.09900990099008
N2,85.0,103,0,-987.5,44.653465346534645
N2,85.0,103,1,-962.5,89.25742574257424
N2,85.0,103,2,-937.5,90.39603960396039
N2,85.0,103,3,-912.5,91.33663366336633
N2,85.0,103,4,-887.5,91.08910891089107
N2,85.0,103,5,-862.5,92.32673267326732
N2,85.0,103,6,-837.5,90.44554455445544
N2,85.0,103,7,-812.5,91.23762376237623
N2,85.0,103,8,-787.5,88.96039603960395
N2,85.0,103,9,-762.5,91.88118811881186
N2,85.0,103,10,-737.5,89.05940594059405
N2,85.0,103,11,-712.5,90.79207920792078
N2,85.0,103,12,-687.5,90.74257425742573
N2,85.0,103,13,-662.5,89.6039603960396
N2,85.0,103,14,-637.5,91.28712871287128
N2,85.0,103,15,-612.5,90.04950495049503
N2,85.0,103,16,-587.5,89.85148514851484
N2,85.0,103,17,-562.5,90.59405940594058
N2,85.0,103,18,-537.5,89.15841584158414
N2,85.0,103,19,-512.5,90.34653465346534
N2,85.0,103,20,-487.5,89.35643564356434
N2,85.0,103,21,-462.5,90.94059405940592
N2,85.0,103,22,-437.5,89.90099009900989
N2,85.0,103,23,-412.5,89.15841584158414
N2,85.0,103,24,-387.5,90.59405940594058
N2,85.0,103,25,-362.5,89.90099009900989
N2,85.0,103,26,-337.5,89.1089108910891
N2,85.0,103,27,-312.5,91.33663366336633
N2,85.0,103,28,-287.5,88.8118811881188
N2,85.0,103,29,-262.5,89.55445544554455
N2,85.0,103,30,-237.5,89.95049504950494
N2,85.0,103,31,-212.5,88.7128712871287
N2,85.0,103,32,-187.5,90.24752475247523
N2,85.0,103,33,-162.5,88.5148514851485
N2,85.0,103,34,-137.5,90.29702970297028
N2,85.0,103,35,-112.5,90.79207920792078
N2,85.0,103,36,-87.5,89.95049504950494
N2,85.0,103,37,-62.5,88.5148514851485
N2,85.0,103,38,-37.5,89.90099009900989
N2,85.0,103,39,-12.5,90.19801980198018
N2,85.0,103,40,12.5,87.07920792079207
N2,85.0,103,41,37.5,85.79207920792078
N2,85.0,103,42,62.5,85.79207920792078
N2,85.0,103,43,87.5,86.13861386138613
N2,85.0,103,44,112.5,88.11881188118811
N2,85.0,103,45,137.5,86.53465346534652
N2,85.0,103,46,162.5,86.43564356435643
N2,85.0,103,47,187.5,87.52475247524751
N2,85.0,103,48,212.5,85.69306930693068
N2,85.0,103,49,237.5,86.03960396039602
N2,85.0,103,50,262.5,88.01980198019801
N2,85.0,103,51,287.5,87.32673267326732
N2,85.0,103,52,312.5,86.33663366336633
N2,85.0,103,53,337.5,86.73267326732672
N2,85.0,103,54,362.5,85.59405940594058
N2,85.0,103,55,387.5,85.19801980198018
N2,85.0,103,56,412.5,86.13861386138613
N2,85.0,103,57,437.5,85.34653465346534
N2,85.0,103,58,462.5,86.33663366336633
N2,85.0,103,59,487.5,85.24752475247523
N2,85.0,103,60,512.5,87.32673267326732
N2,85.0,103,61,537.5,85.49504950495049
N2,85.0,103,62,562.5,86.13861386138613
N2,85.0,103,63,587.5,86.43564356435643
N2,85.0,103,64,612.5,86.08910891089107
N2,85.0,103,65,637.5,86.33663366336633
N2,85.0,103,66,662.5,87.32673267326732
N2,85.0,103,67,687.5,85.94059405940592
N2,85.0,103,68,712.5,87.27722772277227
N2,85.0,103,69,737.5,84.80198019801979
N2,85.0,103,70,762.5,86.38613861386138
N2,85.0,103,71,787.5,86.48514851485147
N2,85.0,103,72,812.5,86.58415841584157
N2,85.0,103,73,837.5,87.02970297029702
N2,85.0,103,74,862.5,87.67326732673266
N2,85.0,103,75,887.5,84.7029702970297
N2,85.0,103,76,912.5,86.98019801980197
N2,85.0,103,77,937.5,85.99009900990097
N2,85.0,103,78,962.5,87.37623762376236
N2,85.0,103,79,987.5,86.23762376237623
N2,85.0,104,0,-987.5,44.009900990099005
N2,85.0,104,1,-962.5,89.1089108910891
N2,85.0,104,2,-937.5,90.74257425742573
N2,85.0,104,3,-912.5,89.75247524752474
N2,85.0,104,4,-887.5,91.63366336633662
N2,85.0,104,5,-862.5,90.29702970297028
N2,85.0,104,6,-837.5,91.03960396039602
N2,85.0,104,7,-812.5,91.23762376237623
N2,85.0,104,8,-787.5,89.2079207920792
N2,85.0,104,9,-762.5,90.94059405940592
N2,85.0,104,10,-737.5,90.89108910891088
N2,85.0,104,11,-712.5,89.6039603960396
N2,85.0,104,12,-687.5,91.38613861386138
N2,85.0,104,13,-662.5,90.44554455445544
N2,85.0,104,14,-637.5,89.90099009900989
N2,85.0,104,15,-612.5,90.04950495049503
N2,85.0,104,16,-587.5,89.35643564356434
N2,85.0,104,17,-562.5,90.74257425742573
N2,85.0,104,18,-537.5,89.7029702970297
N2,85.0,104,19,-512.5,91.18811881188118
N2,85.0,104,20,-487.5,90.49504950495049
N2,85.0,104,21,-462.5,90.74257425742573
N2,85.0,104,22,-437.5,91.58415841584157
N2,85.0,104,23,-412.5,90.74257425742573
N2,85.0,104,24,-387.5,89.80198019801979
N2,85.0,104,25,-362.5,91.53465346534652
N2,85.0,104,26,-337.5,89.2079207920792
N2,85.0,104,27,-312.5,89.009900990099
N2,85.0,104,28,-287.5,89.35643564356434
N2,85.0,104,29,-262.5,90.64356435643563
N2,85.0,104,30,-237.5,89.95049504950494
N2,85.0,104,31,-212.5,88.6138613861386
N2,85.0,104,32,-187.5,91.23762376237623
N2,85.0,104,33,-162.5,89.55445544554455
N2,85.0,104,34,-137.5,90.69306930693068
N2,85.0,104,35,-112.5,88.9108910891089
N2,85.0,104,36,-87.5,89.7029702970297
N2,85.0,104,37,-62.5,90.84158415841583
N2,85.0,104,38,-37.5,90.14851485148513
N2,85.0,104,39,-12.5,89.6039603960396
N2,85.0,104,40,12.5,87.07920792079207
N2,85.0,104,41,37.5,85.49504950495049
N2,85.0,104,42,62.5,85.99009900990097
N2,85.0,104,43,87.5,87.87128712871286
N2,85.0,104,44,112.5,85.54455445544554
N2,85.0,104,45,137.5,87.07920792079207
N2,85.0,104,46,162.5,86.68316831683167
N2,85.0,104,47,187.5,85.74257425742573
N2,85.0,104,48,212.5,85.49504950495049
N2,85.0,104,49,237.5,85.94059405940592
N2,85.0,104,50,262.5,85.79207920792078
N2,85.0,104,51,287.5,85.14851485148513
N2,85.0,104,52,312.5,86.08910891089107
N2,85.0,104,53,337.5,86.63366336633662
N2,85.0,104,54,362.5,86.33663366336633
N2,85.0,104,55,387.5,87.7227722772277
N2,85.0,104,56,412.5,86.03960396039602
N2,85.0,104,57,437.5,87.07920792079207
N2,85.0,104,58,462.5,85.34653465346534
N2,85.0,104,59,487.5,86.08910891089107
N2,85.0,104,60,512.5,86.23762376237623
N2,85.0,104,61,537.5,87.27722772277227
N2,85.0,104,62,562.5,87.77227722772275
N2,85.0,104,63,587.5,86.08910891089107
N2,85.0,104,64,612.5,87.02970297029702
N2,85.0,104,65,637.5,85.74257425742573
N2,85.0,104,66,662.5,85.69306930693068
N2,85.0,104,67,687.5,86.33663366336633
N2,85.0,104,68,712.5,84.7029702970297
N2,85.0,104,69,737.5,86.93069306930691
N2,85.0,104,70,762.5,86.03960396039602
N2,85.0,104,71,787.5,86.03960396039602
N2,85.0,104,72,812.5,87.77227722772275
N2,85.0,104,73,837.5,85.04950495049503
N2,85.0,104,74,862.5,87.42574257425741
N2,85.0,104,75,887.5,85.24752475247523
N2,85.0,104,76,912.5,87.47524752475246
N2,85.0,104,77,937.5,85.39603960396039
N2,85.0,104,78,962.5,87.97029702970296
N2,85.0,104,79,987.5,85.24752475247523
N2,85.0,105,0,-987.5,42.07920792079207
N2,85.0,105,1,-962.5,88.86138613861385
N2,85.0,105,2,-937.5,91.23762376237623
N2,85.0,105,3,-912.5,89.75247524752474
N2,85.0,105,4,-887.5,90.44554455445544
N2,85.0,105,5,-862.5,89.7029702970297
N2,85.0,105,6,-837.5,89.5049504950495
N2,85.0,105,7,-812.5,90.54455445544554
N2,85.0,105,8,-787.5,91.03960396039602
N2,85.0,105,9,-762.5,89.05940594059405
N2,85.0,105,10,-737.5,91.98019801980196
N2,85.0,105,11,-712.5,89.65346534653465
N2,85.0,105,12,-687.5,90.49504950495049
N2,85.0,105,13,-662.5,90.29702970297028
N2,85.0,105,14,-637.5,90.59405940594058
N2,85.0,105,15,-612.5,89.25742574257424
N2,85.0,105,16,-587.5,89.95049504950494
N2,85.0,105,17,-562.5,91.43564356435643
N2,85.0,105,18,-537.5,90.64356435643563
N2,85.0,105,19,-512.5,90.44554455445544
N2,85.0,105,20,-487.5,92.12871287128712
N2,85.0,105,21,-462.5,90.44554455445544
N2,85.0,105,22,-437.5,89.85148514851484
N2,85.0,105,23,-412.5,90.59405940594058
N2,85.0,105,24,-387.5,90.84158415841583
N2,85.0,105,25,-362.5,89.40594059405939
N2,85.0,105,26,-337.5,89.80198019801979
N2,85.0,105,27,-312.5,90.79207920792078
N2,85.0,105,28,-287.5,90.59405940594058
N2,85.0,105,29,-262.5,90.04950495049503
N2,85.0,105,30,-237.5,89.55445544554455
N2,85.0,105,31,-212.5,90.89108910891088
N2,85.0,105,32,-187.5,89.45544554455444
N2,85.0,105,33,-162.5,90.84158415841583
N2,85.0,105,34,-137.5,90.59405940594058
N2,85.0,105,35,-112.5,90.09900990099008
N2,85.0,105,36,-87.5,90.04950495049503
N2,85.0,105,37,-62.5,90.89108910891088
N2,85.0,105,38,-37.5,89.45544554455444
N2,85.0,105,39,-12.5,90.04950495049503
N2,85.0,105,40,12.5,88.11881188118811
N2,85.0,105,41,37.5,85.99009900990097
N2,85.0,105,42,62.5,85.64356435643563
N2,85.0,105,43,87.5,85.44554455445544
N2,85.0,105,44,112.5,86.98019801980197
N2,85.0,105,45,137.5,84.7029702970297
N2,85.0,105,46,162.5,84.65346534653465
N2,85.0,105,47,187.5,86.33663366336633
N2,85.0,105,48,212.5,84.7029702970297
N2,85.0,105,49,237.5,86.53465346534652
N2,85.0,105,50,262.5,86.58415841584157
N2,85.0,105,51,287.5,85.84158415841583
N2,85.0,105,52,312.5,86.13861386138613
N2,85.0,105,53,337.5,86.23762376237623
N2,85.0,105,54,362.5,85.09900990099008
N2,85.0,105,55,387.5,86.43564356435643
N2,85.0,105,56,412.5,87.07920792079207
N2,85.0,105,57,437.5,86.58415841584157
N2,85.0,105,58,462.5,86.83168316831681
N2,85.0,105,59,487.5,86.33663366336633
N2,85.0,105,60,512.5,87.07920792079207
N2,85.0,105,61,537.5,86.48514851485147
N2,85.0,105,62,562.5,87.62376237623761
N2,85.0,105,63,587.5,87.02970297029702
N2,85.0,105,64,612.5,86.68316831683167
N2,85.0,105,65,637.5,85.54455445544554
N2,85.0,105,66,662.5,86.18811881188118
N2,85.0,105,67,687.5,86.08910891089107
N2,85.0,105,68,712.5,86.83168316831681
N2,85.0,105,69,737.5,88.26732673267325
N2,85.0,105,70,762.5,85.79207920792078
N2,85.0,105,71,787.5,85.24752475247523
N2,85.0,105,72,812.5,86.98019801980197
N2,85.0,105,73,837.5,86.63366336633662
N2,85.0,105,74,862.5,85.39603960396039
N2,85.0,105,75,887.5,85.89108910891088
N2,85.0,105,76,912.5,85.74257425742573
N2,85.0,105,77,937.5,85.49504950495049
N2,85.0,105,78,962.5,86.78217821782177
N2,85.0,105,79,987.5,85.79207920792078
nf_upstream_style,80.0,701,0,-987.5,42.07920792079207
nf_upstream_style,80.0,701,1,-962.5,88.86138613861385
nf_upstream_style,80.0,701,2,-937.5,91.23762376237623
nf_upstream_style,80.0,701,3,-912.5,89.75247524752474
nf_upstream_style,80.0,701,4,-887.5,90.44554455445544
nf_upstream_style,80.0,701,5,-862.5,89.7029702970297
nf_upstream_style,80.0,701,6,-837.5,89.5049504950495
nf_upstream_style,80.0,701,7,-812.5,90.54455445544554
nf_upstream_style,80.0,701,8,-787.5,91.03960396039602
nf_upstream_style,80.0,701,9,-762.5,89.05940594059405
nf_upstream_style,80.0,701,10,-737.5,91.98019801980196
nf_upstream_style,80.0,701,11,-712.5,89.65346534653465
nf_upstream_style,80.0,701,12,-687.5,90.49504950495049
nf_upstream_style,80.0,701,13,-662.5,90.29702970297028
nf_upstream_style,80.0,701,14,-637.5,90.59405940594058
nf_upstream_style,80.0,701,15,-612.5,89.25742574257424
nf_upstream_style,80.0,701,16,-587.5,89.95049504950494
nf_upstream_style,80.0,701,17,-562.5,91.43564356435643
nf_upstream_style,80.0,701,18,-537.5,90.64356435643563
nf_upstream_style,80.0,701,19,-512.5,90.44554455445544
nf_upstream_style,80.0,701,20,-487.5,92.12871287128712
nf_upstream_style,80.0,701,21,-462.5,90.44554455445544
nf_upstream_style,80.0,701,22,-437.5,89.85148514851484
nf_upstream_style,80.0,701,23,-412.5,90.59405940594058
nf_upstream_style,80.0,701,24,-387.5,90.84158415841583
nf_upstream_style,80.0,701,25,-362.5,89.40594059405939
nf_upstream_style,80.0,701,26,-337.5,89.80198019801979
nf_upstream_style,80.0,701,27,-312.5,90.79207920792078
nf_upstream_style,80.0,701,28,-287.5,90.59405940594058
nf_upstream_style,80.0,701,29,-262.5,90.04950495049503
nf_upstream_style,80.0,701,30,-237.5,89.55445544554455
nf_upstream_style,80.0,701,31,-212.5,90.89108910891088
nf_upstream_style,80.0,701,32,-187.5,89.45544554455444
nf_upstream_style,80.0,701,33,-162.5,90.84158415841583
nf_upstream_style,80.0,701,34,-137.5,90.59405940594058
nf_upstream_style,80.0,701,35,-112.5,90.09900990099008
nf_upstream_style,80.0,701,36,-87.5,90.04950495049503
nf_upstream_style,80.0,701,37,-62.5,90.89108910891088
nf_upstream_style,80.0,701,38,-37.5,89.45544554455444
nf_upstream_style,80.0,701,39,-12.5,90.04950495049503
nf_upstream_style,80.0,701,40,12.5,88.11881188118811
nf_upstream_style,80.0,701,41,37.5,85.99009900990097
nf_upstream_style,80.0,701,42,62.5,85.64356435643563
nf_upstream_style,80.0,701,43,87.5,85.44554455445544
nf_upstream_style,80.0,701,44,112.5,86.98019801980197
nf_upstream_style,80.0,701,45,137.5,84.7029702970297
nf_upstream_style,80.0,701,46,162.5,84.65346534653465
nf_upstream_style,80.0,701,47,187.5,86.33663366336633
nf_upstream_style,80.0,701,48,212.5,84.7029702970297
nf_upstream_style,80.0,701,49,237.5,86.53465346534652
nf_upstream_style,80.0,701,50,262.5,86.58415841584157
nf_upstream_style,80.0,701,51,287.5,85.84158415841583
nf_upstream_style,80.0,701,52,312.5,86.13861386138613
nf_upstream_style,80.0,701,53,337.5,86.23762376237623
nf_upstream_style,80.0,701,54,362.5,85.09900990099008
nf_upstream_style,80.0,701,55,387.5,86.43564356435643
nf_upstream_style,80.0,701,56,412.5,87.07920792079207
nf_upstream_style,80.0,701,57,437.5,86.58415841584157
nf_upstream_style,80.0,701,58,462.5,86.83168316831681
nf_upstream_style,80.0,701,59,487.5,86.33663366336633
nf_upstream_style,80.0,701,60,512.5,87.07920792079207
nf_upstream_style,80.0,701,61,537.5,86.48514851485147
nf_upstream_style,80.0,701,62,562.5,87.62376237623761
nf_upstream_style,80.0,701,63,587.5,87.02970297029702
nf_upstream_style,80.0,701,64,612.5,86.68316831683167
nf_upstream_style,80.0,701,65,637.5,85.54455445544554
nf_upstream_style,80.0,701,66,662.5,86.18811881188118
nf_upstream_style,80.0,701,67,687.5,86.08910891089107
nf_upstream_style,80.0,701,68,712.5,86.83168316831681
nf_upstream_style,80.0,701,69,737.5,88.26732673267325
nf_upstream_style,80.0,701,70,762.5,85.79207920792078
nf_upstream_style,80.0,701,71,787.5,85.24752475247523
nf_upstream_style,80.0,701,72,812.5,86.98019801980197
nf_upstream_style,80.0,701,73,837.5,86.63366336633662
nf_upstream_style,80.0,701,74,862.5,85.39603960396039
nf_upstream_style,80.0,701,75,887.5,85.89108910891088
nf_upstream_style,80.0,701,76,912.5,85.74257425742573
nf_upstream_style,80.0,701,77,937.5,85.49504950495049
nf_upstream_style,80.0,701,78,962.5,86.78217821782177
nf_upstream_style,80.0,701,79,987.5,85.79207920792078
nf_upstream_style,80.0,702,0,-987.5,42.07920792079207
nf_upstream_style,80.0,702,1,-962.5,88.86138613861385
nf_upstream_style,80.0,702,2,-937.5,91.23762376237623
nf_upstream_style,80.0,702,3,-912.5,89.75247524752474
nf_upstream_style,80.0,702,4,-887.5,90.44554455445544
nf_upstream_style,80.0,702,5,-862.5,89.7029702970297
nf_upstream_style,80.0,702,6,-837.5,89.5049504950495
nf_upstream_style,80.0,702,7,-812.5,90.54455445544554
nf_upstream_style,80.0,702,8,-787.5,91.03960396039602
nf_upstream_style,80.0,702,9,-762.5,89.05940594059405
nf_upstream_style,80.0,702,10,-737.5,91.98019801980196
nf_upstream_style,80.0,702,11,-712.5,89.65346534653465
nf_upstream_style,80.0,702,12,-687.5,90.49504950495049
nf_upstream_style,80.0,702,13,-662.5,90.29702970297028
nf_upstream_style,80.0,702,14,-637.5,90.59405940594058
nf_upstream_style,80.0,702,15,-612.5,89.25742574257424
nf_upstream_style,80.0,702,16,-587.5,89.95049504950494
nf_upstream_style,80.0,702,17,-562.5,91.43564356435643
nf_upstream_style,80.0,702,18,-537.5,90.64356435643563
nf_upstream_style,80.0,702,19,-512.5,90.44554455445544
nf_upstream_style,80.0,702,20,-487.5,92.12871287128712
nf_upstream_style,80.0,702,21,-462.5,90.44554455445544
nf_upstream_style,80.0,702,22,-437.5,89.85148514851484
nf_upstream_style,80.0,702,23,-412.5,90.59405940594058
nf_upstream_style,80.0,702,24,-387.5,90.84158415841583
nf_upstream_style,80.0,702,25,-362.5,89.40594059405939
nf_upstream_style,80.0,702,26,-337.5,89.80198019801979
nf_upstream_style,80.0,702,27,-312.5,90.79207920792078
nf_upstream_style,80.0,702,28,-287.5,90.59405940594058
nf_upstream_style,80.0,702,29,-262.5,90.04950495049503
nf_upstream_style,80.0,702,30,-237.5,89.55445544554455
nf_upstream_style,80.0,702,31,-212.5,90.89108910891088
nf_upstream_style,80.0,702,32,-187.5,89.45544554455444
nf_upstream_style,80.0,702,33,-162.5,90.84158415841583
nf_upstream_style,80.0,702,34,-137.5,90.59405940594058
nf_upstream_style,80.0,702,35,-112.5,90.09900990099008
nf_upstream_style,80.0,702,36,-87.5,90.04950495049503
nf_upstream_style,80.0,702,37,-62.5,90.89108910891088
nf_upstream_style,80.0,702,38,-37.5,89.45544554455444
nf_upstream_style,80.0,702,39,-12.5,90.04950495049503
nf_upstream_style,80.0,702,40,12.5,88.11881188118811
nf_upstream_style,80.0,702,41,37.5,85.99009900990097
nf_upstream_style,80.0,702,42,62.5,85.64356435643563
nf_upstream_style,80.0,702,43,87.5,85.44554455445544
nf_upstream_style,80.0,702,44,112.5,86.98019801980197
nf_upstream_style,80.0,702,45,137.5,84.7029702970297
nf_upstream_style,80.0,702,46,162.5,84.65346534653465
nf_upstream_style,80.0,702,47,187.5,86.33663366336633
nf_upstream_style,80.0,702,48,212.5,84.7029702970297
nf_upstream_style,80.0,702,49,237.5,86.53465346534652
nf_upstream_style,80.0,702,50,262.5,86.58415841584157
nf_upstream_style,80.0,702,51,287.5,85.84158415841583
nf_upstream_style,80.0,702,52,312.5,86.13861386138613
nf_upstream_style,80.0,702,53,337.5,86.23762376237623
nf_upstream_style,80.0,702,54,362.5,85.09900990099008
nf_upstream_style,80.0,702,55,387.5,86.43564356435643
nf_upstream_style,80.0,702,56,412.5,87.07920792079207
nf_upstream_style,80.0,702,57,437.5,86.58415841584157
nf_upstream_style,80.0,702,58,462.5,86.83168316831681
nf_upstream_style,80.0,702,59,487.5,86.33663366336633
nf_upstream_style,80.0,702,60,512.5,87.07920792079207
nf_upstream_style,80.0,702,61,537.5,86.48514851485147
nf_upstream_style,80.0,702,62,562.5,87.62376237623761
nf_upstream_style,80.0,702,63,587.5,87.02970297029702
nf_upstream_style,80.0,702,64,612.5,86.68316831683167
nf_upstream_style,80.0,702,65,637.5,85.54455445544554
nf_upstream_style,80.0,702,66,662.5,86.18811881188118
nf_upstream_style,80.0,702,67,687.5,86.08910891089107
nf_upstream_style,80.0,702,68,712.5,86.83168316831681
nf_upstream_style,80.0,702,69,737.5,88.26732673267325
nf_upstream_style,80.0,702,70,762.5,85.79207920792078
nf_upstream_style,80.0,702,71,787.5,85.24752475247523
nf_upstream_style,80.0,702,72,812.5,86.98019801980197
nf_upstream_style,80.0,702,73,837.5,86.63366336633662
nf_upstream_style,80.0,702,74,862.5,85.39603960396039
nf_upstream_style,80.0,702,75,887.5,85.89108910891088
nf_upstream_style,80.0,702,76,912.5,85.74257425742573
nf_upstream_style,80.0,702,77,937.5,85.49504950495049
nf_upstream_style,80.0,702,78,962.5,86.78217821782177
nf_upstream_style,80.0,702,79,987.5,85.79207920792078
nf_upstream_style,80.0,703,0,-987.5,42.07920792079207
nf_upstream_style,80.0,703,1,-962.5,88.86138613861385
nf_upstream_style,80.0,703,2,-937.5,91.23762376237623
nf_upstream_style,80.0,703,3,-912.5,89.75247524752474
nf_upstream_style,80.0,703,4,-887.5,90.44554455445544
nf_upstream_style,80.0,703,5,-862.5,89.7029702970297
nf_upstream_style,80.0,703,6,-837.5,89.5049504950495
nf_upstream_style,80.0,703,7,-812.5,90.54455445544554
nf_upstream_style,80.0,703,8,-787.5,91.03960396039602
nf_upstream_style,80.0,703,9,-762.5,89.05940594059405
nf_upstream_style,80.0,703,10,-737.5,91.98019801980196
nf_upstream_style,80.0,703,11,-712.5,89.65346534653465
nf_upstream_style,80.0,703,12,-687.5,90.49504950495049
nf_upstream_style,80.0,703,13,-662.5,90.29702970297028
nf_upstream_style,80.0,703,14,-637.5,90.59405940594058
nf_upstream_style,80.0,703,15,-612.5,89.25742574257424
nf_upstream_style,80.0,703,16,-587.5,89.95049504950494
nf_upstream_style,80.0,703,17,-562.5,91.43564356435643
nf_upstream_style,80.0,703,18,-537.5,90.64356435643563
nf_upstream_style,80.0,703,19,-512.5,90.44554455445544
nf_upstream_style,80.0,703,20,-487.5,92.12871287128712
nf_upstream_style,80.0,703,21,-462.5,90.44554455445544
nf_upstream_style,80.0,703,22,-437.5,89.85148514851484
nf_upstream_style,80.0,703,23,-412.5,90.59405940594058
nf_upstream_style,80.0,703,24,-387.5,90.84158415841583
nf_upstream_style,80.0,703,25,-362.5,89.40594059405939
nf_upstream_style,80.0,703,26,-337.5,89.80198019801979
nf_upstream_style,80.0,703,27,-312.5,90.79207920792078
nf_upstream_style,80.0,703,28,-287.5,90.59405940594058
nf_upstream_style,80.0,703,29,-262.5,90.04950495049503
nf_upstream_style,80.0,703,30,-237.5,89.55445544554455
nf_upstream_style,80.0,703,31,-212.5,90.89108910891088
nf_upstream_style,80.0,703,32,-187.5,89.45544554455444
nf_upstream_style,80.0,703,33,-162.5,90.84158415841583
nf_upstream_style,80.0,703,34,-137.5,90.59405940594058
nf_upstream_style,80.0,703,35,-112.5,90.09900990099008
nf_upstream_style,80.0,703,36,-87.5,90.04950495049503
nf_upstream_style,80.0,703,37,-62.5,90.89108910891088
nf_upstream_style,80.0,703,38,-37.5,89.45544554455444
nf_upstream_style,80.0,703,39,-12.5,90.04950495049503
nf_upstream_style,80.0,703,40,12.5,88.11881188118811
nf_upstream_style,80.0,703,41,37.5,85.99009900990097
nf_upstream_style,80.0,703,42,62.5,85.64356435643563
nf_upstream_style,80.0,703,43,87.5,85.44554455445544
nf_upstream_style,80.0,703,44,112.5,86.98019801980197
nf_upstream_style,80.0,703,45,137.5,84.7029702970297
nf_upstream_style,80.0,703,46,162.5,84.65346534653465
nf_upstream_style,80.0,703,47,187.5,86.33663366336633
nf_upstream_style,80.0,703,48,212.5,84.7029702970297
nf_upstream_style,80.0,703,49,237.5,86.53465346534652
nf_upstream_style,80.0,703,50,262.5,86.58415841584157
nf_upstream_style,80.0,703,51,287.5,85.84158415841583
nf_upstream_style,80.0,703,52,312.5,86.13861386138613
nf_upstream_style,80.0,703,53,337.5,86.23762376237623
nf_upstream_style,80.0,703,54,362.5,85.09900990099008
nf_upstream_style,80.0,703,55,387.5,86.43564356435643
nf_upstream_style,80.0,703,56,412.5,87.07920792079207
nf_upstream_style,80.0,703,57,437.5,86.58415841584157
nf_upstream_style,80.0,703,58,462.5,86.83168316831681
nf_upstream_style,80.0,703,59,487.5,86.33663366336633
nf_upstream_style,80.0,703,60,512.5,87.07920792079207
nf_upstream_style,80.0,703,61,537.5,86.48514851485147
nf_upstream_style,80.0,703,62,562.5,87.62376237623761
nf_upstream_style,80.0,703,63,587.5,87.02970297029702
nf_upstream_style,80.0,703,64,612.5,86.68316831683167
nf_upstream_style,80.0,703,65,637.5,85.54455445544554
nf_upstream_style,80.0,703,66,662.5,86.18811881188118
nf_upstream_style,80.0,703,67,687.5,86.08910891089107
nf_upstream_style,80.0,703,68,712.5,86.83168316831681
nf_upstream_style,80.0,703,69,737.5,88.26732673267325
nf_upstream_style,80.0,703,70,762.5,85.79207920792078
nf_upstream_style,80.0,703,71,787.5,85.24752475247523
nf_upstream_style,80.0,703,72,812.5,86.98019801980197
nf_upstream_style,80.0,703,73,837.5,86.63366336633662
nf_upstream_style,80.0,703,74,862.5,85.39603960396039
nf_upstream_style,80.0,703,75,887.5,85.89108910891088
nf_upstream_style,80.0,703,76,912.5,85.74257425742573
nf_upstream_style,80.0,703,77,937.5,85.49504950495049
nf_upstream_style,80.0,703,78,962.5,86.78217821782177
nf_upstream_style,80.0,703,79,987.5,85.79207920792078
nf_upstream_style,80.0,704,0,-987.5,42.07920792079207
nf_upstream_style,80.0,704,1,-962.5,88.86138613861385
nf_upstream_style,80.0,704,2,-937.5,91.23762376237623
nf_upstream_style,80.0,704,3,-912.5,89.75247524752474
nf_upstream_style,80.0,704,4,-887.5,90.44554455445544
nf_upstream_style,80.0,704,5,-862.5,89.7029702970297
nf_upstream_style,80.0,704,6,-837.5,89.5049504950495
nf_upstream_style,80.0,704,7,-812.5,90.54455445544554
nf_upstream_style,80.0,704,8,-787.5,91.03960396039602
nf_upstream_style,80.0,704,9,-762.5,89.05940594059405
nf_upstream_style,80.0,704,10,-737.5,91.98019801980196
nf_upstream_style,80.0,704,11,-712.5,89.65346534653465
nf_upstream_style,80.0,704,12,-687.5,90.49504950495049
nf_upstream_style,80.0,704,13,-662.5,90.29702970297028
nf_upstream_style,80.0,704,14,-637.5,90.59405940594058
nf_upstream_style,80.0,704,15,-612.5,89.25742574257424
nf_upstream_style,80.0,704,16,-587.5,89.95049504950494
nf_upstream_style,80.0,704,17,-562.5,91.43564356435643
nf_upstream_style,80.0,704,18,-537.5,90.64356435643563
nf_upstream_style,80.0,704,19,-512.5,90.44554455445544
nf_upstream_style,80.0,704,20,-487.5,92.12871287128712
nf_upstream_style,80.0,704,21,-462.5,90.44554455445544
nf_upstream_style,80.0,704,22,-437.5,89.85148514851484
nf_upstream_style,80.0,704,23,-412.5,90.59405940594058
nf_upstream_style,80.0,704,24,-387.5,90.84158415841583
nf_upstream_style,80.0,704,25,-362.5,89.40594059405939
nf_upstream_style,80.0,704,26,-337.5,89.80198019801979
nf_upstream_style,80.0,704,27,-312.5,90.79207920792078
nf_upstream_style,80.0,704,28,-287.5,90.59405940594058
nf_upstream_style,80.0,704,29,-262.5,90.04950495049503
nf_upstream_style,80.0,704,30,-237.5,89.55445544554455
nf_upstream_style,80.0,704,31,-212.5,90.89108910891088
nf_upstream_style,80.0,704,32,-187.5,89.45544554455444
nf_upstream_style,80.0,704,33,-162.5,90.84158415841583
nf_upstream_style,80.0,704,34,-137.5,90.59405940594058
nf_upstream_style,80.0,704,35,-112.5,90.09900990099008
nf_upstream_style,80.0,704,36,-87.5,90.04950495049503
nf_upstream_style,80.0,704,37,-62.5,90.89108910891088
nf_upstream_style,80.0,704,38,-37.5,89.45544554455444
nf_upstream_style,80.0,704,39,-12.5,90.04950495049503
nf_upstream_style,80.0,704,40,12.5,88.11881188118811
nf_upstream_style,80.0,704,41,37.5,85.99009900990097
nf_upstream_style,80.0,704,42,62.5,85.64356435643563
nf_upstream_style,80.0,704,43,87.5,85.44554455445544
nf_upstream_style,80.0,704,44,112.5,86.98019801980197
nf_upstream_style,80.0,704,45,137.5,84.7029702970297
nf_upstream_style,80.0,704,46,162.5,84.65346534653465
nf_upstream_style,80.0,704,47,187.5,86.33663366336633
nf_upstream_style,80.0,704,48,212.5,84.7029702970297
nf_upstream_style,80.0,704,49,237.5,86.53465346534652
nf_upstream_style,80.0,704,50,262.5,86.58415841584157
nf_upstream_style,80.0,704,51,287.5,85.84158415841583
nf_upstream_style,80.0,704,52,312.5,86.13861386138613
nf_upstream_style,80.0,704,53,337.5,86.23762376237623
nf_upstream_style,80.0,704,54,362.5,85.09900990099008
nf_upstream_style,80.0,704,55,387.5,86.43564356435643
nf_upstream_style,80.0,704,56,412.5,87.07920792079207
nf_upstream_style,80.0,704,57,437.5,86.58415841584157
nf_upstream_style,80.0,704,58,462.5,86.83168316831681
nf_upstream_style,80.0,704,59,487.5,86.33663366336633
nf_upstream_style,80.0,704,60,512.5,87.07920792079207
nf_upstream_style,80.0,704,61,537.5,86.48514851485147
nf_upstream_style,80.0,704,62,562.5,87.62376237623761
nf_upstream_style,80.0,704,63,587.5,87.02970297029702
nf_upstream_style,80.0,704,64,612.5,86.68316831683167
nf_upstream_style,80.0,704,65,637.5,85.54455445544554
nf_upstream_style,80.0,704,66,662.5,86.18811881188118
nf_upstream_style,80.0,704,67,687.5,86.08910891089107
nf_upstream_style,80.0,704,68,712.5,86.83168316831681
nf_upstream_style,80.0,704,69,737.5,88.26732673267325
nf_upstream_style,80.0,704,70,762.5,85.79207920792078
nf_upstream_style,80.0,704,71,787.5,85.24752475247523
nf_upstream_style,80.0,704,72,812.5,86.98019801980197
nf_upstream_style,80.0,704,73,837.5,86.63366336633662
nf_upstream_style,80.0,704,74,862.5,85.39603960396039
nf_upstream_style,80.0,704,75,887.5,85.89108910891088
nf_upstream_style,80.0,704,76,912.5,85.74257425742573
nf_upstream_style,80.0,704,77,937.5,85.49504950495049
nf_upstream_style,80.0,704,78,962.5,86.78217821782177
nf_upstream_style,80.0,704,79,987.5,85.79207920792078
nf_upstream_style,80.0,705,0,-987.5,42.07920792079207
nf_upstream_style,80.0,705,1,-962.5,88.86138613861385
nf_upstream_style,80.0,705,2,-937.5,91.23762376237623
nf_upstream_style,80.0,705,3,-912.5,89.75247524752474
nf_upstream_style,80.0,705,4,-887.5,90.44554455445544
nf_upstream_style,80.0,705,5,-862.5,89.7029702970297
nf_upstream_style,80.0,705,6,-837.5,89.5049504950495
nf_upstream_style,80.0,705,7,-812.5,90.54455445544554
nf_upstream_style,80.0,705,8,-787.5,91.03960396039602
nf_upstream_style,80.0,705,9,-762.5,89.05940594059405
nf_upstream_style,80.0,705,10,-737.5,91.98019801980196
nf_upstream_style,80.0,705,11,-712.5,89.65346534653465
nf_upstream_style,80.0,705,12,-687.5,90.49504950495049
nf_upstream_style,80.0,705,13,-662.5,90.29702970297028
nf_upstream_style,80.0,705,14,-637.5,90.59405940594058
nf_upstream_style,80.0,705,15,-612.5,89.25742574257424
nf_upstream_style,80.0,705,16,-587.5,89.95049504950494
nf_upstream_style,80.0,705,17,-562.5,91.43564356435643
nf_upstream_style,80.0,705,18,-537.5,90.64356435643563
nf_upstream_style,80.0,705,19,-512.5,90.44554455445544
nf_upstream_style,80.0,705,20,-487.5,92.12871287128712
nf_upstream_style,80.0,705,21,-462.5,90.44554455445544
nf_upstream_style,80.0,705,22,-437.5,89.85148514851484
nf_upstream_style,80.0,705,23,-412.5,90.59405940594058
nf_upstream_style,80.0,705,24,-387.5,90.84158415841583
nf_upstream_style,80.0,705,25,-362.5,89.40594059405939
nf_upstream_style,80.0,705,26,-337.5,89.80198019801979
nf_upstream_style,80.0,705,27,-312.5,90.79207920792078
nf_upstream_style,80.0,705,28,-287.5,90.59405940594058
nf_upstream_style,80.0,705,29,-262.5,90.04950495049503
nf_upstream_style,80.0,705,30,-237.5,89.55445544554455
nf_upstream_style,80.0,705,31,-212.5,90.89108910891088
nf_upstream_style,80.0,705,32,-187.5,89.45544554455444
nf_upstream_style,80.0,705,33,-162.5,90.84158415841583
nf_upstream_style,80.0,705,34,-137.5,90.59405940594058
nf_upstream_style,80.0,705,35,-112.5,90.09900990099008
nf_upstream_style,80.0,705,36,-87.5,90.04950495049503
nf_upstream_style,80.0,705,37,-62.5,90.89108910891088
nf_upstream_style,80.0,705,38,-37.5,89.45544554455444
nf_upstream_style,80.0,705,39,-12.5,90.04950495049503
nf_upstream_style,80.0,705,40,12.5,88.11881188118811
nf_upstream_style,80.0,705,41,37.5,85.99009900990097
nf_upstream_style,80.0,705,42,62.5,85.64356435643563
nf_upstream_style,80.0,705,43,87.5,85.44554455445544
nf_upstream_style,80.0,705,44,112.5,86.98019801980197
nf_upstream_style,80.0,705,45,137.5,84.7029702970297
nf_upstream_style,80.0,705,46,162.5,84.65346534653465
nf_upstream_style,80.0,705,47,187.5,86.33663366336633
nf_upstream_style,80.0,705,48,212.5,84.7029702970297
nf_upstream_style,80.0,705,49,237.5,86.53465346534652
nf_upstream_style,80.0,705,50,262.5,86.58415841584157
nf_upstream_style,80.0,705,51,287.5,85.84158415841583
nf_upstream_style,80.0,705,52,312.5,86.13861386138613
nf_upstream_style,80.0,705,53,337.5,86.23762376237623
nf_upstream_style,80.0,705,54,362.5,85.09900990099008
nf_upstream_style,80.0,705,55,387.5,86.43564356435643
nf_upstream_style,80.0,705,56,412.5,87.07920792079207
nf_upstream_style,80.0,705,57,437.5,86.58415841584157
nf_upstream_style,80.0,705,58,462.5,86.83168316831681
nf_upstream_style,80.0,705,59,487.5,86.33663366336633
nf_upstream_style,80.0,705,60,512.5,87.07920792079207
nf_upstream_style,80.0,705,61,537.5,86.48514851485147
nf_upstream_style,80.0,705,62,562.5,87.62376237623761
nf_upstream_style,80.0,705,63,587.5,87.02970297029702
nf_upstream_style,80.0,705,64,612.5,86.68316831683167
nf_upstream_style,80.0,705,65,637.5,85.54455445544554
nf_upstream_style,80.0,705,66,662.5,86.18811881188118
nf_upstream_style,80.0,705,67,687.5,86.08910891089107
nf_upstream_style,80.0,705,68,712.5,86.83168316831681
nf_upstream_style,80.0,705,69,737.5,88.26732673267325
nf_upstream_style,80.0,705,70,762.5,85.79207920792078
nf_upstream_style,80.0,705,71,787.5,85.24752475247523
nf_upstream_style,80.0,705,72,812.5,86.98019801980197
nf_upstream_style,80.0,705,73,837.5,86.63366336633662
nf_upstream_style,80.0,705,74,862.5,85.39603960396039
nf_upstream_style,80.0,705,75,887.5,85.89108910891088
nf_upstream_style,80.0,705,76,912.5,85.74257425742573
nf_upstream_style,80.0,705,77,937.5,85.49504950495049
nf_upstream_style,80.0,705,78,962.5,86.78217821782177
nf_upstream_style,80.0,705,79,987.5,85.79207920792078
