panel,arm,item,value
a_cv_r2,real,turn_hand,-1.4925
a_cv_r2,real,thrust_hand,0.4792
a_cv_r2,real,pitch_hand,0.5622
a_cv_r2,real,roll_hand,-0.1615
a_cv_r2,shuffled,turn_hand,-10.091
a_cv_r2,shuffled,thrust_hand,0.5062
a_cv_r2,shuffled,pitch_hand,0.4704
a_cv_r2,shuffled,roll_hand,-0.2501
a_cv_r2,bypass,turn_hand,-0.0002
a_cv_r2,bypass,thrust_hand,0.7663
a_cv_r2,bypass,pitch_hand,0.9259
a_cv_r2,bypass,roll_hand,-0.1933
bcd_path,real,start13_step0,-8.330;-23.277;22.415
bcd_path,real,start13_step1,-8.565;-23.258;26.669
bcd_path,real,start13_step2,-8.844;-23.076;32.264
bcd_path,real,start13_step3,-9.039;-22.600;38.643
bcd_path,real,start13_step4,-9.067;-21.810;45.525
bcd_path,real,start13_step5,-8.699;-20.706;52.672
bcd_path,real,start13_step6,-7.832;-19.317;59.925
bcd_path,real,start13_step7,-6.415;-17.668;67.209
bcd_path,real,start13_step8,-4.416;-15.794;74.463
bcd_path,real,start13_step9,-1.912;-13.701;81.616
bcd_path,real,start13_step10,1.036;-11.358;88.597
bcd_path,real,start13_step11,4.360;-8.785;95.279
bcd_path,real,start13_step12,8.015;-5.992;101.608
bcd_path,real,start13_step13,12.038;-2.945;107.731
bcd_path,real,start13_step14,16.491;0.251;113.689
bcd_path,real,start13_step15,21.234;3.443;119.483
bcd_path,real,start13_step16,26.174;6.552;125.249
bcd_path,real,start13_step17,31.288;9.553;131.000
bcd_path,real,start13_step18,36.690;12.495;136.703
bcd_path,real,start13_step19,42.286;15.370;142.313
bcd_path,real,start13_step20,48.028;18.183;147.558
bcd_path,real,start13_step21,54.082;21.016;152.352
bcd_path,real,start13_step22,60.470;23.843;156.896
bcd_path,real,start13_step23,67.143;26.664;161.285
bcd_path,real,start13_step24,74.124;29.399;165.548
bcd_path,real,start13_step25,81.368;31.941;169.807
bcd_path,real,start13_step26,88.769;34.268;174.117
bcd_path,real,start13_step27,96.231;36.453;178.396
bcd_path,real,start13_step28,103.675;38.544;182.652
bcd_path,real,start13_step29,111.176;40.554;186.788
bcd_path,real,start13_step30,118.685;42.462;190.692
bcd_path,real,start13_step31,126.120;44.275;194.366
bcd_path,real,start13_step32,133.451;46.009;197.845
bcd_path,real,start13_step33,140.620;47.681;201.176
bcd_path,real,start13_step34,147.622;49.311;204.361
bcd_path,real,start13_step35,154.507;50.902;207.239
bcd_path,real,start13_step36,161.304;52.452;209.675
bcd_path,real,start13_step37,168.038;53.934;211.709
bcd_path,real,start13_step38,174.660;55.333;213.361
bcd_path,real,start13_step39,181.117;56.586;214.625
bcd_path,real,start13_step40,187.336;57.680;215.766
bcd_path,real,start13_step41,193.210;58.762;216.991
bcd_path,real,start13_step42,198.893;59.846;218.133
bcd_path,real,start13_step43,204.487;60.962;219.159
bcd_path,real,start13_step44,210.063;62.179;220.129
bcd_path,real,start13_step45,215.614;63.458;221.027
bcd_path,real,start13_step46,221.120;64.792;221.928
bcd_path,real,start13_step47,226.539;66.178;222.864
bcd_path,real,start13_step48,231.875;67.584;223.738
bcd_path,real,start13_step49,237.283;69.020;224.334
bcd_path,real,start13_step50,242.814;70.437;224.612
bcd_path,real,start13_step51,248.428;71.760;224.823
bcd_path,real,start13_step52,254.083;72.994;224.990
bcd_path,real,start13_step53,259.672;74.162;225.117
bcd_path,real,start13_step54,265.079;75.254;225.234
bcd_path,real,start13_step55,270.246;76.307;225.288
bcd_path,real,start13_step56,275.274;77.296;225.118
bcd_path,real,start13_step57,280.280;78.153;224.587
bcd_path,real,start13_step58,285.271;78.890;223.698
bcd_path,real,start13_step59,290.299;79.502;222.487
bcd_path,real,start13_step60,295.423;80.023;220.964
bcd_path,real,start13_step61,300.819;80.494;219.182
bcd_path,real,start13_step62,306.431;80.965;217.320
bcd_path,real,start13_step63,312.177;81.418;215.503
bcd_path,real,start13_step64,317.998;81.878;213.673
bcd_path,real,start13_step65,323.867;82.349;211.814
bcd_path,real,start13_step66,329.897;82.796;210.024
bcd_path,real,start13_step67,336.065;83.166;208.456
bcd_path,real,start13_step68,342.317;83.472;207.165
bcd_path,real,start13_step69,348.540;83.715;206.182
bcd_path,real,start13_step70,354.702;83.946;205.409
bcd_path,real,start13_step71,360.757;84.171;204.721
bcd_path,real,start13_step72,366.730;84.367;204.124
bcd_path,real,start13_step73,372.573;84.543;203.631
bcd_path,real,start13_step74,378.218;84.705;203.208
bcd_path,real,start13_step75,383.633;84.879;202.814
bcd_path,real,start13_step76,388.762;85.096;202.476
bcd_path,real,start13_step77,393.561;85.343;202.243
bcd_path,real,start13_step78,398.134;85.597;201.903
bcd_path,real,start13_step79,402.573;85.802;201.406
bcd_path,real,start13_step80,406.813;85.986;200.841
bcd_path,real,start13_step81,410.805;86.149;200.199
bcd_path,real,start13_step82,414.578;86.268;199.545
bcd_path,real,start13_step83,418.125;86.352;198.903
bcd_path,real,start13_step84,421.436;86.401;198.278
bcd_path,real,start13_step85,424.500;86.395;197.688
bcd_path,real,start13_step86,427.302;86.346;197.236
bcd_path,real,start13_step87,429.903;86.253;196.911
bcd_path,real,start13_step88,432.299;86.075;196.543
bcd_path,real,start13_step89,434.559;85.797;196.128
bcd_path,real,start13_step90,436.760;85.452;195.662
bcd_path,real,start13_step91,438.852;85.065;195.065
bcd_path,real,start13_step92,440.859;84.698;194.439
bcd_path,real,start13_step93,442.725;84.391;193.877
bcd_path,real,start13_step94,444.497;84.154;193.369
bcd_path,real,start13_step95,446.188;83.989;192.962
bcd_path,real,start13_step96,447.840;83.876;192.508
bcd_path,real,start13_step97,449.432;83.761;191.874
bcd_path,real,start13_step98,451.067;83.638;190.968
bcd_path,real,start13_step99,452.948;83.568;189.731
bcd_path,real,start13_step100,455.128;83.621;188.172
bcd_path,real,start13_step101,457.541;83.768;186.413
bcd_path,real,start13_step102,460.163;84.026;184.638
bcd_path,real,start13_step103,462.941;84.362;182.979
bcd_path,real,start13_step104,465.844;84.777;181.470
bcd_path,real,start13_step105,468.709;85.232;180.077
bcd_path,real,start13_step106,471.446;85.716;178.729
bcd_path,real,start13_step107,473.998;86.215;177.335
bcd_path,real,start13_step108,476.278;86.700;175.854
bcd_path,real,start13_step109,478.358;87.165;174.309
bcd_path,real,start13_step110,480.312;87.626;172.683
bcd_path,real,start13_step111,482.168;88.066;170.917
bcd_path,real,start13_step112,483.992;88.491;169.050
bcd_path,real,start13_step113,485.859;88.944;167.153
bcd_path,real,start13_step114,487.768;89.409;165.211
bcd_path,real,start13_step115,489.733;89.901;163.144
bcd_path,real,start13_step116,491.757;90.373;160.963
bcd_path,real,start13_step117,493.864;90.854;158.700
bcd_path,real,start13_step118,496.009;91.337;156.478
bcd_path,real,start13_step119,498.067;91.806;154.360
bcd_path,real,start13_step120,500.017;92.273;152.269
bcd_path,real,start13_step121,501.903;92.766;150.210
bcd_path,real,start13_step122,503.704;93.296;148.188
bcd_path,real,start13_step123,505.313;94.693;148.585
bcd_path,real,start13_step124,506.246;99.236;152.699
bcd_path,real,start13_step125,506.360;106.166;159.806
bcd_path,real,start13_step126,505.669;114.299;169.481
bcd_path,real,start13_step127,504.236;122.756;181.206
bcd_path,real,start13_step128,502.323;131.043;194.047
bcd_path,real,start13_step129,500.189;138.813;207.165
bcd_path,real,start13_step130,497.998;145.936;220.043
bcd_path,real,start13_step131,495.853;152.473;232.270
bcd_path,real,start13_step132,493.810;158.546;243.557
bcd_path,real,start13_step133,491.923;164.263;253.693
bcd_path,real,start13_step134,490.340;169.781;262.581
bcd_path,real,start13_step135,489.021;175.051;270.247
bcd_path,real,start13_step136,487.897;180.039;276.737
bcd_path,real,start13_step137,486.915;184.795;282.113
bcd_path,real,start13_step138,486.071;189.363;286.438
bcd_path,real,start13_step139,485.361;193.781;289.765
bcd_path,real,start13_step140,484.778;198.085;292.263
bcd_path,real,start13_step141,484.318;202.232;294.058
bcd_path,real,start13_step142,483.957;206.105;295.307
bcd_path,real,start13_step143,483.642;209.691;296.064
bcd_path,real,start13_step144,483.363;212.991;296.329
bcd_path,real,start13_step145,483.163;215.997;296.206
bcd_path,real,start13_step146,483.070;218.808;295.731
bcd_path,real,start13_step147,483.098;221.490;294.974
bcd_path,real,start13_step148,483.229;224.089;294.014
bcd_path,real,start13_step149,483.420;226.651;292.832
bcd_path,real,start13_step150,483.649;229.213;291.345
bcd_path,real,start13_step151,483.917;231.734;289.551
bcd_path,real,start13_step152,484.218;234.234;287.450
bcd_path,real,start13_step153,484.568;236.812;284.909
bcd_path,real,start13_step154,485.013;239.597;281.951
bcd_path,real,start13_step155,485.511;242.480;278.773
bcd_path,real,start13_step156,486.038;245.441;275.406
bcd_path,real,start13_step157,486.571;248.456;271.851
bcd_path,real,start13_step158,487.116;251.505;268.200
bcd_path,real,start13_step159,487.661;254.515;264.558
bcd_path,real,start13_step160,488.232;257.574;260.990
bcd_path,real,start13_step161,488.834;260.701;257.466
bcd_path,real,start13_step162,489.442;263.849;253.968
bcd_path,real,start13_step163,490.039;266.997;250.565
bcd_path,real,start13_step164,490.632;270.152;247.278
bcd_path,real,start13_step165,491.236;273.278;244.112
bcd_path,real,start13_step166,491.848;276.406;241.107
bcd_path,real,start13_step167,492.462;279.573;238.269
bcd_path,real,start13_step168,493.122;282.828;235.623
bcd_path,real,start13_step169,493.812;286.098;233.108
bcd_path,real,start13_step170,494.531;289.380;230.636
bcd_path,real,start13_step171,495.326;292.699;228.151
bcd_path,real,start13_step172,496.155;296.051;225.657
bcd_path,real,start13_step173,496.998;299.456;223.216
bcd_path,real,start13_step174,497.820;302.857;220.886
bcd_path,real,start13_step175,498.592;306.209;218.675
bcd_path,real,start13_step176,499.303;309.494;216.431
bcd_path,real,start13_step177,499.983;312.737;214.173
bcd_path,real,start13_step178,500.638;316.001;212.017
bcd_path,real,start13_step179,501.253;319.238;209.961
bcd_path,real,start13_step180,501.826;322.397;207.882
bcd_path,real,start13_step181,502.355;325.497;205.750
bcd_path,real,start13_step182,502.849;328.516;203.542
bcd_path,real,start13_step183,503.356;331.349;201.102
bcd_path,real,start13_step184,503.871;334.106;198.419
bcd_path,real,start13_step185,504.388;336.878;195.606
bcd_path,real,start13_step186,504.839;339.621;192.813
bcd_path,real,start13_step187,505.220;342.315;190.046
bcd_path,real,start13_step188,505.565;344.950;187.272
bcd_path,real,start13_step189,505.882;347.564;184.584
bcd_path,real,start13_step190,506.170;350.098;181.949
bcd_path,real,start13_step191,506.458;352.496;179.362
bcd_path,real,start13_step192,506.729;354.754;176.947
bcd_path,real,start13_step193,506.955;356.882;174.662
bcd_path,real,start13_step194,507.136;358.951;172.459
bcd_path,real,start13_step195,507.263;361.000;170.356
bcd_path,real,start13_step196,507.298;363.105;168.372
bcd_path,real,start13_step197,507.258;365.300;166.475
bcd_path,real,start13_step198,507.194;367.600;164.601
bcd_path,real,start13_step199,507.157;370.062;162.682
bcd_path,real,start13_step200,507.156;372.616;160.774
bcd_path,real,start13_step201,507.159;375.255;158.993
bcd_path,real,start13_step202,507.197;377.943;157.373
bcd_path,real,start13_step203,507.272;380.650;155.827
bcd_path,real,start13_step204,507.376;383.334;154.255
bcd_path,real,start13_step205,507.487;385.939;152.661
bcd_path,real,start13_step206,507.590;388.485;151.112
bcd_path,real,start13_step207,507.686;391.031;149.575
bcd_path,real,start13_step208,507.813;393.555;147.961
bcd_path,real,start13_step209,507.948;395.986;146.311
bcd_path,real,start13_step210,508.083;398.319;144.662
bcd_path,real,start13_step211,508.256;400.563;142.929
bcd_path,real,start13_step212,508.478;402.822;140.984
bcd_path,real,start13_step213,508.753;405.073;138.863
bcd_path,real,start13_step214,509.062;407.285;136.618
bcd_path,real,start13_step215,509.378;409.472;134.382
bcd_path,real,start13_step216,509.640;411.692;132.266
bcd_path,real,start13_step217,509.850;413.881;130.181
bcd_path,real,start13_step218,510.021;416.069;128.095
bcd_path,real,start13_step219,510.150;418.237;126.054
bcd_path,real,start13_step220,510.275;420.503;124.020
bcd_path,real,start13_step221,510.387;422.997;121.973
bcd_path,real,start13_step222,510.487;425.603;119.886
bcd_path,real,start13_step223,510.589;428.208;117.733
bcd_path,real,start13_step224,510.693;430.760;115.461
bcd_path,real,start13_step225,510.823;433.315;113.042
bcd_path,real,start13_step226,510.992;435.920;110.614
bcd_path,real,start13_step227,511.178;438.586;108.297
bcd_path,real,start13_step228,511.362;441.360;106.113
bcd_path,real,start13_step229,511.539;444.104;104.033
bcd_path,real,start13_step230,511.744;446.805;102.040
bcd_path,real,start13_step231,512.001;449.532;100.135
bcd_path,real,start13_step232,512.275;452.256;98.182
bcd_path,real,start13_step233,512.573;454.995;96.062
bcd_path,real,start13_step234,512.881;457.737;93.751
bcd_path,real,start13_step235,513.182;460.434;91.282
bcd_path,real,start13_step236,513.458;463.119;88.795
bcd_path,real,start13_step237,513.702;465.769;86.268
bcd_path,real,start13_step238,513.949;468.366;83.681
bcd_path,real,start13_step239,514.216;470.959;81.164
bcd_path,real,start13_step240,514.540;473.575;78.725
bcd_path,real,start13_step241,514.925;476.139;76.345
bcd_path,real,start13_step242,515.364;478.641;74.039
bcd_path,real,start13_step243,515.818;481.124;71.780
bcd_path,real,start13_step244,516.320;483.688;69.500
bcd_path,real,start13_step245,516.886;486.314;67.250
bcd_path,real,start13_step246,517.517;489.025;65.138
bcd_path,real,start13_step247,518.189;491.829;63.146
bcd_path,real,start13_step248,518.919;494.767;61.178
bcd_path,real,start13_step249,519.703;497.796;59.233
bcd_path,real,start13_step250,520.499;500.890;57.316
bcd_path,real,start13_step251,521.279;504.122;55.436
bcd_path,real,start13_step252,522.019;507.496;53.719
bcd_path,real,start13_step253,522.722;511.012;52.176
bcd_path,real,start13_step254,523.386;514.576;50.772
bcd_path,real,start13_step255,524.070;518.236;49.494
bcd_path,real,start13_step256,524.844;521.949;48.274
bcd_path,real,start13_step257,525.672;525.739;47.040
bcd_path,real,start13_step258,526.494;529.567;45.777
bcd_path,real,start13_step259,527.307;533.354;44.412
bcd_path,real,start13_step260,528.163;537.093;42.974
bcd_path,real,start13_step261,529.052;540.726;41.506
bcd_path,real,start13_step262,529.973;544.307;39.975
bcd_path,real,start13_step263,530.883;547.807;38.385
bcd_path,real,start13_step264,531.767;551.196;36.857
bcd_path,real,start13_step265,532.637;554.502;35.512
bcd_path,real,start13_step266,533.455;557.853;34.307
bcd_path,real,start13_step267,534.170;561.219;33.184
bcd_path,real,start13_step268,534.785;564.561;32.163
bcd_path,real,start13_step269,535.341;567.919;31.195
bcd_path,real,start13_step270,535.879;571.320;30.125
bcd_path,real,start13_step271,536.420;574.825;29.024
bcd_path,real,start13_step272,536.959;578.676;27.958
bcd_path,real,start13_step273,537.485;582.808;26.981
bcd_path,real,start13_step274,538.055;587.144;26.141
bcd_path,real,start13_step275,538.687;591.514;25.371
bcd_path,real,start13_step276,539.362;595.788;24.492
bcd_path,real,start13_step277,540.092;599.933;23.465
bcd_path,real,start13_step278,540.883;603.868;22.392
bcd_path,real,start13_step279,541.762;607.657;21.226
bcd_path,real,start13_step280,542.762;611.583;19.949
bcd_path,real,start13_step281,543.897;615.601;18.404
bcd_path,real,start13_step282,545.152;619.515;16.454
bcd_path,real,start13_step283,546.550;623.108;14.205
bcd_path,real,start13_step284,548.109;626.442;11.635
bcd_path,real,start13_step285,549.792;629.558;8.717
bcd_path,real,start13_step286,551.558;632.461;5.472
bcd_path,real,start13_step287,553.377;635.068;1.980
bcd_path,real,start13_step288,553.992;636.098;1.391
bcd_path,real,start13_step289,553.982;636.305;2.259
bcd_path,real,start13_step290,554.205;636.678;2.141
bcd_path,real,start13_step291,554.726;637.444;1.303
bcd_path,real,start13_step292,555.037;637.799;1.188
bcd_path,real,start13_step293,555.192;637.956;1.164
bcd_path,real,start13_step294,555.265;637.982;1.131
bcd_path,real,start13_step295,555.259;637.985;1.125
bcd_path,real,start13_step296,555.260;637.988;1.130
bcd_path,real,start13_step297,555.261;637.989;1.132
bcd_path,real,start13_step298,555.259;637.988;1.130
bcd_path,real,start13_step299,555.260;637.989;1.131
bcd_path,real,start14_step0,-29.971;-36.012;22.309
bcd_path,real,start14_step1,-30.245;-36.243;26.249
bcd_path,real,start14_step2,-30.615;-36.601;31.480
bcd_path,real,start14_step3,-30.860;-36.955;37.521
bcd_path,real,start14_step4,-30.725;-37.283;43.889
bcd_path,real,start14_step5,-30.040;-37.521;50.328
bcd_path,real,start14_step6,-28.744;-37.697;56.801
bcd_path,real,start14_step7,-26.744;-37.856;63.265
bcd_path,real,start14_step8,-24.104;-38.020;69.707
bcd_path,real,start14_step9,-20.735;-38.240;76.269
bcd_path,real,start14_step10,-16.429;-38.463;82.982
bcd_path,real,start14_step11,-11.408;-38.684;89.726
bcd_path,real,start14_step12,-5.806;-38.914;96.452
bcd_path,real,start14_step13,0.222;-39.160;103.079
bcd_path,real,start14_step14,6.616;-39.488;109.500
bcd_path,real,start14_step15,13.214;-39.875;115.696
bcd_path,real,start14_step16,19.964;-40.315;121.543
bcd_path,real,start14_step17,26.941;-40.805;126.999
bcd_path,real,start14_step18,34.129;-41.393;131.995
bcd_path,real,start14_step19,41.424;-42.066;136.565
bcd_path,real,start14_step20,48.787;-42.786;140.791
bcd_path,real,start14_step21,56.139;-43.543;144.684
bcd_path,real,start14_step22,63.407;-44.328;148.424
bcd_path,real,start14_step23,70.613;-45.100;152.143
bcd_path,real,start14_step24,77.817;-45.833;155.865
bcd_path,real,start14_step25,84.977;-46.547;159.537
bcd_path,real,start14_step26,92.066;-47.258;163.123
bcd_path,real,start14_step27,99.092;-47.936;166.652
bcd_path,real,start14_step28,106.004;-48.507;170.126
bcd_path,real,start14_step29,112.764;-48.932;173.495
bcd_path,real,start14_step30,119.336;-49.219;176.789
bcd_path,real,start14_step31,125.706;-49.411;180.094
bcd_path,real,start14_step32,131.885;-49.542;183.498
bcd_path,real,start14_step33,137.938;-49.685;187.050
bcd_path,real,start14_step34,143.904;-49.843;190.795
bcd_path,real,start14_step35,149.923;-50.012;194.817
bcd_path,real,start14_step36,156.035;-50.205;199.154
bcd_path,real,start14_step37,162.188;-50.447;203.603
bcd_path,real,start14_step38,168.372;-50.739;208.109
bcd_path,real,start14_step39,174.673;-51.082;212.727
bcd_path,real,start14_step40,181.037;-51.493;217.222
bcd_path,real,start14_step41,187.413;-52.028;221.430
bcd_path,real,start14_step42,193.642;-52.616;225.250
bcd_path,real,start14_step43,199.545;-53.193;228.504
bcd_path,real,start14_step44,205.041;-53.720;231.185
bcd_path,real,start14_step45,210.260;-54.194;233.376
bcd_path,real,start14_step46,215.325;-54.620;235.090
bcd_path,real,start14_step47,220.414;-54.914;236.322
bcd_path,real,start14_step48,225.599;-55.070;237.240
bcd_path,real,start14_step49,230.786;-55.104;237.982
bcd_path,real,start14_step50,235.948;-55.066;238.521
bcd_path,real,start14_step51,241.146;-54.980;238.873
bcd_path,real,start14_step52,246.422;-54.898;239.110
bcd_path,real,start14_step53,251.651;-54.817;239.247
bcd_path,real,start14_step54,256.660;-54.745;239.081
bcd_path,real,start14_step55,261.505;-54.712;238.511
bcd_path,real,start14_step56,266.301;-54.717;237.683
bcd_path,real,start14_step57,271.025;-54.745;236.654
bcd_path,real,start14_step58,275.681;-54.780;235.375
bcd_path,real,start14_step59,280.368;-54.849;233.868
bcd_path,real,start14_step60,285.001;-54.964;232.214
bcd_path,real,start14_step61,289.544;-55.107;230.519
bcd_path,real,start14_step62,294.035;-55.276;228.901
bcd_path,real,start14_step63,298.527;-55.497;227.355
bcd_path,real,start14_step64,302.919;-55.770;225.817
bcd_path,real,start14_step65,307.249;-56.083;224.231
bcd_path,real,start14_step66,311.525;-56.433;222.659
bcd_path,real,start14_step67,315.716;-56.797;221.118
bcd_path,real,start14_step68,319.852;-57.145;219.576
bcd_path,real,start14_step69,323.974;-57.472;218.163
bcd_path,real,start14_step70,328.086;-57.835;216.865
bcd_path,real,start14_step71,332.257;-58.287;215.443
bcd_path,real,start14_step72,336.479;-58.856;213.849
bcd_path,real,start14_step73,340.804;-59.513;212.173
bcd_path,real,start14_step74,345.179;-60.231;210.514
bcd_path,real,start14_step75,349.564;-61.016;208.926
bcd_path,real,start14_step76,353.977;-61.878;207.369
bcd_path,real,start14_step77,358.469;-62.856;205.927
bcd_path,real,start14_step78,363.026;-63.939;204.702
bcd_path,real,start14_step79,367.677;-65.144;203.621
bcd_path,real,start14_step80,372.397;-66.482;202.659
bcd_path,real,start14_step81,377.170;-67.984;201.803
bcd_path,real,start14_step82,381.936;-69.633;201.091
bcd_path,real,start14_step83,386.660;-71.372;200.481
bcd_path,real,start14_step84,391.321;-73.178;199.847
bcd_path,real,start14_step85,395.828;-74.958;199.147
bcd_path,real,start14_step86,400.189;-76.644;198.320
bcd_path,real,start14_step87,404.515;-78.278;197.370
bcd_path,real,start14_step88,408.868;-79.941;196.295
bcd_path,real,start14_step89,413.204;-81.605;195.043
bcd_path,real,start14_step90,417.554;-83.243;193.641
bcd_path,real,start14_step91,421.844;-84.805;192.206
bcd_path,real,start14_step92,425.999;-86.283;190.818
bcd_path,real,start14_step93,430.020;-87.680;189.447
bcd_path,real,start14_step94,434.023;-89.026;188.108
bcd_path,real,start14_step95,438.003;-90.304;186.745
bcd_path,real,start14_step96,441.938;-91.487;185.232
bcd_path,real,start14_step97,445.821;-92.549;183.572
bcd_path,real,start14_step98,449.607;-93.530;181.854
bcd_path,real,start14_step99,453.273;-94.441;180.107
bcd_path,real,start14_step100,456.822;-95.303;178.314
bcd_path,real,start14_step101,460.344;-96.181;176.514
bcd_path,real,start14_step102,463.869;-97.114;174.794
bcd_path,real,start14_step103,467.375;-98.100;173.186
bcd_path,real,start14_step104,470.867;-99.152;171.595
bcd_path,real,start14_step105,474.386;-100.270;170.035
bcd_path,real,start14_step106,477.856;-101.405;168.606
bcd_path,real,start14_step107,481.251;-102.495;167.327
bcd_path,real,start14_step108,484.588;-103.557;166.161
bcd_path,real,start14_step109,487.893;-104.604;165.023
bcd_path,real,start14_step110,491.129;-105.598;163.914
bcd_path,real,start14_step111,494.335;-106.550;162.873
bcd_path,real,start14_step112,497.481;-107.429;161.852
bcd_path,real,start14_step113,500.556;-108.191;160.837
bcd_path,real,start14_step114,503.595;-108.877;159.853
bcd_path,real,start14_step115,506.592;-109.538;158.826
bcd_path,real,start14_step116,509.515;-110.144;157.745
bcd_path,real,start14_step117,512.393;-110.703;156.614
bcd_path,real,start14_step118,515.167;-111.193;155.411
bcd_path,real,start14_step119,517.765;-111.569;154.198
bcd_path,real,start14_step120,520.299;-111.842;152.912
bcd_path,real,start14_step121,522.842;-112.043;151.485
bcd_path,real,start14_step122,525.334;-112.150;149.937
bcd_path,real,start14_step123,527.707;-112.117;148.542
bcd_path,real,start14_step124,529.906;-111.834;147.571
bcd_path,real,start14_step125,531.925;-111.351;146.816
bcd_path,real,start14_step126,533.868;-110.750;146.192
bcd_path,real,start14_step127,535.801;-110.077;145.715
bcd_path,real,start14_step128,537.706;-109.375;145.288
bcd_path,real,start14_step129,539.624;-108.663;144.851
bcd_path,real,start14_step130,541.634;-107.985;144.396
bcd_path,real,start14_step131,543.668;-107.338;143.910
bcd_path,real,start14_step132,545.614;-106.701;143.284
bcd_path,real,start14_step133,547.450;-106.075;142.393
bcd_path,real,start14_step134,549.189;-105.483;141.304
bcd_path,real,start14_step135,550.861;-104.902;140.105
bcd_path,real,start14_step136,552.555;-104.377;138.730
bcd_path,real,start14_step137,554.237;-103.972;137.236
bcd_path,real,start14_step138,555.941;-103.676;135.585
bcd_path,real,start14_step139,557.769;-103.507;133.853
bcd_path,real,start14_step140,559.691;-103.466;132.132
bcd_path,real,start14_step141,561.666;-103.514;130.259
bcd_path,real,start14_step142,563.685;-103.560;128.176
bcd_path,real,start14_step143,565.698;-103.575;125.967
bcd_path,real,start14_step144,567.658;-103.544;123.748
bcd_path,real,start14_step145,569.647;-103.413;121.491
bcd_path,real,start14_step146,571.873;-102.101;121.623
bcd_path,real,start14_step147,574.101;-97.080;125.382
bcd_path,real,start14_step148,575.619;-89.284;132.066
bcd_path,real,start14_step149,576.110;-80.154;141.341
bcd_path,real,start14_step150,575.743;-70.637;152.655
bcd_path,real,start14_step151,574.812;-61.364;165.102
bcd_path,real,start14_step152,573.496;-52.683;177.762
bcd_path,real,start14_step153,571.966;-44.619;189.981
bcd_path,real,start14_step154,570.358;-37.141;201.404
bcd_path,real,start14_step155,568.800;-30.263;211.818
bcd_path,real,start14_step156,567.433;-23.879;221.101
bcd_path,real,start14_step157,566.216;-17.932;229.281
bcd_path,real,start14_step158,565.134;-12.386;236.357
bcd_path,real,start14_step159,564.160;-7.203;242.343
bcd_path,real,start14_step160,563.310;-2.428;247.349
bcd_path,real,start14_step161,562.548;2.006;251.490
bcd_path,real,start14_step162,561.829;6.206;254.901
bcd_path,real,start14_step163,561.164;10.205;257.588
bcd_path,real,start14_step164,560.561;13.941;259.633
bcd_path,real,start14_step165,559.984;17.382;261.192
bcd_path,real,start14_step166,559.460;20.513;262.290
bcd_path,real,start14_step167,559.011;23.367;262.850
bcd_path,real,start14_step168,558.635;26.079;262.905
bcd_path,real,start14_step169,558.293;28.672;262.621
bcd_path,real,start14_step170,557.935;31.054;262.151
bcd_path,real,start14_step171,557.577;33.254;261.504
bcd_path,real,start14_step172,557.257;35.430;260.687
bcd_path,real,start14_step173,556.963;37.684;259.711
bcd_path,real,start14_step174,556.696;40.071;258.540
bcd_path,real,start14_step175,556.460;42.582;257.238
bcd_path,real,start14_step176,556.239;45.147;255.876
bcd_path,real,start14_step177,556.007;47.762;254.450
bcd_path,real,start14_step178,555.778;50.456;252.951
bcd_path,real,start14_step179,555.598;53.240;251.486
bcd_path,real,start14_step180,555.458;56.132;250.100
bcd_path,real,start14_step181,555.354;59.157;248.741
bcd_path,real,start14_step182,555.286;62.327;247.356
bcd_path,real,start14_step183,555.241;65.591;245.964
bcd_path,real,start14_step184,555.208;68.823;244.634
bcd_path,real,start14_step185,555.166;71.994;243.348
bcd_path,real,start14_step186,555.102;75.145;242.131
bcd_path,real,start14_step187,555.079;78.204;241.035
bcd_path,real,start14_step188,555.128;81.163;240.103
bcd_path,real,start14_step189,555.300;84.012;239.259
bcd_path,real,start14_step190,555.578;86.763;238.398
bcd_path,real,start14_step191,555.938;89.433;237.508
bcd_path,real,start14_step192,556.351;92.094;236.510
bcd_path,real,start14_step193,556.814;94.800;235.342
bcd_path,real,start14_step194,557.352;97.563;233.967
bcd_path,real,start14_step195,557.913;100.363;232.297
bcd_path,real,start14_step196,558.491;103.287;230.246
bcd_path,real,start14_step197,559.090;106.311;227.871
bcd_path,real,start14_step198,559.720;109.409;225.353
bcd_path,real,start14_step199,560.369;112.569;222.819
bcd_path,real,start14_step200,561.043;115.782;220.371
bcd_path,real,start14_step201,561.738;119.075;218.056
bcd_path,real,start14_step202,562.496;122.483;215.938
bcd_path,real,start14_step203,563.298;125.954;214.042
bcd_path,real,start14_step204,564.146;129.503;212.238
bcd_path,real,start14_step205,565.114;133.169;210.526
bcd_path,real,start14_step206,566.194;136.936;208.953
bcd_path,real,start14_step207,567.350;140.789;207.491
bcd_path,real,start14_step208,568.537;144.678;205.936
bcd_path,real,start14_step209,569.743;148.574;204.262
bcd_path,real,start14_step210,570.960;152.507;202.654
bcd_path,real,start14_step211,572.163;156.431;201.112
bcd_path,real,start14_step212,573.334;160.278;199.549
bcd_path,real,start14_step213,574.441;164.012;197.904
bcd_path,real,start14_step214,575.461;167.638;196.341
bcd_path,real,start14_step215,576.394;171.180;194.943
bcd_path,real,start14_step216,577.302;174.672;193.650
bcd_path,real,start14_step217,578.171;178.086;192.362
bcd_path,real,start14_step218,578.961;181.376;190.975
bcd_path,real,start14_step219,579.705;184.566;189.566
bcd_path,real,start14_step220,580.448;187.799;188.196
bcd_path,real,start14_step221,581.252;191.156;186.865
bcd_path,real,start14_step222,582.119;194.647;185.489
bcd_path,real,start14_step223,583.016;198.159;184.000
bcd_path,real,start14_step224,583.905;201.587;182.398
bcd_path,real,start14_step225,584.748;204.876;180.639
bcd_path,real,start14_step226,585.562;207.993;178.669
bcd_path,real,start14_step227,586.360;210.978;176.521
bcd_path,real,start14_step228,587.142;213.890;174.310
bcd_path,real,start14_step229,587.962;216.827;172.146
bcd_path,real,start14_step230,588.739;219.678;169.996
bcd_path,real,start14_step231,589.450;222.373;167.895
bcd_path,real,start14_step232,590.105;224.924;165.966
bcd_path,real,start14_step233,590.695;227.355;164.179
bcd_path,real,start14_step234,591.221;229.656;162.382
bcd_path,real,start14_step235,591.701;231.819;160.521
bcd_path,real,start14_step236,592.104;233.895;158.774
bcd_path,real,start14_step237,592.424;236.183;157.140
bcd_path,real,start14_step238,592.740;238.641;155.581
bcd_path,real,start14_step239,593.173;241.098;154.158
bcd_path,real,start14_step240,593.715;243.546;152.886
bcd_path,real,start14_step241,594.353;245.983;151.861
bcd_path,real,start14_step242,595.017;248.327;150.996
bcd_path,real,start14_step243,595.748;250.639;150.176
bcd_path,real,start14_step244,596.542;252.963;149.470
bcd_path,real,start14_step245,597.354;255.183;148.836
bcd_path,real,start14_step246,598.161;257.336;148.150
bcd_path,real,start14_step247,598.960;259.431;147.463
bcd_path,real,start14_step248,599.751;261.435;146.815
bcd_path,real,start14_step249,600.507;263.430;146.172
bcd_path,real,start14_step250,601.254;265.458;145.541
bcd_path,real,start14_step251,601.972;267.473;144.887
bcd_path,real,start14_step252,602.614;269.495;144.118
bcd_path,real,start14_step253,603.203;271.529;143.197
bcd_path,real,start14_step254,603.762;273.559;142.233
bcd_path,real,start14_step255,604.331;275.661;141.262
bcd_path,real,start14_step256,604.978;277.932;140.227
bcd_path,real,start14_step257,605.729;280.334;139.137
bcd_path,real,start14_step258,606.536;282.746;138.044
bcd_path,real,start14_step259,607.425;285.229;137.007
bcd_path,real,start14_step260,608.402;287.716;136.020
bcd_path,real,start14_step261,609.399;290.143;135.053
bcd_path,real,start14_step262,610.381;292.520;133.995
bcd_path,real,start14_step263,611.352;294.959;132.809
bcd_path,real,start14_step264,612.283;297.414;131.657
bcd_path,real,start14_step265,613.169;299.866;130.597
bcd_path,real,start14_step266,614.043;302.339;129.578
bcd_path,real,start14_step267,614.917;304.819;128.453
bcd_path,real,start14_step268,615.783;307.236;127.240
bcd_path,real,start14_step269,616.628;309.555;126.084
bcd_path,real,start14_step270,617.467;311.835;124.912
bcd_path,real,start14_step271,618.294;314.134;123.667
bcd_path,real,start14_step272,619.120;316.481;122.435
bcd_path,real,start14_step273,619.973;318.843;121.244
bcd_path,real,start14_step274,620.829;321.135;120.112
bcd_path,real,start14_step275,621.682;323.298;119.003
bcd_path,real,start14_step276,622.526;325.385;117.885
bcd_path,real,start14_step277,623.329;327.467;116.785
bcd_path,real,start14_step278,624.047;329.495;115.615
bcd_path,real,start14_step279,624.669;331.508;114.354
bcd_path,real,start14_step280,625.226;333.536;113.147
bcd_path,real,start14_step281,625.742;335.513;111.966
bcd_path,real,start14_step282,626.253;337.386;110.793
bcd_path,real,start14_step283,626.788;339.227;109.666
bcd_path,real,start14_step284,627.362;341.080;108.622
bcd_path,real,start14_step285,627.961;342.914;107.681
bcd_path,real,start14_step286,628.559;344.686;106.737
bcd_path,real,start14_step287,629.146;346.445;105.734
bcd_path,real,start14_step288,629.724;348.204;104.665
bcd_path,real,start14_step289,630.293;349.902;103.569
bcd_path,real,start14_step290,630.841;351.558;102.430
bcd_path,real,start14_step291,631.362;353.195;101.239
bcd_path,real,start14_step292,631.875;354.908;100.027
bcd_path,real,start14_step293,632.419;356.682;98.687
bcd_path,real,start14_step294,633.001;358.503;97.187
bcd_path,real,start14_step295,633.601;360.313;95.603
bcd_path,real,start14_step296,634.197;362.080;94.011
bcd_path,real,start14_step297,634.787;363.795;92.494
bcd_path,real,start14_step298,635.359;365.439;91.009
bcd_path,real,start14_step299,635.917;367.023;89.558
bcd_path,real,start15_step0,39.849;-4.479;22.177
bcd_path,real,start15_step1,40.326;-4.293;25.720
bcd_path,real,start15_step2,41.117;-3.934;30.303
bcd_path,real,start15_step3,42.172;-3.508;35.485
bcd_path,real,start15_step4,43.546;-3.270;40.975
bcd_path,real,start15_step5,45.283;-3.343;46.655
bcd_path,real,start15_step6,47.358;-3.678;52.373
bcd_path,real,start15_step7,49.712;-4.178;57.950
bcd_path,real,start15_step8,52.294;-4.795;63.280
bcd_path,real,start15_step9,55.089;-5.528;68.355
bcd_path,real,start15_step10,58.109;-6.353;73.285
bcd_path,real,start15_step11,61.326;-7.234;78.103
bcd_path,real,start15_step12,64.732;-8.132;82.783
bcd_path,real,start15_step13,68.381;-9.009;87.393
bcd_path,real,start15_step14,72.270;-9.910;92.029
bcd_path,real,start15_step15,76.377;-10.918;96.710
bcd_path,real,start15_step16,80.785;-12.080;101.457
bcd_path,real,start15_step17,85.463;-13.387;106.360
bcd_path,real,start15_step18,90.289;-14.784;111.421
bcd_path,real,start15_step19,95.265;-16.291;116.634
bcd_path,real,start15_step20,100.052;-17.416;121.170
bcd_path,real,start15_step21,103.865;-16.935;124.317
bcd_path,real,start15_step22,106.783;-15.124;126.543
bcd_path,real,start15_step23,108.971;-12.473;128.418
bcd_path,real,start15_step24,110.558;-9.317;130.357
bcd_path,real,start15_step25,111.828;-5.880;132.514
bcd_path,real,start15_step26,113.077;-2.288;134.858
bcd_path,real,start15_step27,114.506;1.375;137.279
bcd_path,real,start15_step28,116.154;5.059;139.774
bcd_path,real,start15_step29,118.048;8.757;142.411
bcd_path,real,start15_step30,120.203;12.432;145.273
bcd_path,real,start15_step31,122.745;16.099;148.399
bcd_path,real,start15_step32,125.829;19.791;151.812
bcd_path,real,start15_step33,129.499;23.480;155.485
bcd_path,real,start15_step34,133.646;27.165;159.404
bcd_path,real,start15_step35,138.224;30.836;163.435
bcd_path,real,start15_step36,143.066;34.420;167.460
bcd_path,real,start15_step37,148.176;37.926;171.506
bcd_path,real,start15_step38,153.602;41.414;175.701
bcd_path,real,start15_step39,158.616;44.613;179.824
bcd_path,real,start15_step40,158.437;44.814;182.799
bcd_path,real,start15_step41,159.055;44.667;185.675
bcd_path,real,start15_step42,159.329;44.399;187.201
bcd_path,real,start15_step43,159.329;44.387;187.205
bcd_path,real,start15_step44,159.337;44.443;187.465
bcd_path,real,start15_step45,159.342;44.460;187.503
bcd_path,real,start15_step46,159.331;44.429;187.424
bcd_path,real,start15_step47,159.329;44.440;187.439
bcd_path,real,start15_step48,159.330;44.469;187.484
bcd_path,real,start15_step49,159.322;44.445;187.416
bcd_path,real,start15_step50,159.321;44.431;187.375
bcd_path,real,start15_step51,159.318;44.420;187.331
bcd_path,real,start15_step52,159.311;44.423;187.317
bcd_path,real,start15_step53,159.305;44.420;187.281
bcd_path,real,start15_step54,159.294;44.426;187.263
bcd_path,real,start15_step55,159.289;44.425;187.238
bcd_path,real,start15_step56,159.290;44.420;187.210
bcd_path,real,start15_step57,159.299;44.412;187.196
bcd_path,real,start15_step58,159.299;44.409;187.176
bcd_path,real,start15_step59,159.294;44.413;187.171
bcd_path,real,start15_step60,159.293;44.414;187.169
bcd_path,real,start15_step61,159.295;44.413;187.170
bcd_path,real,start15_step62,159.290;44.416;187.165
bcd_path,real,start15_step63,159.287;44.418;187.162
bcd_path,real,start15_step64,159.286;44.419;187.161
bcd_path,real,start15_step65,159.286;44.419;187.161
bcd_path,real,start15_step66,159.289;44.417;187.162
bcd_path,real,start15_step67,159.283;44.421;187.155
bcd_path,real,start15_step68,159.286;44.419;187.158
bcd_path,real,start15_step69,159.281;44.422;187.157
bcd_path,real,start15_step70,159.284;44.420;187.158
bcd_path,real,start15_step71,159.280;44.423;187.157
bcd_path,real,start15_step72,159.284;44.421;187.162
bcd_path,real,start15_step73,159.285;44.419;187.162
bcd_path,real,start15_step74,159.287;44.419;187.163
bcd_path,real,start15_step75,159.289;44.417;187.164
bcd_path,real,start15_step76,159.286;44.419;187.161
bcd_path,real,start15_step77,159.283;44.421;187.158
bcd_path,real,start15_step78,159.284;44.420;187.159
bcd_path,real,start15_step79,159.284;44.421;187.158
bcd_path,real,start15_step80,159.276;44.426;187.152
bcd_path,real,start15_step81,159.281;44.422;187.156
bcd_path,real,start15_step82,159.278;44.424;187.154
bcd_path,real,start15_step83,159.282;44.422;187.157
bcd_path,real,start15_step84,159.286;44.419;187.158
bcd_path,real,start15_step85,159.286;44.419;187.158
bcd_path,real,start15_step86,159.281;44.422;187.153
bcd_path,real,start15_step87,159.285;44.419;187.157
bcd_path,real,start15_step88,159.232;44.814;186.874
bcd_path,real,start15_step89,159.214;45.510;186.182
bcd_path,real,start15_step90,159.236;46.113;185.380
bcd_path,real,start15_step91,159.246;46.455;184.787
bcd_path,real,start15_step92,159.266;46.466;184.704
bcd_path,real,start15_step93,159.259;46.470;184.694
bcd_path,real,start15_step94,159.272;46.459;184.689
bcd_path,real,start15_step95,159.275;46.455;184.678
bcd_path,real,start15_step96,159.282;46.449;184.669
bcd_path,real,start15_step97,159.283;46.446;184.656
bcd_path,real,start15_step98,159.248;46.887;184.253
bcd_path,real,start15_step99,159.259;47.794;183.202
bcd_path,real,start15_step100,159.188;48.809;181.995
bcd_path,real,start15_step101,159.202;49.603;180.899
bcd_path,real,start15_step102,159.243;50.056;180.327
bcd_path,real,start15_step103,159.266;50.062;180.262
bcd_path,real,start15_step104,159.263;50.064;180.254
bcd_path,real,start15_step105,159.271;50.058;180.258
bcd_path,real,start15_step106,159.278;50.049;180.231
bcd_path,real,start15_step107,159.284;50.043;180.221
bcd_path,real,start15_step108,159.291;50.037;180.210
bcd_path,real,start15_step109,159.289;50.038;180.202
bcd_path,real,start15_step110,159.290;50.037;180.203
bcd_path,real,start15_step111,159.288;50.038;180.196
bcd_path,real,start15_step112,159.289;50.038;180.197
bcd_path,real,start15_step113,159.297;50.032;180.206
bcd_path,real,start15_step114,159.292;50.035;180.199
bcd_path,real,start15_step115,159.296;50.032;180.200
bcd_path,real,start15_step116,159.296;50.033;180.202
bcd_path,real,start15_step117,159.291;50.036;180.198
bcd_path,real,start15_step118,159.292;50.036;180.200
bcd_path,real,start15_step119,159.300;50.030;180.205
bcd_path,real,start15_step120,159.296;50.033;180.202
bcd_path,real,start15_step121,159.297;50.032;180.206
bcd_path,real,start15_step122,159.302;50.028;180.210
bcd_path,real,start15_step123,159.288;50.039;180.195
bcd_path,real,start15_step124,159.293;50.035;180.198
bcd_path,real,start15_step125,159.293;50.035;180.198
bcd_path,real,start15_step126,159.288;50.038;180.194
bcd_path,real,start15_step127,159.292;50.036;180.198
bcd_path,real,start15_step128,159.289;50.038;180.197
bcd_path,real,start15_step129,159.290;50.037;180.200
bcd_path,real,start15_step130,159.289;50.038;180.197
bcd_path,real,start15_step131,159.291;50.037;180.199
bcd_path,real,start15_step132,159.280;50.044;180.191
bcd_path,real,start15_step133,159.276;50.047;180.189
bcd_path,real,start15_step134,159.283;50.042;180.195
bcd_path,real,start15_step135,159.283;50.042;180.195
bcd_path,real,start15_step136,159.274;50.049;180.185
bcd_path,real,start15_step137,159.283;50.042;180.187
bcd_path,real,start15_step138,159.306;50.021;180.176
bcd_path,real,start15_step139,159.303;50.020;180.168
bcd_path,real,start15_step140,159.305;50.018;180.169
bcd_path,real,start15_step141,159.306;50.017;180.169
bcd_path,real,start15_step142,159.313;50.010;180.175
bcd_path,real,start15_step143,159.318;50.006;180.182
bcd_path,real,start15_step144,159.313;50.010;180.178
bcd_path,real,start15_step145,159.304;50.018;180.170
bcd_path,real,start15_step146,159.305;50.018;180.169
bcd_path,real,start15_step147,159.304;50.018;180.169
bcd_path,real,start15_step148,159.304;50.019;180.171
bcd_path,real,start15_step149,159.303;50.020;180.170
bcd_path,real,start15_step150,159.303;50.020;180.170
bcd_path,real,start15_step151,159.303;50.020;180.168
bcd_path,real,start15_step152,159.303;50.019;180.169
bcd_path,real,start15_step153,159.307;50.016;180.170
bcd_path,real,start15_step154,159.308;50.015;180.172
bcd_path,real,start15_step155,159.308;50.015;180.172
bcd_path,real,start15_step156,159.308;50.015;180.171
bcd_path,real,start15_step157,159.305;50.018;180.170
bcd_path,real,start15_step158,159.303;50.019;180.169
bcd_path,real,start15_step159,159.237;50.382;179.890
bcd_path,real,start15_step160,159.233;50.805;179.338
bcd_path,real,start15_step161,159.257;50.939;179.069
bcd_path,real,start15_step162,159.279;50.923;179.078
bcd_path,real,start15_step163,159.242;50.940;179.002
bcd_path,real,start15_step164,159.265;50.917;178.983
bcd_path,real,start15_step165,159.262;50.916;178.947
bcd_path,real,start15_step166,159.274;50.905;178.945
bcd_path,real,start15_step167,159.263;50.908;178.902
bcd_path,real,start15_step168,159.279;50.887;178.873
bcd_path,real,start15_step169,159.239;51.263;178.466
bcd_path,real,start15_step170,159.225;51.960;177.619
bcd_path,real,start15_step171,159.229;52.460;176.848
bcd_path,real,start15_step172,159.254;52.569;176.575
bcd_path,real,start15_step173,159.280;52.550;176.588
bcd_path,real,start15_step174,159.269;52.557;176.574
bcd_path,real,start15_step175,159.268;52.558;176.573
bcd_path,real,start15_step176,159.251;52.568;176.543
bcd_path,real,start15_step177,159.255;52.559;176.511
bcd_path,real,start15_step178,159.263;52.551;176.503
bcd_path,real,start15_step179,159.264;52.551;176.502
bcd_path,real,start15_step180,159.269;52.547;176.506
bcd_path,real,start15_step181,159.270;52.546;176.507
bcd_path,real,start15_step182,159.274;52.543;176.512
bcd_path,real,start15_step183,159.277;52.541;176.513
bcd_path,real,start15_step184,159.274;52.544;176.512
bcd_path,real,start15_step185,159.270;52.546;176.509
bcd_path,real,start15_step186,159.279;52.540;176.517
bcd_path,real,start15_step187,159.283;52.537;176.522
bcd_path,real,start15_step188,159.286;52.535;176.522
bcd_path,real,start15_step189,159.273;52.545;176.513
bcd_path,real,start15_step190,159.279;52.540;176.518
bcd_path,real,start15_step191,159.287;52.535;176.527
bcd_path,real,start15_step192,159.287;52.535;176.526
bcd_path,real,start15_step193,159.277;52.542;176.518
bcd_path,real,start15_step194,159.283;52.537;176.523
bcd_path,real,start15_step195,159.282;52.538;176.522
bcd_path,real,start15_step196,159.286;52.536;176.524
bcd_path,real,start15_step197,159.286;52.535;176.522
bcd_path,real,start15_step198,159.286;52.535;176.523
bcd_path,real,start15_step199,159.263;52.882;176.262
bcd_path,real,start15_step200,159.251;53.363;175.663
bcd_path,real,start15_step201,159.244;53.709;175.111
bcd_path,real,start15_step202,159.253;53.766;174.963
bcd_path,real,start15_step203,159.270;53.748;174.944
bcd_path,real,start15_step204,159.265;53.748;174.913
bcd_path,real,start15_step205,159.256;53.754;174.898
bcd_path,real,start15_step206,159.258;53.752;174.896
bcd_path,real,start15_step207,159.267;53.746;174.902
bcd_path,real,start15_step208,159.265;53.746;174.893
bcd_path,real,start15_step209,159.274;53.740;174.895
bcd_path,real,start15_step210,159.272;53.741;174.892
bcd_path,real,start15_step211,159.272;53.741;174.892
bcd_path,real,start15_step212,159.276;53.738;174.895
bcd_path,real,start15_step213,159.278;53.737;174.899
bcd_path,real,start15_step214,159.278;53.737;174.898
bcd_path,real,start15_step215,159.286;53.732;174.909
bcd_path,real,start15_step216,159.290;53.729;174.909
bcd_path,real,start15_step217,159.291;53.728;174.910
bcd_path,real,start15_step218,159.291;53.728;174.910
bcd_path,real,start15_step219,159.291;53.728;174.910
bcd_path,real,start15_step220,159.289;53.730;174.907
bcd_path,real,start15_step221,159.291;53.728;174.908
bcd_path,real,start15_step222,159.290;53.729;174.907
bcd_path,real,start15_step223,159.290;53.729;174.908
bcd_path,real,start15_step224,159.292;53.727;174.909
bcd_path,real,start15_step225,159.293;53.726;174.909
bcd_path,real,start15_step226,159.286;53.732;174.902
bcd_path,real,start15_step227,159.280;53.736;174.897
bcd_path,real,start15_step228,159.279;53.736;174.897
bcd_path,real,start15_step229,159.277;53.738;174.896
bcd_path,real,start15_step230,159.281;53.735;174.898
bcd_path,real,start15_step231,159.285;53.732;174.902
bcd_path,real,start15_step232,159.262;54.050;174.642
bcd_path,real,start15_step233,159.240;54.531;173.975
bcd_path,real,start15_step234,159.234;55.017;173.280
bcd_path,real,start15_step235,159.245;55.279;172.803
bcd_path,real,start15_step236,159.258;55.290;172.754
bcd_path,real,start15_step237,159.265;55.283;172.742
bcd_path,real,start15_step238,159.260;55.284;172.714
bcd_path,real,start15_step239,159.263;55.282;172.711
bcd_path,real,start15_step240,159.275;55.272;172.709
bcd_path,real,start15_step241,159.278;55.268;172.696
bcd_path,real,start15_step242,159.241;55.661;172.352
bcd_path,real,start15_step243,159.227;56.374;171.501
bcd_path,real,start15_step244,159.236;57.001;170.482
bcd_path,real,start15_step245,159.239;57.455;169.882
bcd_path,real,start15_step246,159.261;57.479;169.780
bcd_path,real,start15_step247,159.261;57.478;169.766
bcd_path,real,start15_step248,159.262;57.476;169.753
bcd_path,real,start15_step249,159.279;57.458;169.725
bcd_path,real,start15_step250,159.251;57.454;169.604
bcd_path,real,start15_step251,159.253;57.411;169.542
bcd_path,real,start15_step252,159.256;57.402;169.538
bcd_path,real,start15_step253,159.261;57.350;169.467
bcd_path,real,start15_step254,159.283;57.304;169.472
bcd_path,real,start15_step255,159.277;57.309;169.469
bcd_path,real,start15_step256,159.296;57.292;169.489
bcd_path,real,start15_step257,159.304;57.286;169.495
bcd_path,real,start15_step258,159.291;57.297;169.488
bcd_path,real,start15_step259,159.302;57.287;169.498
bcd_path,real,start15_step260,159.306;57.283;169.501
bcd_path,real,start15_step261,159.311;57.279;169.506
bcd_path,real,start15_step262,159.304;57.286;169.501
bcd_path,real,start15_step263,159.305;57.284;169.501
bcd_path,real,start15_step264,159.307;57.283;169.500
bcd_path,real,start15_step265,159.311;57.279;169.504
bcd_path,real,start15_step266,159.302;57.288;169.498
bcd_path,real,start15_step267,159.307;57.283;169.504
bcd_path,real,start15_step268,159.316;57.274;169.511
bcd_path,real,start15_step269,159.319;57.271;169.518
bcd_path,real,start15_step270,159.318;57.270;169.518
bcd_path,real,start15_step271,159.321;57.259;169.522
bcd_path,real,start15_step272,159.320;57.249;169.517
bcd_path,real,start15_step273,159.325;57.226;169.529
bcd_path,real,start15_step274,159.326;57.209;169.536
bcd_path,real,start15_step275,159.328;57.195;169.542
bcd_path,real,start15_step276,159.328;57.195;169.539
bcd_path,real,start15_step277,159.328;57.195;169.536
bcd_path,real,start15_step278,159.328;57.196;169.535
bcd_path,real,start15_step279,159.327;57.195;169.535
bcd_path,real,start15_step280,159.328;57.196;169.533
bcd_path,real,start15_step281,159.328;57.199;169.533
bcd_path,real,start15_step282,159.328;57.199;169.533
bcd_path,real,start15_step283,159.328;57.197;169.534
bcd_path,real,start15_step284,159.328;57.198;169.535
bcd_path,real,start15_step285,159.327;57.204;169.528
bcd_path,real,start15_step286,159.328;57.211;169.528
bcd_path,real,start15_step287,159.328;57.215;169.528
bcd_path,real,start15_step288,159.327;57.215;169.528
bcd_path,real,start15_step289,159.327;57.215;169.527
bcd_path,real,start15_step290,159.327;57.214;169.531
bcd_path,real,start15_step291,159.327;57.219;169.532
bcd_path,real,start15_step292,159.327;57.217;169.531
bcd_path,real,start15_step293,159.326;57.213;169.531
bcd_path,real,start15_step294,159.327;57.215;169.531
bcd_path,real,start15_step295,159.327;57.222;169.532
bcd_path,real,start15_step296,159.318;57.232;169.517
bcd_path,real,start15_step297,159.321;57.222;169.522
bcd_path,real,start15_step298,159.324;57.208;169.528
bcd_path,real,start15_step299,159.326;57.190;169.533
bcd_path,real,start16_step0,-36.125;28.086;22.144
bcd_path,real,start16_step1,-36.472;28.299;25.742
bcd_path,real,start16_step2,-37.108;28.576;30.513
bcd_path,real,start16_step3,-37.822;29.012;35.910
bcd_path,real,start16_step4,-38.429;29.751;41.615
bcd_path,real,start16_step5,-38.857;30.769;47.399
bcd_path,real,start16_step6,-39.046;32.011;53.075
bcd_path,real,start16_step7,-38.853;33.559;58.627
bcd_path,real,start16_step8,-38.208;35.438;64.109
bcd_path,real,start16_step9,-37.149;37.631;69.525
bcd_path,real,start16_step10,-35.616;40.079;74.904
bcd_path,real,start16_step11,-33.617;42.628;80.189
bcd_path,real,start16_step12,-31.304;45.249;85.381
bcd_path,real,start16_step13,-28.747;47.938;90.544
bcd_path,real,start16_step14,-25.938;50.741;95.697
bcd_path,real,start16_step15,-22.842;53.750;100.812
bcd_path,real,start16_step16,-19.407;56.929;105.849
bcd_path,real,start16_step17,-15.594;60.292;110.809
bcd_path,real,start16_step18,-11.411;63.788;115.750
bcd_path,real,start16_step19,-6.951;67.306;120.659
bcd_path,real,start16_step20,-2.339;70.775;125.365
bcd_path,real,start16_step21,2.387;74.189;129.820
bcd_path,real,start16_step22,7.189;77.559;134.075
bcd_path,real,start16_step23,12.081;80.865;138.171
bcd_path,real,start16_step24,17.015;84.037;142.214
bcd_path,real,start16_step25,21.998;87.065;146.250
bcd_path,real,start16_step26,27.085;89.999;150.290
bcd_path,real,start16_step27,32.166;92.808;154.325
bcd_path,real,start16_step28,37.218;95.512;158.210
bcd_path,real,start16_step29,42.267;98.127;161.866
bcd_path,real,start16_step30,47.336;100.706;165.316
bcd_path,real,start16_step31,52.458;103.291;168.524
bcd_path,real,start16_step32,57.607;105.897;171.477
bcd_path,real,start16_step33,62.731;108.520;174.187
bcd_path,real,start16_step34,67.817;111.159;176.742
bcd_path,real,start16_step35,72.920;113.837;179.141
bcd_path,real,start16_step36,78.042;116.553;181.368
bcd_path,real,start16_step37,83.183;119.281;183.495
bcd_path,real,start16_step38,88.298;122.025;185.449
bcd_path,real,start16_step39,93.352;124.776;187.189
bcd_path,real,start16_step40,98.383;127.543;188.695
bcd_path,real,start16_step41,103.407;130.320;189.876
bcd_path,real,start16_step42,108.493;133.114;190.725
bcd_path,real,start16_step43,113.561;135.882;191.214
bcd_path,real,start16_step44,118.530;138.621;191.378
bcd_path,real,start16_step45,123.206;141.136;189.400
bcd_path,real,start16_step46,127.174;142.763;183.530
bcd_path,real,start16_step47,130.302;143.512;174.073
bcd_path,real,start16_step48,132.450;143.621;161.352
bcd_path,real,start16_step49,133.524;143.417;145.655
bcd_path,real,start16_step50,133.569;143.318;127.263
bcd_path,real,start16_step51,132.766;143.691;106.413
bcd_path,real,start16_step52,131.469;144.821;83.339
bcd_path,real,start16_step53,130.081;146.850;58.234
bcd_path,real,start16_step54,129.067;149.706;31.288
bcd_path,real,start16_step55,128.831;153.140;2.672
bcd_path,real,start16_step56,123.603;154.943;3.216
bcd_path,real,start16_step57,119.145;155.973;2.057
bcd_path,real,start16_step58,116.890;157.138;0.694
bcd_path,real,start16_step59,116.805;157.235;0.652
bcd_path,real,start16_step60,116.764;157.189;0.673
bcd_path,real,start16_step61,116.764;157.191;0.672
bcd_path,real,start16_step62,116.764;157.189;0.669
bcd_path,real,start16_step63,116.763;157.189;0.670
bcd_path,real,start16_step64,116.763;157.190;0.670
bcd_path,real,start16_step65,116.764;157.188;0.671
bcd_path,real,start16_step66,116.764;157.188;0.672
bcd_path,real,start16_step67,116.764;157.188;0.672
bcd_path,real,start16_step68,116.764;157.188;0.672
bcd_path,real,start16_step69,116.764;157.187;0.673
bcd_path,real,start16_step70,116.764;157.187;0.673
bcd_path,real,start16_step71,116.764;157.187;0.673
bcd_path,real,start16_step72,116.764;157.187;0.673
bcd_path,real,start16_step73,116.763;157.188;0.673
bcd_path,real,start16_step74,116.763;157.188;0.673
bcd_path,real,start16_step75,116.763;157.188;0.673
bcd_path,real,start16_step76,116.764;157.187;0.673
bcd_path,real,start16_step77,116.764;157.187;0.673
bcd_path,real,start16_step78,116.763;157.187;0.673
bcd_path,real,start16_step79,116.763;157.187;0.673
bcd_path,real,start16_step80,116.763;157.187;0.673
bcd_path,real,start16_step81,116.763;157.187;0.673
bcd_path,real,start16_step82,116.764;157.186;0.674
bcd_path,real,start16_step83,116.763;157.187;0.673
bcd_path,real,start16_step84,116.763;157.187;0.673
bcd_path,real,start16_step85,116.763;157.188;0.672
bcd_path,real,start16_step86,116.762;157.189;0.671
bcd_path,real,start16_step87,116.763;157.188;0.671
bcd_path,real,start16_step88,116.763;157.188;0.671
bcd_path,real,start16_step89,116.763;157.188;0.671
bcd_path,real,start16_step90,116.762;157.189;0.671
bcd_path,real,start16_step91,116.763;157.188;0.671
bcd_path,real,start16_step92,116.763;157.188;0.671
bcd_path,real,start16_step93,116.763;157.187;0.672
bcd_path,real,start16_step94,116.763;157.188;0.671
bcd_path,real,start16_step95,116.763;157.187;0.671
bcd_path,real,start16_step96,116.763;157.187;0.671
bcd_path,real,start16_step97,116.764;157.186;0.672
bcd_path,real,start16_step98,116.763;157.188;0.671
bcd_path,real,start16_step99,116.763;157.188;0.671
bcd_path,real,start16_step100,116.763;157.187;0.671
bcd_path,real,start16_step101,116.762;157.188;0.670
bcd_path,real,start16_step102,116.763;157.188;0.670
bcd_path,real,start16_step103,116.763;157.188;0.670
bcd_path,real,start16_step104,116.762;157.188;0.670
bcd_path,real,start16_step105,116.762;157.188;0.670
bcd_path,real,start16_step106,116.763;157.188;0.670
bcd_path,real,start16_step107,116.763;157.188;0.670
bcd_path,real,start16_step108,116.763;157.187;0.671
bcd_path,real,start16_step109,116.763;157.186;0.671
bcd_path,real,start16_step110,116.763;157.187;0.670
bcd_path,real,start16_step111,116.763;157.187;0.670
bcd_path,real,start16_step112,116.763;157.188;0.670
bcd_path,real,start16_step113,116.763;157.186;0.671
bcd_path,real,start16_step114,116.763;157.186;0.671
bcd_path,real,start16_step115,116.763;157.186;0.671
bcd_path,real,start16_step116,116.763;157.187;0.670
bcd_path,real,start16_step117,116.763;157.187;0.670
bcd_path,real,start16_step118,116.764;157.186;0.671
bcd_path,real,start16_step119,116.764;157.186;0.670
bcd_path,real,start16_step120,116.763;157.188;0.669
bcd_path,real,start16_step121,116.763;157.187;0.669
bcd_path,real,start16_step122,116.763;157.187;0.669
bcd_path,real,start16_step123,116.763;157.187;0.669
bcd_path,real,start16_step124,116.763;157.188;0.669
bcd_path,real,start16_step125,116.763;157.186;0.670
bcd_path,real,start16_step126,116.763;157.186;0.670
bcd_path,real,start16_step127,116.763;157.186;0.670
bcd_path,real,start16_step128,116.763;157.187;0.669
bcd_path,real,start16_step129,116.764;157.186;0.670
bcd_path,real,start16_step130,116.763;157.186;0.670
bcd_path,real,start16_step131,116.764;157.186;0.670
bcd_path,real,start16_step132,116.763;157.187;0.669
bcd_path,real,start16_step133,116.763;157.186;0.669
bcd_path,real,start16_step134,116.763;157.187;0.669
bcd_path,real,start16_step135,116.763;157.187;0.669
bcd_path,real,start16_step136,116.763;157.187;0.668
bcd_path,real,start16_step137,116.762;157.188;0.668
bcd_path,real,start16_step138,116.763;157.187;0.668
bcd_path,real,start16_step139,116.763;157.187;0.668
bcd_path,real,start16_step140,116.763;157.186;0.669
bcd_path,real,start16_step141,116.763;157.186;0.669
bcd_path,real,start16_step142,116.763;157.186;0.669
bcd_path,real,start16_step143,116.763;157.186;0.669
bcd_path,real,start16_step144,116.763;157.186;0.669
bcd_path,real,start16_step145,116.763;157.186;0.669
bcd_path,real,start16_step146,116.762;157.187;0.668
bcd_path,real,start16_step147,116.763;157.186;0.668
bcd_path,real,start16_step148,116.763;157.186;0.668
bcd_path,real,start16_step149,116.763;157.187;0.668
bcd_path,real,start16_step150,116.763;157.186;0.668
bcd_path,real,start16_step151,116.762;157.187;0.668
bcd_path,real,start16_step152,116.763;157.186;0.668
bcd_path,real,start16_step153,116.762;157.187;0.667
bcd_path,real,start16_step154,116.763;157.187;0.668
bcd_path,real,start16_step155,116.763;157.186;0.668
bcd_path,real,start16_step156,116.762;157.187;0.667
bcd_path,real,start16_step157,116.762;157.187;0.667
bcd_path,real,start16_step158,116.763;157.186;0.668
bcd_path,real,start16_step159,116.763;157.185;0.668
bcd_path,real,start16_step160,116.763;157.186;0.668
bcd_path,real,start16_step161,116.763;157.186;0.668
bcd_path,real,start16_step162,116.763;157.186;0.668
bcd_path,real,start16_step163,116.763;157.186;0.667
bcd_path,real,start16_step164,116.763;157.186;0.667
bcd_path,real,start16_step165,116.763;157.186;0.667
bcd_path,real,start16_step166,116.763;157.186;0.667
bcd_path,real,start16_step167,116.763;157.185;0.667
bcd_path,real,start16_step168,116.763;157.186;0.667
bcd_path,real,start16_step169,116.763;157.186;0.667
bcd_path,real,start16_step170,116.763;157.186;0.667
bcd_path,real,start16_step171,116.763;157.185;0.668
bcd_path,real,start16_step172,116.764;157.184;0.668
bcd_path,real,start16_step173,116.763;157.185;0.667
bcd_path,real,start16_step174,116.763;157.185;0.667
bcd_path,real,start16_step175,116.763;157.185;0.667
bcd_path,real,start16_step176,116.763;157.185;0.667
bcd_path,real,start16_step177,116.763;157.185;0.667
bcd_path,real,start16_step178,116.763;157.185;0.667
bcd_path,real,start16_step179,116.763;157.185;0.667
bcd_path,real,start16_step180,116.763;157.185;0.667
bcd_path,real,start16_step181,116.763;157.185;0.667
bcd_path,real,start16_step182,116.763;157.184;0.668
bcd_path,real,start16_step183,116.764;157.184;0.668
bcd_path,real,start16_step184,116.764;157.184;0.668
bcd_path,real,start16_step185,116.763;157.185;0.667
bcd_path,real,start16_step186,116.763;157.185;0.667
bcd_path,real,start16_step187,116.763;157.185;0.667
bcd_path,real,start16_step188,116.763;157.186;0.666
bcd_path,real,start16_step189,116.763;157.185;0.667
bcd_path,real,start16_step190,116.763;157.185;0.667
bcd_path,real,start16_step191,116.763;157.185;0.666
bcd_path,real,start16_step192,116.762;157.186;0.666
bcd_path,real,start16_step193,116.762;157.186;0.666
bcd_path,real,start16_step194,116.763;157.185;0.666
bcd_path,real,start16_step195,116.763;157.185;0.666
bcd_path,real,start16_step196,116.762;157.186;0.665
bcd_path,real,start16_step197,116.763;157.186;0.666
bcd_path,real,start16_step198,116.763;157.186;0.666
bcd_path,real,start16_step199,116.762;157.186;0.665
bcd_path,real,start16_step200,116.762;157.186;0.665
bcd_path,real,start16_step201,116.763;157.185;0.666
bcd_path,real,start16_step202,116.762;157.186;0.665
bcd_path,real,start16_step203,116.763;157.186;0.665
bcd_path,real,start16_step204,116.763;157.185;0.666
bcd_path,real,start16_step205,116.763;157.185;0.665
bcd_path,real,start16_step206,116.763;157.184;0.666
bcd_path,real,start16_step207,116.762;157.185;0.666
bcd_path,real,start16_step208,116.763;157.184;0.666
bcd_path,real,start16_step209,116.763;157.185;0.666
bcd_path,real,start16_step210,116.762;157.185;0.666
bcd_path,real,start16_step211,116.763;157.185;0.666
bcd_path,real,start16_step212,116.763;157.185;0.666
bcd_path,real,start16_step213,116.762;157.185;0.665
bcd_path,real,start16_step214,116.762;157.185;0.666
bcd_path,real,start16_step215,116.762;157.185;0.666
bcd_path,real,start16_step216,116.763;157.184;0.666
bcd_path,real,start16_step217,116.763;157.185;0.666
bcd_path,real,start16_step218,116.763;157.184;0.666
bcd_path,real,start16_step219,116.762;157.185;0.666
bcd_path,real,start16_step220,116.762;157.185;0.666
bcd_path,real,start16_step221,116.762;157.185;0.665
bcd_path,real,start16_step222,116.762;157.185;0.665
bcd_path,real,start16_step223,116.762;157.185;0.665
bcd_path,real,start16_step224,116.762;157.185;0.665
bcd_path,real,start16_step225,116.761;157.186;0.664
bcd_path,real,start16_step226,116.762;157.186;0.664
bcd_path,real,start16_step227,116.762;157.185;0.665
bcd_path,real,start16_step228,116.762;157.186;0.664
bcd_path,real,start16_step229,116.762;157.186;0.664
bcd_path,real,start16_step230,116.762;157.185;0.664
bcd_path,real,start16_step231,116.762;157.186;0.664
bcd_path,real,start16_step232,116.762;157.186;0.664
bcd_path,real,start16_step233,116.762;157.185;0.665
bcd_path,real,start16_step234,116.762;157.185;0.665
bcd_path,real,start16_step235,116.762;157.184;0.665
bcd_path,real,start16_step236,116.762;157.185;0.665
bcd_path,real,start16_step237,116.762;157.185;0.665
bcd_path,real,start16_step238,116.762;157.185;0.665
bcd_path,real,start16_step239,116.762;157.185;0.665
bcd_path,real,start16_step240,116.763;157.184;0.665
bcd_path,real,start16_step241,116.763;157.184;0.666
bcd_path,real,start16_step242,116.763;157.184;0.666
bcd_path,real,start16_step243,116.762;157.184;0.665
bcd_path,real,start16_step244,116.762;157.184;0.665
bcd_path,real,start16_step245,116.762;157.185;0.665
bcd_path,real,start16_step246,116.762;157.185;0.665
bcd_path,real,start16_step247,116.762;157.185;0.665
bcd_path,real,start16_step248,116.762;157.185;0.664
bcd_path,real,start16_step249,116.762;157.185;0.664
bcd_path,real,start16_step250,116.762;157.185;0.664
bcd_path,real,start16_step251,116.762;157.185;0.664
bcd_path,real,start16_step252,116.762;157.185;0.664
bcd_path,real,start16_step253,116.762;157.185;0.664
bcd_path,real,start16_step254,116.762;157.185;0.664
bcd_path,real,start16_step255,116.762;157.185;0.664
bcd_path,real,start16_step256,116.762;157.184;0.665
bcd_path,real,start16_step257,116.762;157.185;0.664
bcd_path,real,start16_step258,116.762;157.185;0.664
bcd_path,real,start16_step259,116.761;157.186;0.663
bcd_path,real,start16_step260,116.762;157.185;0.664
bcd_path,real,start16_step261,116.762;157.185;0.664
bcd_path,real,start16_step262,116.762;157.185;0.664
bcd_path,real,start16_step263,116.762;157.184;0.665
bcd_path,real,start16_step264,116.762;157.184;0.664
bcd_path,real,start16_step265,116.762;157.184;0.664
bcd_path,real,start16_step266,116.762;157.185;0.664
bcd_path,real,start16_step267,116.762;157.185;0.664
bcd_path,real,start16_step268,116.762;157.184;0.665
bcd_path,real,start16_step269,116.763;157.183;0.665
bcd_path,real,start16_step270,116.762;157.184;0.664
bcd_path,real,start16_step271,116.762;157.185;0.664
bcd_path,real,start16_step272,116.762;157.185;0.664
bcd_path,real,start16_step273,116.762;157.185;0.664
bcd_path,real,start16_step274,116.762;157.185;0.664
bcd_path,real,start16_step275,116.762;157.184;0.664
bcd_path,real,start16_step276,116.763;157.184;0.664
bcd_path,real,start16_step277,116.763;157.184;0.664
bcd_path,real,start16_step278,116.762;157.184;0.664
bcd_path,real,start16_step279,116.762;157.184;0.664
bcd_path,real,start16_step280,116.762;157.186;0.663
bcd_path,real,start16_step281,116.762;157.185;0.663
bcd_path,real,start16_step282,116.762;157.184;0.663
bcd_path,real,start16_step283,116.762;157.185;0.663
bcd_path,real,start16_step284,116.762;157.185;0.663
bcd_path,real,start16_step285,116.762;157.185;0.663
bcd_path,real,start16_step286,116.762;157.185;0.662
bcd_path,real,start16_step287,116.762;157.185;0.662
bcd_path,real,start16_step288,116.762;157.185;0.663
bcd_path,real,start16_step289,116.762;157.185;0.662
bcd_path,real,start16_step290,116.762;157.186;0.662
bcd_path,real,start16_step291,116.762;157.185;0.662
bcd_path,real,start16_step292,116.762;157.185;0.662
bcd_path,real,start16_step293,116.762;157.184;0.663
bcd_path,real,start16_step294,116.762;157.185;0.662
bcd_path,real,start16_step295,116.762;157.185;0.662
bcd_path,real,start16_step296,116.763;157.184;0.663
bcd_path,real,start16_step297,116.763;157.184;0.663
bcd_path,real,start16_step298,116.763;157.184;0.663
bcd_path,real,start16_step299,116.763;157.183;0.663
bcd_path,teacher,start13_step0,-8.251;-23.275;22.341
bcd_path,teacher,start13_step1,-8.158;-23.306;25.907
bcd_path,teacher,start13_step2,-8.030;-23.388;30.245
bcd_path,teacher,start13_step3,-7.877;-23.514;35.542
bcd_path,teacher,start13_step4,-7.663;-23.716;41.716
bcd_path,teacher,start13_step5,-7.271;-24.138;48.392
bcd_path,teacher,start13_step6,-6.602;-24.919;55.251
bcd_path,teacher,start13_step7,-5.686;-26.063;62.136
bcd_path,teacher,start13_step8,-4.627;-27.471;69.031
bcd_path,teacher,start13_step9,-3.262;-28.876;75.727
bcd_path,teacher,start13_step10,-0.933;-29.801;81.991
bcd_path,teacher,start13_step11,2.320;-30.236;87.875
bcd_path,teacher,start13_step12,6.335;-30.251;93.451
bcd_path,teacher,start13_step13,10.974;-29.903;98.777
bcd_path,teacher,start13_step14,16.125;-29.240;103.906
bcd_path,teacher,start13_step15,21.697;-28.305;108.880
bcd_path,teacher,start13_step16,27.616;-27.134;113.736
bcd_path,teacher,start13_step17,33.822;-25.756;118.503
bcd_path,teacher,start13_step18,40.264;-24.201;123.209
bcd_path,teacher,start13_step19,46.903;-22.493;127.876
bcd_path,teacher,start13_step20,53.705;-20.656;132.519
bcd_path,teacher,start13_step21,60.641;-18.703;137.144
bcd_path,teacher,start13_step22,67.680;-16.636;141.749
bcd_path,teacher,start13_step23,74.798;-14.451;146.329
bcd_path,teacher,start13_step24,81.971;-12.148;150.882
bcd_path,teacher,start13_step25,89.183;-9.725;155.406
bcd_path,teacher,start13_step26,96.420;-7.186;159.901
bcd_path,teacher,start13_step27,103.671;-4.536;164.369
bcd_path,teacher,start13_step28,110.928;-1.780;168.813
bcd_path,teacher,start13_step29,118.189;1.070;173.256
bcd_path,teacher,start13_step30,125.463;3.994;177.762
bcd_path,teacher,start13_step31,132.764;6.978;182.453
bcd_path,teacher,start13_step32,140.101;10.039;187.496
bcd_path,teacher,start13_step33,147.454;13.261;193.034
bcd_path,teacher,start13_step34,154.780;16.751;199.159
bcd_path,teacher,start13_step35,161.992;20.650;205.768
bcd_path,teacher,start13_step36,169.003;24.846;211.851
bcd_path,teacher,start13_step37,175.965;28.809;216.466
bcd_path,teacher,start13_step38,182.907;32.448;219.490
bcd_path,teacher,start13_step39,189.819;35.787;220.988
bcd_path,teacher,start13_step40,196.697;38.846;221.075
bcd_path,teacher,start13_step41,203.547;41.663;220.043
bcd_path,teacher,start13_step42,210.395;44.305;218.424
bcd_path,teacher,start13_step43,217.255;46.847;216.604
bcd_path,teacher,start13_step44,224.121;49.340;214.687
bcd_path,teacher,start13_step45,230.989;51.801;212.699
bcd_path,teacher,start13_step46,237.857;54.238;210.644
bcd_path,teacher,start13_step47,244.724;56.657;208.519
bcd_path,teacher,start13_step48,251.601;59.061;206.446
bcd_path,teacher,start13_step49,258.509;61.459;204.637
bcd_path,teacher,start13_step50,265.468;63.842;203.238
bcd_path,teacher,start13_step51,272.516;66.117;202.333
bcd_path,teacher,start13_step52,279.728;68.146;202.208
bcd_path,teacher,start13_step53,287.057;69.948;202.544
bcd_path,teacher,start13_step54,294.400;71.673;202.824
bcd_path,teacher,start13_step55,301.677;73.621;203.025
bcd_path,teacher,start13_step56,308.931;75.616;203.121
bcd_path,teacher,start13_step57,316.249;77.301;203.085
bcd_path,teacher,start13_step58,323.680;78.407;202.928
bcd_path,teacher,start13_step59,331.063;79.040;201.431
bcd_path,teacher,start13_step60,338.310;79.456;198.343
bcd_path,teacher,start13_step61,345.500;79.721;194.747
bcd_path,teacher,start13_step62,352.757;79.876;192.168
bcd_path,teacher,start13_step63,359.880;79.839;191.003
bcd_path,teacher,start13_step64,366.354;79.772;190.271
bcd_path,teacher,start13_step65,372.145;79.784;189.698
bcd_path,teacher,start13_step66,377.430;79.856;189.190
bcd_path,teacher,start13_step67,382.332;79.924;188.711
bcd_path,teacher,start13_step68,386.879;79.956;188.254
bcd_path,teacher,start13_step69,391.073;79.960;187.816
bcd_path,teacher,start13_step70,394.928;79.960;187.396
bcd_path,teacher,start13_step71,398.474;79.965;186.993
bcd_path,teacher,start13_step72,401.742;79.975;186.608
bcd_path,teacher,start13_step73,404.754;79.986;186.238
bcd_path,teacher,start13_step74,407.530;79.995;185.883
bcd_path,teacher,start13_step75,410.086;80.004;185.543
bcd_path,teacher,start13_step76,412.442;80.014;185.216
bcd_path,teacher,start13_step77,414.611;80.025;184.903
bcd_path,teacher,start13_step78,416.610;80.037;184.602
bcd_path,teacher,start13_step79,418.452;80.048;184.314
bcd_path,teacher,start13_step80,420.149;80.057;184.038
bcd_path,teacher,start13_step81,421.712;80.064;183.773
bcd_path,teacher,start13_step82,423.152;80.069;183.518
bcd_path,teacher,start13_step83,424.478;80.073;183.274
bcd_path,teacher,start13_step84,425.700;80.076;183.040
bcd_path,teacher,start13_step85,426.826;80.079;182.815
bcd_path,teacher,start13_step86,427.863;80.081;182.600
bcd_path,teacher,start13_step87,428.819;80.084;182.393
bcd_path,teacher,start13_step88,429.699;80.088;182.195
bcd_path,teacher,start13_step89,430.510;80.091;182.004
bcd_path,teacher,start13_step90,431.257;80.094;181.822
bcd_path,teacher,start13_step91,431.945;80.096;181.647
bcd_path,teacher,start13_step92,432.580;80.099;181.478
bcd_path,teacher,start13_step93,433.164;80.101;181.317
bcd_path,teacher,start13_step94,433.702;80.103;181.163
bcd_path,teacher,start13_step95,434.198;80.105;181.014
bcd_path,teacher,start13_step96,434.654;80.107;180.872
bcd_path,teacher,start13_step97,435.075;80.108;180.735
bcd_path,teacher,start13_step98,435.463;80.109;180.604
bcd_path,teacher,start13_step99,435.820;80.109;180.478
bcd_path,teacher,start13_step100,436.149;80.109;180.357
bcd_path,teacher,start13_step101,436.452;80.109;180.064
bcd_path,teacher,start13_step102,436.731;80.110;179.559
bcd_path,teacher,start13_step103,436.988;80.110;178.994
bcd_path,teacher,start13_step104,437.225;80.111;178.414
bcd_path,teacher,start13_step105,437.443;80.112;177.828
bcd_path,teacher,start13_step106,437.644;80.113;177.242
bcd_path,teacher,start13_step107,437.829;80.113;176.655
bcd_path,teacher,start13_step108,438.000;80.114;176.069
bcd_path,teacher,start13_step109,438.157;80.115;175.482
bcd_path,teacher,start13_step110,438.302;80.116;174.895
bcd_path,teacher,start13_step111,438.435;80.116;174.308
bcd_path,teacher,start13_step112,438.558;80.117;173.721
bcd_path,teacher,start13_step113,438.671;80.117;173.134
bcd_path,teacher,start13_step114,438.776;80.117;172.547
bcd_path,teacher,start13_step115,438.872;80.116;171.961
bcd_path,teacher,start13_step116,438.960;80.114;171.374
bcd_path,teacher,start13_step117,439.042;80.113;170.787
bcd_path,teacher,start13_step118,439.197;80.118;170.699
bcd_path,teacher,start13_step119,439.366;80.124;170.618
bcd_path,teacher,start13_step120,439.409;80.126;170.636
bcd_path,teacher,start13_step121,439.425;80.122;170.546
bcd_path,teacher,start13_step122,439.442;80.123;170.551
bcd_path,teacher,start13_step123,439.469;80.124;170.550
bcd_path,teacher,start13_step124,439.494;80.125;170.540
bcd_path,teacher,start13_step125,439.532;80.127;170.536
bcd_path,teacher,start13_step126,439.571;80.128;170.528
bcd_path,teacher,start13_step127,439.610;80.130;170.520
bcd_path,teacher,start13_step128,439.646;80.131;170.511
bcd_path,teacher,start13_step129,439.678;80.132;170.502
bcd_path,teacher,start13_step130,439.702;80.133;170.493
bcd_path,teacher,start13_step131,439.718;80.134;170.487
bcd_path,teacher,start13_step132,439.723;80.134;170.483
bcd_path,teacher,start13_step133,439.722;80.134;170.481
bcd_path,teacher,start13_step134,439.722;80.134;170.478
bcd_path,teacher,start13_step135,439.721;80.134;170.476
bcd_path,teacher,start13_step136,439.721;80.134;170.473
bcd_path,teacher,start13_step137,439.720;80.134;170.470
bcd_path,teacher,start13_step138,439.715;80.134;170.466
bcd_path,teacher,start13_step139,439.712;80.134;170.464
bcd_path,teacher,start13_step140,439.709;80.134;170.461
bcd_path,teacher,start13_step141,439.708;80.134;170.458
bcd_path,teacher,start13_step142,439.707;80.134;170.456
bcd_path,teacher,start13_step143,439.706;80.134;170.454
bcd_path,teacher,start13_step144,439.707;80.134;170.452
bcd_path,teacher,start13_step145,439.707;80.134;170.451
bcd_path,teacher,start13_step146,439.708;80.134;170.449
bcd_path,teacher,start13_step147,439.709;80.134;170.448
bcd_path,teacher,start13_step148,439.710;80.134;170.447
bcd_path,teacher,start13_step149,439.711;80.134;170.446
bcd_path,teacher,start13_step150,439.712;80.134;170.444
bcd_path,teacher,start13_step151,439.712;80.134;170.443
bcd_path,teacher,start13_step152,439.712;80.134;170.441
bcd_path,teacher,start13_step153,439.712;80.134;170.440
bcd_path,teacher,start13_step154,439.713;80.134;170.439
bcd_path,teacher,start13_step155,439.713;80.134;170.437
bcd_path,teacher,start13_step156,439.713;80.134;170.436
bcd_path,teacher,start13_step157,439.713;80.134;170.435
bcd_path,teacher,start13_step158,439.713;80.134;170.433
bcd_path,teacher,start13_step159,439.713;80.134;170.432
bcd_path,teacher,start13_step160,439.713;80.134;170.431
bcd_path,teacher,start13_step161,439.713;80.134;170.429
bcd_path,teacher,start13_step162,439.713;80.134;170.428
bcd_path,teacher,start13_step163,439.713;80.134;170.427
bcd_path,teacher,start13_step164,439.713;80.134;170.425
bcd_path,teacher,start13_step165,439.713;80.134;170.424
bcd_path,teacher,start13_step166,439.713;80.134;170.423
bcd_path,teacher,start13_step167,439.712;80.134;170.421
bcd_path,teacher,start13_step168,439.712;80.134;170.420
bcd_path,teacher,start13_step169,439.711;80.134;170.419
bcd_path,teacher,start13_step170,439.710;80.134;170.417
bcd_path,teacher,start13_step171,439.709;80.134;170.416
bcd_path,teacher,start13_step172,439.709;80.134;170.415
bcd_path,teacher,start13_step173,439.709;80.134;170.413
bcd_path,teacher,start13_step174,439.709;80.134;170.412
bcd_path,teacher,start13_step175,439.709;80.134;170.411
bcd_path,teacher,start13_step176,439.709;80.134;170.410
bcd_path,teacher,start13_step177,439.709;80.134;170.408
bcd_path,teacher,start13_step178,439.709;80.134;170.407
bcd_path,teacher,start13_step179,439.709;80.134;170.406
bcd_path,teacher,start13_step180,439.709;80.134;170.404
bcd_path,teacher,start13_step181,439.709;80.134;170.403
bcd_path,teacher,start13_step182,439.709;80.134;170.402
bcd_path,teacher,start13_step183,439.709;80.134;170.400
bcd_path,teacher,start13_step184,439.709;80.134;170.399
bcd_path,teacher,start13_step185,439.709;80.134;170.398
bcd_path,teacher,start13_step186,439.709;80.134;170.396
bcd_path,teacher,start13_step187,439.709;80.134;170.395
bcd_path,teacher,start13_step188,439.709;80.134;170.394
bcd_path,teacher,start13_step189,439.709;80.134;170.393
bcd_path,teacher,start13_step190,439.709;80.134;170.391
bcd_path,teacher,start13_step191,439.709;80.134;170.390
bcd_path,teacher,start13_step192,439.709;80.134;170.389
bcd_path,teacher,start13_step193,439.709;80.134;170.388
bcd_path,teacher,start13_step194,439.709;80.134;170.386
bcd_path,teacher,start13_step195,439.709;80.134;170.385
bcd_path,teacher,start13_step196,439.709;80.134;170.384
bcd_path,teacher,start13_step197,439.709;80.134;170.382
bcd_path,teacher,start13_step198,439.709;80.134;170.381
bcd_path,teacher,start13_step199,439.709;80.134;170.380
bcd_path,teacher,start13_step200,439.709;80.134;170.379
bcd_path,teacher,start13_step201,439.709;80.134;170.378
bcd_path,teacher,start13_step202,439.709;80.134;170.378
bcd_path,teacher,start13_step203,439.709;80.134;170.377
bcd_path,teacher,start13_step204,439.709;80.134;170.376
bcd_path,teacher,start13_step205,439.709;80.134;170.375
bcd_path,teacher,start13_step206,439.709;80.134;170.374
bcd_path,teacher,start13_step207,439.709;80.134;170.373
bcd_path,teacher,start13_step208,439.709;80.134;170.372
bcd_path,teacher,start13_step209,439.709;80.134;170.371
bcd_path,teacher,start13_step210,439.709;80.134;170.370
bcd_path,teacher,start13_step211,439.709;80.134;170.369
bcd_path,teacher,start13_step212,439.709;80.134;170.368
bcd_path,teacher,start13_step213,439.709;80.134;170.367
bcd_path,teacher,start13_step214,439.709;80.134;170.366
bcd_path,teacher,start13_step215,439.709;80.134;170.365
bcd_path,teacher,start13_step216,439.708;80.134;170.364
bcd_path,teacher,start13_step217,439.708;80.134;170.363
bcd_path,teacher,start13_step218,439.708;80.134;170.362
bcd_path,teacher,start13_step219,439.708;80.134;170.361
bcd_path,teacher,start13_step220,439.707;80.134;170.360
bcd_path,teacher,start13_step221,439.707;80.134;170.359
bcd_path,teacher,start13_step222,439.706;80.134;170.359
bcd_path,teacher,start13_step223,439.705;80.134;170.358
bcd_path,teacher,start13_step224,439.705;80.134;170.357
bcd_path,teacher,start13_step225,439.704;80.134;170.357
bcd_path,teacher,start13_step226,439.704;80.134;170.356
bcd_path,teacher,start13_step227,439.704;80.134;170.355
bcd_path,teacher,start13_step228,439.704;80.135;170.354
bcd_path,teacher,start13_step229,439.704;80.135;170.353
bcd_path,teacher,start13_step230,439.704;80.135;170.352
bcd_path,teacher,start13_step231,439.704;80.135;170.352
bcd_path,teacher,start13_step232,439.704;80.135;170.351
bcd_path,teacher,start13_step233,439.704;80.134;170.350
bcd_path,teacher,start13_step234,439.704;80.134;170.349
bcd_path,teacher,start13_step235,439.704;80.134;170.348
bcd_path,teacher,start13_step236,439.704;80.134;170.347
bcd_path,teacher,start13_step237,439.704;80.134;170.346
bcd_path,teacher,start13_step238,439.704;80.134;170.345
bcd_path,teacher,start13_step239,439.704;80.134;170.344
bcd_path,teacher,start13_step240,439.704;80.134;170.343
bcd_path,teacher,start13_step241,439.703;80.134;170.342
bcd_path,teacher,start13_step242,439.703;80.134;170.341
bcd_path,teacher,start13_step243,439.703;80.134;170.340
bcd_path,teacher,start13_step244,439.703;80.134;170.339
bcd_path,teacher,start13_step245,439.703;80.134;170.338
bcd_path,teacher,start13_step246,439.703;80.134;170.337
bcd_path,teacher,start13_step247,439.703;80.134;170.336
bcd_path,teacher,start13_step248,439.703;80.134;170.335
bcd_path,teacher,start13_step249,439.703;80.134;170.334
bcd_path,teacher,start13_step250,439.703;80.134;170.333
bcd_path,teacher,start13_step251,439.703;80.134;170.332
bcd_path,teacher,start13_step252,439.703;80.134;170.331
bcd_path,teacher,start13_step253,439.703;80.134;170.330
bcd_path,teacher,start13_step254,439.703;80.134;170.329
bcd_path,teacher,start13_step255,439.703;80.134;170.329
bcd_path,teacher,start13_step256,439.703;80.134;170.328
bcd_path,teacher,start13_step257,439.703;80.134;170.327
bcd_path,teacher,start13_step258,439.702;80.134;170.326
bcd_path,teacher,start13_step259,439.702;80.134;170.325
bcd_path,teacher,start13_step260,439.702;80.134;170.324
bcd_path,teacher,start13_step261,439.702;80.134;170.323
bcd_path,teacher,start13_step262,439.702;80.134;170.322
bcd_path,teacher,start13_step263,439.702;80.134;170.321
bcd_path,teacher,start13_step264,439.702;80.134;170.320
bcd_path,teacher,start13_step265,439.702;80.134;170.319
bcd_path,teacher,start13_step266,439.702;80.134;170.318
bcd_path,teacher,start13_step267,439.702;80.134;170.317
bcd_path,teacher,start13_step268,439.702;80.134;170.316
bcd_path,teacher,start13_step269,439.702;80.134;170.315
bcd_path,teacher,start13_step270,439.702;80.134;170.314
bcd_path,teacher,start13_step271,439.702;80.134;170.313
bcd_path,teacher,start13_step272,439.702;80.134;170.312
bcd_path,teacher,start13_step273,439.701;80.134;170.311
bcd_path,teacher,start13_step274,439.701;80.134;170.310
bcd_path,teacher,start13_step275,439.701;80.134;170.309
bcd_path,teacher,start13_step276,439.701;80.134;170.308
bcd_path,teacher,start13_step277,439.701;80.134;170.307
bcd_path,teacher,start13_step278,439.701;80.134;170.306
bcd_path,teacher,start13_step279,439.701;80.134;170.305
bcd_path,teacher,start13_step280,439.701;80.134;170.304
bcd_path,teacher,start13_step281,439.701;80.134;170.303
bcd_path,teacher,start13_step282,439.701;80.134;170.303
bcd_path,teacher,start13_step283,439.701;80.134;170.302
bcd_path,teacher,start13_step284,439.701;80.134;170.301
bcd_path,teacher,start13_step285,439.701;80.134;170.300
bcd_path,teacher,start13_step286,439.701;80.133;170.299
bcd_path,teacher,start13_step287,439.701;80.133;170.298
bcd_path,teacher,start13_step288,439.700;80.133;170.298
bcd_path,teacher,start13_step289,439.700;80.133;170.297
bcd_path,teacher,start13_step290,439.700;80.133;170.296
bcd_path,teacher,start13_step291,439.700;80.133;170.295
bcd_path,teacher,start13_step292,439.700;80.133;170.295
bcd_path,teacher,start13_step293,439.700;80.133;170.294
bcd_path,teacher,start13_step294,439.700;80.133;170.293
bcd_path,teacher,start13_step295,439.700;80.133;170.292
bcd_path,teacher,start13_step296,439.700;80.133;170.291
bcd_path,teacher,start13_step297,439.700;80.133;170.290
bcd_path,teacher,start13_step298,439.700;80.133;170.289
bcd_path,teacher,start13_step299,439.700;80.133;170.288
bcd_path,teacher,start14_step0,-29.889;-35.907;22.331
bcd_path,teacher,start14_step1,-29.868;-35.634;25.765
bcd_path,teacher,start14_step2,-29.893;-35.185;29.620
bcd_path,teacher,start14_step3,-29.959;-34.619;33.892
bcd_path,teacher,start14_step4,-30.053;-33.980;38.602
bcd_path,teacher,start14_step5,-30.164;-33.315;43.681
bcd_path,teacher,start14_step6,-30.283;-32.670;49.067
bcd_path,teacher,start14_step7,-30.396;-32.082;54.711
bcd_path,teacher,start14_step8,-30.499;-31.563;60.570
bcd_path,teacher,start14_step9,-30.307;-31.017;66.389
bcd_path,teacher,start14_step10,-29.044;-30.197;71.899
bcd_path,teacher,start14_step11,-26.738;-29.098;77.127
bcd_path,teacher,start14_step12,-23.560;-27.760;82.124
bcd_path,teacher,start14_step13,-19.653;-26.226;86.935
bcd_path,teacher,start14_step14,-15.139;-24.530;91.597
bcd_path,teacher,start14_step15,-10.117;-22.701;96.142
bcd_path,teacher,start14_step16,-4.672;-20.765;100.598
bcd_path,teacher,start14_step17,1.129;-18.740;104.989
bcd_path,teacher,start14_step18,7.226;-16.643;109.336
bcd_path,teacher,start14_step19,13.571;-14.486;113.657
bcd_path,teacher,start14_step20,20.124;-12.279;117.966
bcd_path,teacher,start14_step21,26.852;-10.031;122.278
bcd_path,teacher,start14_step22,33.726;-7.747;126.605
bcd_path,teacher,start14_step23,40.724;-5.435;130.957
bcd_path,teacher,start14_step24,47.826;-3.098;135.345
bcd_path,teacher,start14_step25,55.016;-0.741;139.775
bcd_path,teacher,start14_step26,62.281;1.635;144.258
bcd_path,teacher,start14_step27,69.610;4.026;148.799
bcd_path,teacher,start14_step28,76.995;6.431;153.407
bcd_path,teacher,start14_step29,84.427;8.848;158.087
bcd_path,teacher,start14_step30,91.899;11.278;162.844
bcd_path,teacher,start14_step31,99.405;13.723;167.675
bcd_path,teacher,start14_step32,106.935;16.195;172.573
bcd_path,teacher,start14_step33,114.479;18.708;177.527
bcd_path,teacher,start14_step34,122.026;21.278;182.524
bcd_path,teacher,start14_step35,129.566;23.919;187.553
bcd_path,teacher,start14_step36,137.094;26.641;192.614
bcd_path,teacher,start14_step37,144.609;29.452;197.747
bcd_path,teacher,start14_step38,152.104;32.351;202.922
bcd_path,teacher,start14_step39,159.560;35.332;207.978
bcd_path,teacher,start14_step40,166.918;38.353;212.282
bcd_path,teacher,start14_step41,174.149;41.306;215.202
bcd_path,teacher,start14_step42,181.270;44.119;216.621
bcd_path,teacher,start14_step43,188.301;46.764;216.611
bcd_path,teacher,start14_step44,195.272;49.251;215.520
bcd_path,teacher,start14_step45,202.222;51.624;213.899
bcd_path,teacher,start14_step46,209.169;53.938;212.083
bcd_path,teacher,start14_step47,216.111;56.227;210.176
bcd_path,teacher,start14_step48,223.055;58.516;208.293
bcd_path,teacher,start14_step49,230.013;60.821;206.598
bcd_path,teacher,start14_step50,236.995;63.151;205.209
bcd_path,teacher,start14_step51,244.013;65.507;204.218
bcd_path,teacher,start14_step52,251.080;67.857;203.666
bcd_path,teacher,start14_step53,258.212;70.131;203.474
bcd_path,teacher,start14_step54,265.392;72.348;203.564
bcd_path,teacher,start14_step55,272.616;74.516;203.915
bcd_path,teacher,start14_step56,279.967;76.447;204.783
bcd_path,teacher,start14_step57,287.431;77.962;205.679
bcd_path,teacher,start14_step58,294.915;79.007;205.861
bcd_path,teacher,start14_step59,302.384;79.618;205.348
bcd_path,teacher,start14_step60,309.839;79.885;204.491
bcd_path,teacher,start14_step61,317.299;79.969;203.690
bcd_path,teacher,start14_step62,324.775;80.010;203.099
bcd_path,teacher,start14_step63,332.152;80.077;201.476
bcd_path,teacher,start14_step64,339.385;80.168;198.389
bcd_path,teacher,start14_step65,346.558;80.246;194.775
bcd_path,teacher,start14_step66,353.782;80.249;192.175
bcd_path,teacher,start14_step67,360.824;80.190;191.006
bcd_path,teacher,start14_step68,367.209;80.159;190.274
bcd_path,teacher,start14_step69,372.925;80.184;189.702
bcd_path,teacher,start14_step70,378.150;80.231;189.193
bcd_path,teacher,start14_step71,382.997;80.258;188.715
bcd_path,teacher,start14_step72,387.493;80.256;188.257
bcd_path,teacher,start14_step73,391.638;80.240;187.819
bcd_path,teacher,start14_step74,395.448;80.224;187.399
bcd_path,teacher,start14_step75,398.953;80.212;186.997
bcd_path,teacher,start14_step76,402.183;80.202;186.611
bcd_path,teacher,start14_step77,405.160;80.194;186.241
bcd_path,teacher,start14_step78,407.904;80.185;185.886
bcd_path,teacher,start14_step79,410.431;80.178;185.545
bcd_path,teacher,start14_step80,412.759;80.173;185.219
bcd_path,teacher,start14_step81,414.903;80.169;184.905
bcd_path,teacher,start14_step82,416.879;80.167;184.605
bcd_path,teacher,start14_step83,418.699;80.165;184.317
bcd_path,teacher,start14_step84,420.376;80.162;184.040
bcd_path,teacher,start14_step85,421.921;80.157;183.775
bcd_path,teacher,start14_step86,423.344;80.152;183.520
bcd_path,teacher,start14_step87,424.656;80.147;183.276
bcd_path,teacher,start14_step88,425.864;80.143;183.042
bcd_path,teacher,start14_step89,426.976;80.140;182.817
bcd_path,teacher,start14_step90,428.002;80.137;182.602
bcd_path,teacher,start14_step91,428.946;80.135;182.395
bcd_path,teacher,start14_step92,429.816;80.132;182.196
bcd_path,teacher,start14_step93,430.618;80.130;182.006
bcd_path,teacher,start14_step94,431.356;80.128;181.823
bcd_path,teacher,start14_step95,432.037;80.127;181.648
bcd_path,teacher,start14_step96,432.663;80.126;181.480
bcd_path,teacher,start14_step97,433.241;80.125;181.319
bcd_path,teacher,start14_step98,433.773;80.124;181.164
bcd_path,teacher,start14_step99,434.263;80.123;181.015
bcd_path,teacher,start14_step100,434.714;80.122;180.873
bcd_path,teacher,start14_step101,435.130;80.121;180.736
bcd_path,teacher,start14_step102,435.513;80.120;180.605
bcd_path,teacher,start14_step103,435.866;80.119;180.479
bcd_path,teacher,start14_step104,436.191;80.117;180.358
bcd_path,teacher,start14_step105,436.491;80.116;180.065
bcd_path,teacher,start14_step106,436.767;80.116;179.560
bcd_path,teacher,start14_step107,437.021;80.115;178.995
bcd_path,teacher,start14_step108,437.255;80.115;178.415
bcd_path,teacher,start14_step109,437.471;80.115;177.829
bcd_path,teacher,start14_step110,437.670;80.115;177.243
bcd_path,teacher,start14_step111,437.853;80.115;176.656
bcd_path,teacher,start14_step112,438.021;80.115;176.069
bcd_path,teacher,start14_step113,438.177;80.116;175.483
bcd_path,teacher,start14_step114,438.320;80.116;174.896
bcd_path,teacher,start14_step115,438.451;80.116;174.309
bcd_path,teacher,start14_step116,438.573;80.117;173.722
bcd_path,teacher,start14_step117,438.685;80.117;173.135
bcd_path,teacher,start14_step118,438.788;80.116;172.548
bcd_path,teacher,start14_step119,438.883;80.115;171.962
bcd_path,teacher,start14_step120,438.970;80.114;171.375
bcd_path,teacher,start14_step121,439.051;80.113;170.788
bcd_path,teacher,start14_step122,439.247;80.122;170.713
bcd_path,teacher,start14_step123,439.465;80.134;170.632
bcd_path,teacher,start14_step124,439.533;80.138;170.648
bcd_path,teacher,start14_step125,439.557;80.140;170.542
bcd_path,teacher,start14_step126,439.575;80.141;170.550
bcd_path,teacher,start14_step127,439.602;80.143;170.547
bcd_path,teacher,start14_step128,439.628;80.144;170.538
bcd_path,teacher,start14_step129,439.665;80.146;170.533
bcd_path,teacher,start14_step130,439.704;80.148;170.526
bcd_path,teacher,start14_step131,439.743;80.151;170.517
bcd_path,teacher,start14_step132,439.779;80.153;170.508
bcd_path,teacher,start14_step133,439.810;80.155;170.499
bcd_path,teacher,start14_step134,439.835;80.156;170.490
bcd_path,teacher,start14_step135,439.850;80.157;170.484
bcd_path,teacher,start14_step136,439.855;80.157;170.480
bcd_path,teacher,start14_step137,439.854;80.157;170.478
bcd_path,teacher,start14_step138,439.854;80.157;170.476
bcd_path,teacher,start14_step139,439.854;80.157;170.473
bcd_path,teacher,start14_step140,439.853;80.157;170.471
bcd_path,teacher,start14_step141,439.852;80.157;170.467
bcd_path,teacher,start14_step142,439.847;80.157;170.464
bcd_path,teacher,start14_step143,439.844;80.157;170.461
bcd_path,teacher,start14_step144,439.841;80.156;170.458
bcd_path,teacher,start14_step145,439.840;80.156;170.455
bcd_path,teacher,start14_step146,439.839;80.156;170.453
bcd_path,teacher,start14_step147,439.838;80.156;170.451
bcd_path,teacher,start14_step148,439.839;80.156;170.449
bcd_path,teacher,start14_step149,439.840;80.156;170.448
bcd_path,teacher,start14_step150,439.840;80.156;170.446
bcd_path,teacher,start14_step151,439.841;80.156;170.445
bcd_path,teacher,start14_step152,439.842;80.156;170.444
bcd_path,teacher,start14_step153,439.843;80.156;170.443
bcd_path,teacher,start14_step154,439.844;80.156;170.442
bcd_path,teacher,start14_step155,439.844;80.157;170.440
bcd_path,teacher,start14_step156,439.845;80.157;170.439
bcd_path,teacher,start14_step157,439.845;80.156;170.437
bcd_path,teacher,start14_step158,439.845;80.156;170.436
bcd_path,teacher,start14_step159,439.845;80.156;170.435
bcd_path,teacher,start14_step160,439.846;80.156;170.434
bcd_path,teacher,start14_step161,439.845;80.156;170.432
bcd_path,teacher,start14_step162,439.845;80.156;170.431
bcd_path,teacher,start14_step163,439.845;80.156;170.430
bcd_path,teacher,start14_step164,439.845;80.156;170.428
bcd_path,teacher,start14_step165,439.845;80.156;170.427
bcd_path,teacher,start14_step166,439.845;80.156;170.425
bcd_path,teacher,start14_step167,439.845;80.156;170.424
bcd_path,teacher,start14_step168,439.845;80.156;170.423
bcd_path,teacher,start14_step169,439.845;80.156;170.421
bcd_path,teacher,start14_step170,439.845;80.156;170.420
bcd_path,teacher,start14_step171,439.844;80.156;170.419
bcd_path,teacher,start14_step172,439.843;80.156;170.417
bcd_path,teacher,start14_step173,439.843;80.156;170.416
bcd_path,teacher,start14_step174,439.842;80.156;170.414
bcd_path,teacher,start14_step175,439.842;80.156;170.413
bcd_path,teacher,start14_step176,439.841;80.156;170.412
bcd_path,teacher,start14_step177,439.841;80.156;170.411
bcd_path,teacher,start14_step178,439.841;80.156;170.410
bcd_path,teacher,start14_step179,439.841;80.156;170.408
bcd_path,teacher,start14_step180,439.841;80.156;170.407
bcd_path,teacher,start14_step181,439.841;80.156;170.406
bcd_path,teacher,start14_step182,439.841;80.156;170.404
bcd_path,teacher,start14_step183,439.841;80.156;170.403
bcd_path,teacher,start14_step184,439.841;80.156;170.402
bcd_path,teacher,start14_step185,439.841;80.156;170.401
bcd_path,teacher,start14_step186,439.841;80.156;170.399
bcd_path,teacher,start14_step187,439.841;80.156;170.398
bcd_path,teacher,start14_step188,439.841;80.156;170.397
bcd_path,teacher,start14_step189,439.841;80.156;170.395
bcd_path,teacher,start14_step190,439.841;80.156;170.394
bcd_path,teacher,start14_step191,439.841;80.156;170.393
bcd_path,teacher,start14_step192,439.841;80.156;170.391
bcd_path,teacher,start14_step193,439.841;80.156;170.390
bcd_path,teacher,start14_step194,439.841;80.156;170.389
bcd_path,teacher,start14_step195,439.840;80.156;170.387
bcd_path,teacher,start14_step196,439.840;80.156;170.386
bcd_path,teacher,start14_step197,439.840;80.156;170.385
bcd_path,teacher,start14_step198,439.840;80.156;170.384
bcd_path,teacher,start14_step199,439.840;80.156;170.382
bcd_path,teacher,start14_step200,439.840;80.156;170.381
bcd_path,teacher,start14_step201,439.840;80.156;170.380
bcd_path,teacher,start14_step202,439.840;80.156;170.378
bcd_path,teacher,start14_step203,439.840;80.156;170.377
bcd_path,teacher,start14_step204,439.840;80.156;170.376
bcd_path,teacher,start14_step205,439.840;80.156;170.376
bcd_path,teacher,start14_step206,439.840;80.156;170.375
bcd_path,teacher,start14_step207,439.840;80.156;170.374
bcd_path,teacher,start14_step208,439.840;80.156;170.373
bcd_path,teacher,start14_step209,439.840;80.156;170.372
bcd_path,teacher,start14_step210,439.840;80.156;170.371
bcd_path,teacher,start14_step211,439.840;80.156;170.370
bcd_path,teacher,start14_step212,439.840;80.156;170.369
bcd_path,teacher,start14_step213,439.840;80.156;170.368
bcd_path,teacher,start14_step214,439.840;80.156;170.367
bcd_path,teacher,start14_step215,439.840;80.156;170.366
bcd_path,teacher,start14_step216,439.839;80.156;170.365
bcd_path,teacher,start14_step217,439.839;80.156;170.363
bcd_path,teacher,start14_step218,439.839;80.156;170.362
bcd_path,teacher,start14_step219,439.839;80.156;170.361
bcd_path,teacher,start14_step220,439.839;80.156;170.360
bcd_path,teacher,start14_step221,439.838;80.156;170.360
bcd_path,teacher,start14_step222,439.838;80.156;170.359
bcd_path,teacher,start14_step223,439.837;80.156;170.358
bcd_path,teacher,start14_step224,439.837;80.156;170.357
bcd_path,teacher,start14_step225,439.836;80.156;170.357
bcd_path,teacher,start14_step226,439.836;80.156;170.356
bcd_path,teacher,start14_step227,439.835;80.156;170.355
bcd_path,teacher,start14_step228,439.835;80.156;170.354
bcd_path,teacher,start14_step229,439.835;80.157;170.354
bcd_path,teacher,start14_step230,439.835;80.157;170.353
bcd_path,teacher,start14_step231,439.835;80.157;170.352
bcd_path,teacher,start14_step232,439.835;80.157;170.351
bcd_path,teacher,start14_step233,439.835;80.157;170.350
bcd_path,teacher,start14_step234,439.835;80.157;170.349
bcd_path,teacher,start14_step235,439.835;80.157;170.348
bcd_path,teacher,start14_step236,439.835;80.156;170.347
bcd_path,teacher,start14_step237,439.835;80.156;170.346
bcd_path,teacher,start14_step238,439.835;80.156;170.345
bcd_path,teacher,start14_step239,439.835;80.156;170.345
bcd_path,teacher,start14_step240,439.834;80.156;170.344
bcd_path,teacher,start14_step241,439.834;80.156;170.343
bcd_path,teacher,start14_step242,439.834;80.156;170.342
bcd_path,teacher,start14_step243,439.834;80.156;170.341
bcd_path,teacher,start14_step244,439.834;80.156;170.340
bcd_path,teacher,start14_step245,439.834;80.156;170.339
bcd_path,teacher,start14_step246,439.834;80.156;170.338
bcd_path,teacher,start14_step247,439.834;80.156;170.337
bcd_path,teacher,start14_step248,439.834;80.156;170.336
bcd_path,teacher,start14_step249,439.834;80.156;170.335
bcd_path,teacher,start14_step250,439.834;80.156;170.334
bcd_path,teacher,start14_step251,439.834;80.156;170.333
bcd_path,teacher,start14_step252,439.834;80.155;170.332
bcd_path,teacher,start14_step253,439.834;80.155;170.331
bcd_path,teacher,start14_step254,439.834;80.155;170.330
bcd_path,teacher,start14_step255,439.834;80.155;170.329
bcd_path,teacher,start14_step256,439.834;80.155;170.328
bcd_path,teacher,start14_step257,439.834;80.155;170.327
bcd_path,teacher,start14_step258,439.834;80.155;170.326
bcd_path,teacher,start14_step259,439.833;80.155;170.325
bcd_path,teacher,start14_step260,439.833;80.155;170.325
bcd_path,teacher,start14_step261,439.833;80.155;170.324
bcd_path,teacher,start14_step262,439.833;80.155;170.323
bcd_path,teacher,start14_step263,439.833;80.155;170.322
bcd_path,teacher,start14_step264,439.833;80.155;170.321
bcd_path,teacher,start14_step265,439.833;80.155;170.320
bcd_path,teacher,start14_step266,439.833;80.155;170.319
bcd_path,teacher,start14_step267,439.833;80.155;170.318
bcd_path,teacher,start14_step268,439.833;80.155;170.317
bcd_path,teacher,start14_step269,439.833;80.155;170.316
bcd_path,teacher,start14_step270,439.833;80.155;170.315
bcd_path,teacher,start14_step271,439.833;80.155;170.314
bcd_path,teacher,start14_step272,439.833;80.155;170.313
bcd_path,teacher,start14_step273,439.833;80.155;170.312
bcd_path,teacher,start14_step274,439.833;80.155;170.311
bcd_path,teacher,start14_step275,439.832;80.155;170.310
bcd_path,teacher,start14_step276,439.832;80.155;170.309
bcd_path,teacher,start14_step277,439.832;80.155;170.308
bcd_path,teacher,start14_step278,439.832;80.155;170.307
bcd_path,teacher,start14_step279,439.832;80.155;170.306
bcd_path,teacher,start14_step280,439.832;80.155;170.305
bcd_path,teacher,start14_step281,439.832;80.155;170.304
bcd_path,teacher,start14_step282,439.832;80.155;170.303
bcd_path,teacher,start14_step283,439.832;80.155;170.302
bcd_path,teacher,start14_step284,439.832;80.155;170.301
bcd_path,teacher,start14_step285,439.832;80.155;170.301
bcd_path,teacher,start14_step286,439.832;80.155;170.300
bcd_path,teacher,start14_step287,439.832;80.155;170.299
bcd_path,teacher,start14_step288,439.832;80.155;170.298
bcd_path,teacher,start14_step289,439.832;80.155;170.297
bcd_path,teacher,start14_step290,439.832;80.155;170.296
bcd_path,teacher,start14_step291,439.831;80.155;170.295
bcd_path,teacher,start14_step292,439.831;80.155;170.295
bcd_path,teacher,start14_step293,439.831;80.155;170.294
bcd_path,teacher,start14_step294,439.831;80.155;170.293
bcd_path,teacher,start14_step295,439.831;80.155;170.293
bcd_path,teacher,start14_step296,439.831;80.155;170.292
bcd_path,teacher,start14_step297,439.831;80.155;170.291
bcd_path,teacher,start14_step298,439.831;80.155;170.290
bcd_path,teacher,start14_step299,439.831;80.155;170.289
bcd_path,teacher,start15_step0,39.934;-4.426;22.339
bcd_path,teacher,start15_step1,40.805;-3.968;25.880
bcd_path,teacher,start15_step2,42.290;-3.047;30.175
bcd_path,teacher,start15_step3,44.292;-1.635;35.478
bcd_path,teacher,start15_step4,46.713;0.290;41.860
bcd_path,teacher,start15_step5,49.430;2.722;49.136
bcd_path,teacher,start15_step6,52.328;5.652;57.161
bcd_path,teacher,start15_step7,55.291;9.058;65.819
bcd_path,teacher,start15_step8,58.207;12.886;75.026
bcd_path,teacher,start15_step9,61.310;16.937;84.512
bcd_path,teacher,start15_step10,65.443;20.852;93.998
bcd_path,teacher,start15_step11,70.539;24.673;103.494
bcd_path,teacher,start15_step12,76.378;28.496;113.043
bcd_path,teacher,start15_step13,82.768;32.381;122.645
bcd_path,teacher,start15_step14,89.547;36.373;132.249
bcd_path,teacher,start15_step15,96.580;40.497;141.783
bcd_path,teacher,start15_step16,103.768;44.736;151.180
bcd_path,teacher,start15_step17,111.050;49.018;160.396
bcd_path,teacher,start15_step18,118.410;53.216;169.405
bcd_path,teacher,start15_step19,125.854;57.215;178.189
bcd_path,teacher,start15_step20,133.372;61.002;186.740
bcd_path,teacher,start15_step21,140.958;64.582;195.076
bcd_path,teacher,start15_step22,148.601;67.978;203.218
bcd_path,teacher,start15_step23,156.243;71.208;210.766
bcd_path,teacher,start15_step24,163.805;74.267;217.038
bcd_path,teacher,start15_step25,171.251;77.091;221.512
bcd_path,teacher,start15_step26,178.603;79.562;224.099
bcd_path,teacher,start15_step27,185.902;81.581;225.033
bcd_path,teacher,start15_step28,193.152;83.102;224.516
bcd_path,teacher,start15_step29,200.377;84.096;223.075
bcd_path,teacher,start15_step30,207.600;84.564;221.293
bcd_path,teacher,start15_step31,214.815;84.587;219.388
bcd_path,teacher,start15_step32,222.015;84.291;217.412
bcd_path,teacher,start15_step33,229.203;83.806;215.377
bcd_path,teacher,start15_step34,236.390;83.240;213.279
bcd_path,teacher,start15_step35,243.599;82.680;211.256
bcd_path,teacher,start15_step36,250.857;82.188;209.508
bcd_path,teacher,start15_step37,258.172;81.797;208.111
bcd_path,teacher,start15_step38,265.540;81.512;207.054
bcd_path,teacher,start15_step39,272.948;81.313;206.292
bcd_path,teacher,start15_step40,280.411;81.176;205.977
bcd_path,teacher,start15_step41,287.872;81.068;205.606
bcd_path,teacher,start15_step42,295.291;80.963;204.823
bcd_path,teacher,start15_step43,302.707;80.842;204.019
bcd_path,teacher,start15_step44,310.140;80.712;203.378
bcd_path,teacher,start15_step45,317.595;80.607;202.942
bcd_path,teacher,start15_step46,325.070;80.538;202.683
bcd_path,teacher,start15_step47,332.438;80.489;201.247
bcd_path,teacher,start15_step48,339.655;80.449;198.208
bcd_path,teacher,start15_step49,346.811;80.393;194.601
bcd_path,teacher,start15_step50,354.017;80.307;192.004
bcd_path,teacher,start15_step51,361.042;80.240;190.840
bcd_path,teacher,start15_step52,367.408;80.221;190.115
bcd_path,teacher,start15_step53,373.109;80.244;189.549
bcd_path,teacher,start15_step54,378.319;80.278;189.047
bcd_path,teacher,start15_step55,383.154;80.299;188.574
bcd_path,teacher,start15_step56,387.638;80.303;188.122
bcd_path,teacher,start15_step57,391.771;80.299;187.689
bcd_path,teacher,start15_step58,395.571;80.295;187.275
bcd_path,teacher,start15_step59,399.067;80.290;186.878
bcd_path,teacher,start15_step60,402.287;80.285;186.497
bcd_path,teacher,start15_step61,405.256;80.280;186.131
bcd_path,teacher,start15_step62,407.992;80.273;185.781
bcd_path,teacher,start15_step63,410.513;80.266;185.445
bcd_path,teacher,start15_step64,412.834;80.259;185.122
bcd_path,teacher,start15_step65,414.973;80.252;184.813
bcd_path,teacher,start15_step66,416.943;80.244;184.516
bcd_path,teacher,start15_step67,418.758;80.234;184.231
bcd_path,teacher,start15_step68,420.430;80.225;183.958
bcd_path,teacher,start15_step69,421.971;80.214;183.696
bcd_path,teacher,start15_step70,423.390;80.204;183.445
bcd_path,teacher,start15_step71,424.698;80.195;183.204
bcd_path,teacher,start15_step72,425.903;80.187;182.973
bcd_path,teacher,start15_step73,427.013;80.179;182.751
bcd_path,teacher,start15_step74,428.035;80.173;182.538
bcd_path,teacher,start15_step75,428.977;80.167;182.334
bcd_path,teacher,start15_step76,429.845;80.162;182.138
bcd_path,teacher,start15_step77,430.644;80.158;181.950
bcd_path,teacher,start15_step78,431.380;80.154;181.769
bcd_path,teacher,start15_step79,432.059;80.150;181.596
bcd_path,teacher,start15_step80,432.684;80.147;181.430
bcd_path,teacher,start15_step81,433.260;80.144;181.271
bcd_path,teacher,start15_step82,433.790;80.142;181.118
bcd_path,teacher,start15_step83,434.279;80.140;180.971
bcd_path,teacher,start15_step84,434.729;80.138;180.831
bcd_path,teacher,start15_step85,435.144;80.136;180.696
bcd_path,teacher,start15_step86,435.526;80.133;180.566
bcd_path,teacher,start15_step87,435.878;80.131;180.442
bcd_path,teacher,start15_step88,436.202;80.128;180.323
bcd_path,teacher,start15_step89,436.501;80.127;180.031
bcd_path,teacher,start15_step90,436.776;80.125;179.525
bcd_path,teacher,start15_step91,437.029;80.124;178.961
bcd_path,teacher,start15_step92,437.263;80.123;178.380
bcd_path,teacher,start15_step93,437.478;80.122;177.795
bcd_path,teacher,start15_step94,437.676;80.121;177.209
bcd_path,teacher,start15_step95,437.859;80.121;176.622
bcd_path,teacher,start15_step96,438.027;80.121;176.035
bcd_path,teacher,start15_step97,438.182;80.121;175.448
bcd_path,teacher,start15_step98,438.324;80.121;174.861
bcd_path,teacher,start15_step99,438.456;80.121;174.274
bcd_path,teacher,start15_step100,438.577;80.121;173.688
bcd_path,teacher,start15_step101,438.689;80.121;173.101
bcd_path,teacher,start15_step102,438.791;80.120;172.514
bcd_path,teacher,start15_step103,438.886;80.119;171.927
bcd_path,teacher,start15_step104,438.973;80.117;171.340
bcd_path,teacher,start15_step105,439.054;80.116;170.753
bcd_path,teacher,start15_step106,439.239;80.125;170.715
bcd_path,teacher,start15_step107,439.433;80.136;170.626
bcd_path,teacher,start15_step108,439.495;80.140;170.647
bcd_path,teacher,start15_step109,439.517;80.142;170.543
bcd_path,teacher,start15_step110,439.524;80.142;170.549
bcd_path,teacher,start15_step111,439.544;80.143;170.548
bcd_path,teacher,start15_step112,439.562;80.144;170.539
bcd_path,teacher,start15_step113,439.594;80.146;170.536
bcd_path,teacher,start15_step114,439.628;80.148;170.528
bcd_path,teacher,start15_step115,439.667;80.150;170.521
bcd_path,teacher,start15_step116,439.706;80.152;170.513
bcd_path,teacher,start15_step117,439.742;80.154;170.503
bcd_path,teacher,start15_step118,439.773;80.156;170.494
bcd_path,teacher,start15_step119,439.798;80.157;170.486
bcd_path,teacher,start15_step120,439.813;80.158;170.480
bcd_path,teacher,start15_step121,439.817;80.158;170.477
bcd_path,teacher,start15_step122,439.817;80.158;170.476
bcd_path,teacher,start15_step123,439.816;80.158;170.473
bcd_path,teacher,start15_step124,439.816;80.158;170.470
bcd_path,teacher,start15_step125,439.815;80.158;170.467
bcd_path,teacher,start15_step126,439.810;80.157;170.464
bcd_path,teacher,start15_step127,439.807;80.157;170.461
bcd_path,teacher,start15_step128,439.805;80.157;170.458
bcd_path,teacher,start15_step129,439.803;80.157;170.455
bcd_path,teacher,start15_step130,439.802;80.157;170.453
bcd_path,teacher,start15_step131,439.802;80.157;170.451
bcd_path,teacher,start15_step132,439.802;80.157;170.449
bcd_path,teacher,start15_step133,439.803;80.157;170.448
bcd_path,teacher,start15_step134,439.803;80.157;170.446
bcd_path,teacher,start15_step135,439.804;80.157;170.445
bcd_path,teacher,start15_step136,439.805;80.157;170.444
bcd_path,teacher,start15_step137,439.806;80.158;170.443
bcd_path,teacher,start15_step138,439.807;80.158;170.442
bcd_path,teacher,start15_step139,439.808;80.158;170.440
bcd_path,teacher,start15_step140,439.808;80.158;170.438
bcd_path,teacher,start15_step141,439.808;80.158;170.437
bcd_path,teacher,start15_step142,439.808;80.158;170.436
bcd_path,teacher,start15_step143,439.808;80.158;170.435
bcd_path,teacher,start15_step144,439.809;80.158;170.433
bcd_path,teacher,start15_step145,439.809;80.158;170.432
bcd_path,teacher,start15_step146,439.808;80.158;170.431
bcd_path,teacher,start15_step147,439.808;80.158;170.429
bcd_path,teacher,start15_step148,439.808;80.158;170.428
bcd_path,teacher,start15_step149,439.808;80.158;170.427
bcd_path,teacher,start15_step150,439.808;80.158;170.425
bcd_path,teacher,start15_step151,439.808;80.158;170.424
bcd_path,teacher,start15_step152,439.808;80.158;170.423
bcd_path,teacher,start15_step153,439.808;80.158;170.421
bcd_path,teacher,start15_step154,439.808;80.158;170.420
bcd_path,teacher,start15_step155,439.807;80.158;170.418
bcd_path,teacher,start15_step156,439.807;80.158;170.417
bcd_path,teacher,start15_step157,439.806;80.158;170.416
bcd_path,teacher,start15_step158,439.805;80.158;170.414
bcd_path,teacher,start15_step159,439.804;80.158;170.413
bcd_path,teacher,start15_step160,439.804;80.158;170.412
bcd_path,teacher,start15_step161,439.804;80.158;170.411
bcd_path,teacher,start15_step162,439.804;80.158;170.409
bcd_path,teacher,start15_step163,439.804;80.158;170.408
bcd_path,teacher,start15_step164,439.804;80.158;170.407
bcd_path,teacher,start15_step165,439.804;80.158;170.406
bcd_path,teacher,start15_step166,439.804;80.158;170.404
bcd_path,teacher,start15_step167,439.804;80.158;170.403
bcd_path,teacher,start15_step168,439.804;80.158;170.402
bcd_path,teacher,start15_step169,439.804;80.158;170.400
bcd_path,teacher,start15_step170,439.804;80.158;170.399
bcd_path,teacher,start15_step171,439.804;80.158;170.398
bcd_path,teacher,start15_step172,439.804;80.158;170.396
bcd_path,teacher,start15_step173,439.804;80.158;170.395
bcd_path,teacher,start15_step174,439.804;80.158;170.394
bcd_path,teacher,start15_step175,439.804;80.158;170.392
bcd_path,teacher,start15_step176,439.804;80.158;170.391
bcd_path,teacher,start15_step177,439.804;80.158;170.390
bcd_path,teacher,start15_step178,439.803;80.158;170.388
bcd_path,teacher,start15_step179,439.803;80.158;170.387
bcd_path,teacher,start15_step180,439.803;80.158;170.386
bcd_path,teacher,start15_step181,439.803;80.158;170.385
bcd_path,teacher,start15_step182,439.803;80.158;170.383
bcd_path,teacher,start15_step183,439.803;80.158;170.382
bcd_path,teacher,start15_step184,439.803;80.158;170.381
bcd_path,teacher,start15_step185,439.803;80.158;170.379
bcd_path,teacher,start15_step186,439.803;80.158;170.378
bcd_path,teacher,start15_step187,439.803;80.157;170.377
bcd_path,teacher,start15_step188,439.803;80.157;170.376
bcd_path,teacher,start15_step189,439.803;80.157;170.375
bcd_path,teacher,start15_step190,439.803;80.157;170.375
bcd_path,teacher,start15_step191,439.803;80.157;170.374
bcd_path,teacher,start15_step192,439.803;80.157;170.373
bcd_path,teacher,start15_step193,439.803;80.158;170.372
bcd_path,teacher,start15_step194,439.803;80.158;170.371
bcd_path,teacher,start15_step195,439.803;80.158;170.369
bcd_path,teacher,start15_step196,439.803;80.158;170.368
bcd_path,teacher,start15_step197,439.803;80.158;170.367
bcd_path,teacher,start15_step198,439.803;80.158;170.366
bcd_path,teacher,start15_step199,439.803;80.158;170.365
bcd_path,teacher,start15_step200,439.803;80.158;170.364
bcd_path,teacher,start15_step201,439.802;80.158;170.363
bcd_path,teacher,start15_step202,439.802;80.158;170.362
bcd_path,teacher,start15_step203,439.801;80.158;170.361
bcd_path,teacher,start15_step204,439.801;80.158;170.361
bcd_path,teacher,start15_step205,439.800;80.158;170.360
bcd_path,teacher,start15_step206,439.800;80.158;170.359
bcd_path,teacher,start15_step207,439.800;80.158;170.358
bcd_path,teacher,start15_step208,439.799;80.158;170.357
bcd_path,teacher,start15_step209,439.798;80.158;170.356
bcd_path,teacher,start15_step210,439.798;80.158;170.356
bcd_path,teacher,start15_step211,439.798;80.158;170.355
bcd_path,teacher,start15_step212,439.798;80.158;170.354
bcd_path,teacher,start15_step213,439.798;80.158;170.353
bcd_path,teacher,start15_step214,439.798;80.158;170.352
bcd_path,teacher,start15_step215,439.798;80.158;170.351
bcd_path,teacher,start15_step216,439.798;80.158;170.350
bcd_path,teacher,start15_step217,439.798;80.158;170.350
bcd_path,teacher,start15_step218,439.797;80.158;170.349
bcd_path,teacher,start15_step219,439.797;80.158;170.348
bcd_path,teacher,start15_step220,439.797;80.158;170.347
bcd_path,teacher,start15_step221,439.797;80.158;170.346
bcd_path,teacher,start15_step222,439.797;80.158;170.345
bcd_path,teacher,start15_step223,439.797;80.158;170.344
bcd_path,teacher,start15_step224,439.797;80.157;170.343
bcd_path,teacher,start15_step225,439.797;80.157;170.342
bcd_path,teacher,start15_step226,439.797;80.157;170.341
bcd_path,teacher,start15_step227,439.797;80.157;170.340
bcd_path,teacher,start15_step228,439.797;80.157;170.339
bcd_path,teacher,start15_step229,439.797;80.157;170.338
bcd_path,teacher,start15_step230,439.797;80.157;170.337
bcd_path,teacher,start15_step231,439.797;80.157;170.336
bcd_path,teacher,start15_step232,439.797;80.157;170.335
bcd_path,teacher,start15_step233,439.797;80.157;170.334
bcd_path,teacher,start15_step234,439.797;80.157;170.333
bcd_path,teacher,start15_step235,439.796;80.157;170.332
bcd_path,teacher,start15_step236,439.796;80.157;170.331
bcd_path,teacher,start15_step237,439.796;80.157;170.330
bcd_path,teacher,start15_step238,439.796;80.157;170.329
bcd_path,teacher,start15_step239,439.796;80.157;170.328
bcd_path,teacher,start15_step240,439.796;80.157;170.328
bcd_path,teacher,start15_step241,439.796;80.157;170.327
bcd_path,teacher,start15_step242,439.796;80.157;170.326
bcd_path,teacher,start15_step243,439.796;80.157;170.325
bcd_path,teacher,start15_step244,439.796;80.157;170.324
bcd_path,teacher,start15_step245,439.796;80.157;170.323
bcd_path,teacher,start15_step246,439.796;80.157;170.322
bcd_path,teacher,start15_step247,439.796;80.157;170.321
bcd_path,teacher,start15_step248,439.796;80.157;170.320
bcd_path,teacher,start15_step249,439.796;80.157;170.319
bcd_path,teacher,start15_step250,439.796;80.157;170.318
bcd_path,teacher,start15_step251,439.795;80.157;170.317
bcd_path,teacher,start15_step252,439.795;80.157;170.316
bcd_path,teacher,start15_step253,439.795;80.157;170.315
bcd_path,teacher,start15_step254,439.795;80.157;170.314
bcd_path,teacher,start15_step255,439.795;80.157;170.313
bcd_path,teacher,start15_step256,439.795;80.157;170.312
bcd_path,teacher,start15_step257,439.795;80.157;170.311
bcd_path,teacher,start15_step258,439.795;80.157;170.310
bcd_path,teacher,start15_step259,439.795;80.157;170.309
bcd_path,teacher,start15_step260,439.795;80.157;170.308
bcd_path,teacher,start15_step261,439.795;80.157;170.307
bcd_path,teacher,start15_step262,439.795;80.157;170.306
bcd_path,teacher,start15_step263,439.795;80.157;170.305
bcd_path,teacher,start15_step264,439.795;80.157;170.305
bcd_path,teacher,start15_step265,439.795;80.157;170.304
bcd_path,teacher,start15_step266,439.794;80.157;170.303
bcd_path,teacher,start15_step267,439.794;80.157;170.302
bcd_path,teacher,start15_step268,439.794;80.157;170.301
bcd_path,teacher,start15_step269,439.794;80.157;170.300
bcd_path,teacher,start15_step270,439.794;80.157;170.299
bcd_path,teacher,start15_step271,439.794;80.157;170.298
bcd_path,teacher,start15_step272,439.794;80.157;170.297
bcd_path,teacher,start15_step273,439.794;80.157;170.296
bcd_path,teacher,start15_step274,439.794;80.157;170.295
bcd_path,teacher,start15_step275,439.794;80.157;170.295
bcd_path,teacher,start15_step276,439.794;80.157;170.294
bcd_path,teacher,start15_step277,439.794;80.157;170.294
bcd_path,teacher,start15_step278,439.794;80.157;170.293
bcd_path,teacher,start15_step279,439.794;80.157;170.292
bcd_path,teacher,start15_step280,439.794;80.157;170.291
bcd_path,teacher,start15_step281,439.794;80.157;170.290
bcd_path,teacher,start15_step282,439.794;80.157;170.289
bcd_path,teacher,start15_step283,439.794;80.157;170.288
bcd_path,teacher,start15_step284,439.794;80.157;170.287
bcd_path,teacher,start15_step285,439.794;80.157;170.286
bcd_path,teacher,start15_step286,439.794;80.157;170.286
bcd_path,teacher,start15_step287,439.794;80.157;170.285
bcd_path,teacher,start15_step288,439.794;80.157;170.284
bcd_path,teacher,start15_step289,439.793;80.157;170.283
bcd_path,teacher,start15_step290,439.793;80.157;170.282
bcd_path,teacher,start15_step291,439.793;80.157;170.281
bcd_path,teacher,start15_step292,439.793;80.157;170.280
bcd_path,teacher,start15_step293,439.793;80.157;170.279
bcd_path,teacher,start15_step294,439.793;80.157;170.278
bcd_path,teacher,start15_step295,439.793;80.157;170.278
bcd_path,teacher,start15_step296,439.793;80.157;170.277
bcd_path,teacher,start15_step297,439.793;80.157;170.276
bcd_path,teacher,start15_step298,439.793;80.157;170.275
bcd_path,teacher,start15_step299,439.793;80.157;170.274
bcd_path,teacher,start16_step0,-35.913;27.916;22.297
bcd_path,teacher,start16_step1,-35.230;27.316;25.660
bcd_path,teacher,start16_step2,-34.138;26.249;29.459
bcd_path,teacher,start16_step3,-32.798;24.823;33.674
bcd_path,teacher,start16_step4,-31.343;23.154;38.325
bcd_path,teacher,start16_step5,-29.877;21.349;43.356
bcd_path,teacher,start16_step6,-28.467;19.499;48.709
bcd_path,teacher,start16_step7,-27.155;17.677;54.335
bcd_path,teacher,start16_step8,-25.961;15.936;60.195
bcd_path,teacher,start16_step9,-24.617;14.424;66.031
bcd_path,teacher,start16_step10,-22.361;13.467;71.575
bcd_path,teacher,start16_step11,-19.207;13.043;76.851
bcd_path,teacher,start16_step12,-15.303;13.073;81.911
bcd_path,teacher,start16_step13,-10.779;13.496;86.795
bcd_path,teacher,start16_step14,-5.743;14.255;91.543
bcd_path,teacher,start16_step15,-0.282;15.300;96.184
bcd_path,teacher,start16_step16,5.535;16.581;100.746
bcd_path,teacher,start16_step17,11.648;18.058;105.252
bcd_path,teacher,start16_step18,18.010;19.700;109.723
bcd_path,teacher,start16_step19,24.578;21.483;114.175
bcd_path,teacher,start16_step20,31.319;23.384;118.625
bcd_path,teacher,start16_step21,38.205;25.385;123.086
bcd_path,teacher,start16_step22,45.213;27.468;127.569
bcd_path,teacher,start16_step23,52.325;29.617;132.086
bcd_path,teacher,start16_step24,59.526;31.821;136.646
bcd_path,teacher,start16_step25,66.803;34.070;141.258
bcd_path,teacher,start16_step26,74.144;36.360;145.931
bcd_path,teacher,start16_step27,81.539;38.685;150.672
bcd_path,teacher,start16_step28,88.982;41.039;155.489
bcd_path,teacher,start16_step29,96.467;43.418;160.389
bcd_path,teacher,start16_step30,103.990;45.818;165.379
bcd_path,teacher,start16_step31,111.545;48.237;170.467
bcd_path,teacher,start16_step32,119.131;50.672;175.659
bcd_path,teacher,start16_step33,126.744;53.122;180.964
bcd_path,teacher,start16_step34,134.392;55.586;186.460
bcd_path,teacher,start16_step35,142.087;58.063;192.266
bcd_path,teacher,start16_step36,149.835;60.564;198.480
bcd_path,teacher,start16_step37,157.612;63.124;205.011
bcd_path,teacher,start16_step38,165.377;65.735;211.521
bcd_path,teacher,start16_step39,173.042;68.285;216.920
bcd_path,teacher,start16_step40,180.531;70.738;220.395
bcd_path,teacher,start16_step41,187.859;73.099;222.099
bcd_path,teacher,start16_step42,195.059;75.340;222.253
bcd_path,teacher,start16_step43,202.196;77.357;221.202
bcd_path,teacher,start16_step44,209.349;79.042;219.521
bcd_path,teacher,start16_step45,216.563;80.313;217.623
bcd_path,teacher,start16_step46,223.830;81.149;215.619
bcd_path,teacher,start16_step47,231.123;81.590;213.545
bcd_path,teacher,start16_step48,238.432;81.708;211.527
bcd_path,teacher,start16_step49,245.764;81.590;209.761
bcd_path,teacher,start16_step50,253.126;81.344;208.335
bcd_path,teacher,start16_step51,260.520;81.068;207.246
bcd_path,teacher,start16_step52,267.945;80.832;206.450
bcd_path,teacher,start16_step53,275.397;80.673;205.892
bcd_path,teacher,start16_step54,282.921;80.595;205.979
bcd_path,teacher,start16_step55,290.458;80.573;206.160
bcd_path,teacher,start16_step56,297.919;80.563;205.625
bcd_path,teacher,start16_step57,305.340;80.535;204.731
bcd_path,teacher,start16_step58,312.763;80.485;203.880
bcd_path,teacher,start16_step59,320.205;80.432;203.229
bcd_path,teacher,start16_step60,327.526;80.383;201.174
bcd_path,teacher,start16_step61,334.714;80.348;197.640
bcd_path,teacher,start16_step62,341.882;80.312;193.987
bcd_path,teacher,start16_step63,349.207;80.249;191.454
bcd_path,teacher,start16_step64,356.620;80.185;190.324
bcd_path,teacher,start16_step65,363.424;80.156;189.612
bcd_path,teacher,start16_step66,369.475;80.165;189.062
bcd_path,teacher,start16_step67,374.960;80.201;188.579
bcd_path,teacher,start16_step68,380.042;80.239;188.127
bcd_path,teacher,start16_step69,384.766;80.257;187.694
bcd_path,teacher,start16_step70,389.129;80.258;187.278
bcd_path,teacher,start16_step71,393.140;80.250;186.879
bcd_path,teacher,start16_step72,396.827;80.243;186.498
bcd_path,teacher,start16_step73,400.223;80.238;186.133
bcd_path,teacher,start16_step74,403.354;80.234;185.782
bcd_path,teacher,start16_step75,406.240;80.228;185.445
bcd_path,teacher,start16_step76,408.898;80.221;185.123
bcd_path,teacher,start16_step77,411.347;80.215;184.813
bcd_path,teacher,start16_step78,413.603;80.210;184.516
bcd_path,teacher,start16_step79,415.681;80.206;184.232
bcd_path,teacher,start16_step80,417.595;80.201;183.959
bcd_path,teacher,start16_step81,419.359;80.194;183.697
bcd_path,teacher,start16_step82,420.984;80.187;183.445
bcd_path,teacher,start16_step83,422.481;80.180;183.204
bcd_path,teacher,start16_step84,423.860;80.172;182.973
bcd_path,teacher,start16_step85,425.131;80.166;182.751
bcd_path,teacher,start16_step86,426.302;80.160;182.538
bcd_path,teacher,start16_step87,427.380;80.155;182.334
bcd_path,teacher,start16_step88,428.373;80.150;182.138
bcd_path,teacher,start16_step89,429.289;80.146;181.950
bcd_path,teacher,start16_step90,430.132;80.143;181.769
bcd_path,teacher,start16_step91,430.908;80.140;181.596
bcd_path,teacher,start16_step92,431.624;80.138;181.430
bcd_path,teacher,start16_step93,432.283;80.135;181.271
bcd_path,teacher,start16_step94,432.891;80.134;181.118
bcd_path,teacher,start16_step95,433.450;80.132;180.971
bcd_path,teacher,start16_step96,433.965;80.130;180.831
bcd_path,teacher,start16_step97,434.440;80.129;180.696
bcd_path,teacher,start16_step98,434.878;80.128;180.566
bcd_path,teacher,start16_step99,435.281;80.127;180.442
bcd_path,teacher,start16_step100,435.652;80.125;180.323
bcd_path,teacher,start16_step101,435.994;80.124;180.208
bcd_path,teacher,start16_step102,436.309;80.122;180.099
bcd_path,teacher,start16_step103,436.599;80.121;179.812
bcd_path,teacher,start16_step104,436.867;80.119;179.308
bcd_path,teacher,start16_step105,437.113;80.118;178.744
bcd_path,teacher,start16_step106,437.340;80.118;178.164
bcd_path,teacher,start16_step107,437.549;80.117;177.579
bcd_path,teacher,start16_step108,437.742;80.117;176.992
bcd_path,teacher,start16_step109,437.919;80.117;176.406
bcd_path,teacher,start16_step110,438.082;80.118;175.819
bcd_path,teacher,start16_step111,438.233;80.118;175.232
bcd_path,teacher,start16_step112,438.372;80.118;174.645
bcd_path,teacher,start16_step113,438.499;80.118;174.058
bcd_path,teacher,start16_step114,438.617;80.118;173.472
bcd_path,teacher,start16_step115,438.725;80.118;172.885
bcd_path,teacher,start16_step116,438.825;80.117;172.298
bcd_path,teacher,start16_step117,438.917;80.116;171.711
bcd_path,teacher,start16_step118,439.002;80.115;171.124
bcd_path,teacher,start16_step119,439.101;80.115;170.597
bcd_path,teacher,start16_step120,439.287;80.127;170.642
bcd_path,teacher,start16_step121,439.314;80.128;170.538
bcd_path,teacher,start16_step122,439.321;80.129;170.544
bcd_path,teacher,start16_step123,439.340;80.130;170.543
bcd_path,teacher,start16_step124,439.359;80.131;170.534
bcd_path,teacher,start16_step125,439.389;80.133;170.529
bcd_path,teacher,start16_step126,439.425;80.135;170.524
bcd_path,teacher,start16_step127,439.464;80.137;170.516
bcd_path,teacher,start16_step128,439.503;80.139;170.508
bcd_path,teacher,start16_step129,439.539;80.141;170.499
bcd_path,teacher,start16_step130,439.570;80.143;170.490
bcd_path,teacher,start16_step131,439.594;80.144;170.482
bcd_path,teacher,start16_step132,439.609;80.145;170.476
bcd_path,teacher,start16_step133,439.613;80.146;170.473
bcd_path,teacher,start16_step134,439.613;80.145;170.471
bcd_path,teacher,start16_step135,439.612;80.145;170.469
bcd_path,teacher,start16_step136,439.612;80.145;170.466
bcd_path,teacher,start16_step137,439.611;80.145;170.463
bcd_path,teacher,start16_step138,439.606;80.145;170.460
bcd_path,teacher,start16_step139,439.604;80.145;170.457
bcd_path,teacher,start16_step140,439.603;80.145;170.455
bcd_path,teacher,start16_step141,439.601;80.145;170.452
bcd_path,teacher,start16_step142,439.600;80.144;170.449
bcd_path,teacher,start16_step143,439.599;80.145;170.447
bcd_path,teacher,start16_step144,439.599;80.145;170.445
bcd_path,teacher,start16_step145,439.599;80.145;170.443
bcd_path,teacher,start16_step146,439.599;80.145;170.442
bcd_path,teacher,start16_step147,439.600;80.145;170.441
bcd_path,teacher,start16_step148,439.601;80.145;170.440
bcd_path,teacher,start16_step149,439.602;80.145;170.439
bcd_path,teacher,start16_step150,439.602;80.145;170.437
bcd_path,teacher,start16_step151,439.602;80.145;170.436
bcd_path,teacher,start16_step152,439.603;80.145;170.434
bcd_path,teacher,start16_step153,439.603;80.145;170.433
bcd_path,teacher,start16_step154,439.603;80.145;170.432
bcd_path,teacher,start16_step155,439.603;80.145;170.431
bcd_path,teacher,start16_step156,439.603;80.145;170.430
bcd_path,teacher,start16_step157,439.604;80.145;170.428
bcd_path,teacher,start16_step158,439.604;80.144;170.427
bcd_path,teacher,start16_step159,439.604;80.144;170.426
bcd_path,teacher,start16_step160,439.604;80.144;170.424
bcd_path,teacher,start16_step161,439.604;80.144;170.423
bcd_path,teacher,start16_step162,439.604;80.144;170.422
bcd_path,teacher,start16_step163,439.604;80.144;170.420
bcd_path,teacher,start16_step164,439.604;80.144;170.419
bcd_path,teacher,start16_step165,439.604;80.144;170.418
bcd_path,teacher,start16_step166,439.603;80.144;170.416
bcd_path,teacher,start16_step167,439.603;80.144;170.415
bcd_path,teacher,start16_step168,439.603;80.145;170.414
bcd_path,teacher,start16_step169,439.603;80.145;170.412
bcd_path,teacher,start16_step170,439.603;80.144;170.411
bcd_path,teacher,start16_step171,439.602;80.145;170.410
bcd_path,teacher,start16_step172,439.601;80.144;170.408
bcd_path,teacher,start16_step173,439.601;80.144;170.407
bcd_path,teacher,start16_step174,439.600;80.144;170.406
bcd_path,teacher,start16_step175,439.599;80.144;170.405
bcd_path,teacher,start16_step176,439.599;80.144;170.403
bcd_path,teacher,start16_step177,439.599;80.144;170.402
bcd_path,teacher,start16_step178,439.600;80.144;170.401
bcd_path,teacher,start16_step179,439.600;80.144;170.400
bcd_path,teacher,start16_step180,439.600;80.144;170.398
bcd_path,teacher,start16_step181,439.600;80.144;170.397
bcd_path,teacher,start16_step182,439.600;80.144;170.396
bcd_path,teacher,start16_step183,439.600;80.144;170.395
bcd_path,teacher,start16_step184,439.600;80.144;170.393
bcd_path,teacher,start16_step185,439.599;80.144;170.392
bcd_path,teacher,start16_step186,439.599;80.144;170.391
bcd_path,teacher,start16_step187,439.599;80.144;170.389
bcd_path,teacher,start16_step188,439.599;80.144;170.388
bcd_path,teacher,start16_step189,439.599;80.144;170.387
bcd_path,teacher,start16_step190,439.599;80.144;170.386
bcd_path,teacher,start16_step191,439.600;80.144;170.384
bcd_path,teacher,start16_step192,439.600;80.144;170.383
bcd_path,teacher,start16_step193,439.600;80.144;170.382
bcd_path,teacher,start16_step194,439.600;80.144;170.381
bcd_path,teacher,start16_step195,439.600;80.144;170.379
bcd_path,teacher,start16_step196,439.600;80.144;170.378
bcd_path,teacher,start16_step197,439.600;80.144;170.377
bcd_path,teacher,start16_step198,439.600;80.144;170.375
bcd_path,teacher,start16_step199,439.600;80.144;170.374
bcd_path,teacher,start16_step200,439.599;80.144;170.373
bcd_path,teacher,start16_step201,439.599;80.145;170.373
bcd_path,teacher,start16_step202,439.600;80.144;170.372
bcd_path,teacher,start16_step203,439.600;80.144;170.371
bcd_path,teacher,start16_step204,439.600;80.144;170.370
bcd_path,teacher,start16_step205,439.600;80.144;170.369
bcd_path,teacher,start16_step206,439.600;80.144;170.368
bcd_path,teacher,start16_step207,439.600;80.144;170.367
bcd_path,teacher,start16_step208,439.600;80.144;170.366
bcd_path,teacher,start16_step209,439.600;80.144;170.365
bcd_path,teacher,start16_step210,439.600;80.144;170.364
bcd_path,teacher,start16_step211,439.600;80.144;170.363
bcd_path,teacher,start16_step212,439.600;80.144;170.362
bcd_path,teacher,start16_step213,439.599;80.144;170.361
bcd_path,teacher,start16_step214,439.599;80.144;170.360
bcd_path,teacher,start16_step215,439.599;80.144;170.359
bcd_path,teacher,start16_step216,439.599;80.144;170.358
bcd_path,teacher,start16_step217,439.599;80.144;170.357
bcd_path,teacher,start16_step218,439.599;80.144;170.356
bcd_path,teacher,start16_step219,439.599;80.144;170.355
bcd_path,teacher,start16_step220,439.599;80.144;170.354
bcd_path,teacher,start16_step221,439.599;80.144;170.353
bcd_path,teacher,start16_step222,439.598;80.144;170.352
bcd_path,teacher,start16_step223,439.598;80.144;170.352
bcd_path,teacher,start16_step224,439.596;80.144;170.351
bcd_path,teacher,start16_step225,439.595;80.144;170.351
bcd_path,teacher,start16_step226,439.595;80.144;170.350
bcd_path,teacher,start16_step227,439.594;80.144;170.349
bcd_path,teacher,start16_step228,439.594;80.144;170.348
bcd_path,teacher,start16_step229,439.594;80.144;170.347
bcd_path,teacher,start16_step230,439.594;80.144;170.346
bcd_path,teacher,start16_step231,439.594;80.144;170.345
bcd_path,teacher,start16_step232,439.594;80.144;170.344
bcd_path,teacher,start16_step233,439.594;80.144;170.343
bcd_path,teacher,start16_step234,439.594;80.144;170.342
bcd_path,teacher,start16_step235,439.594;80.144;170.341
bcd_path,teacher,start16_step236,439.594;80.144;170.341
bcd_path,teacher,start16_step237,439.594;80.144;170.340
bcd_path,teacher,start16_step238,439.594;80.144;170.339
bcd_path,teacher,start16_step239,439.594;80.144;170.338
bcd_path,teacher,start16_step240,439.594;80.144;170.337
bcd_path,teacher,start16_step241,439.593;80.144;170.336
bcd_path,teacher,start16_step242,439.593;80.144;170.335
bcd_path,teacher,start16_step243,439.593;80.144;170.334
bcd_path,teacher,start16_step244,439.593;80.144;170.333
bcd_path,teacher,start16_step245,439.593;80.144;170.332
bcd_path,teacher,start16_step246,439.593;80.144;170.331
bcd_path,teacher,start16_step247,439.593;80.144;170.330
bcd_path,teacher,start16_step248,439.593;80.144;170.329
bcd_path,teacher,start16_step249,439.593;80.144;170.328
bcd_path,teacher,start16_step250,439.593;80.144;170.327
bcd_path,teacher,start16_step251,439.593;80.144;170.326
bcd_path,teacher,start16_step252,439.593;80.144;170.325
bcd_path,teacher,start16_step253,439.593;80.144;170.324
bcd_path,teacher,start16_step254,439.593;80.144;170.324
bcd_path,teacher,start16_step255,439.593;80.144;170.323
bcd_path,teacher,start16_step256,439.593;80.144;170.322
bcd_path,teacher,start16_step257,439.593;80.144;170.321
bcd_path,teacher,start16_step258,439.592;80.144;170.320
bcd_path,teacher,start16_step259,439.592;80.144;170.319
bcd_path,teacher,start16_step260,439.592;80.144;170.318
bcd_path,teacher,start16_step261,439.592;80.143;170.317
bcd_path,teacher,start16_step262,439.592;80.143;170.316
bcd_path,teacher,start16_step263,439.592;80.143;170.315
bcd_path,teacher,start16_step264,439.592;80.143;170.314
bcd_path,teacher,start16_step265,439.592;80.143;170.313
bcd_path,teacher,start16_step266,439.592;80.143;170.312
bcd_path,teacher,start16_step267,439.592;80.143;170.311
bcd_path,teacher,start16_step268,439.592;80.143;170.310
bcd_path,teacher,start16_step269,439.592;80.143;170.309
bcd_path,teacher,start16_step270,439.592;80.143;170.308
bcd_path,teacher,start16_step271,439.592;80.143;170.307
bcd_path,teacher,start16_step272,439.592;80.143;170.306
bcd_path,teacher,start16_step273,439.592;80.143;170.305
bcd_path,teacher,start16_step274,439.591;80.143;170.304
bcd_path,teacher,start16_step275,439.591;80.143;170.303
bcd_path,teacher,start16_step276,439.591;80.143;170.302
bcd_path,teacher,start16_step277,439.591;80.143;170.301
bcd_path,teacher,start16_step278,439.591;80.143;170.300
bcd_path,teacher,start16_step279,439.591;80.143;170.299
bcd_path,teacher,start16_step280,439.591;80.143;170.299
bcd_path,teacher,start16_step281,439.591;80.143;170.298
bcd_path,teacher,start16_step282,439.591;80.143;170.297
bcd_path,teacher,start16_step283,439.591;80.143;170.296
bcd_path,teacher,start16_step284,439.591;80.143;170.295
bcd_path,teacher,start16_step285,439.591;80.143;170.294
bcd_path,teacher,start16_step286,439.591;80.143;170.293
bcd_path,teacher,start16_step287,439.591;80.143;170.293
bcd_path,teacher,start16_step288,439.591;80.143;170.292
bcd_path,teacher,start16_step289,439.590;80.143;170.291
bcd_path,teacher,start16_step290,439.590;80.143;170.291
bcd_path,teacher,start16_step291,439.590;80.143;170.290
bcd_path,teacher,start16_step292,439.590;80.143;170.289
bcd_path,teacher,start16_step293,439.590;80.143;170.288
bcd_path,teacher,start16_step294,439.590;80.143;170.287
bcd_path,teacher,start16_step295,439.590;80.143;170.286
bcd_path,teacher,start16_step296,439.590;80.143;170.285
bcd_path,teacher,start16_step297,439.590;80.143;170.284
bcd_path,teacher,start16_step298,439.590;80.143;170.283
bcd_path,teacher,start16_step299,439.590;80.143;170.282
bcd_path,shuffled,start13_step0,-8.233;-23.291;22.125
bcd_path,shuffled,start13_step1,-7.983;-23.378;25.649
bcd_path,shuffled,start13_step2,-7.421;-23.484;30.473
bcd_path,shuffled,start13_step3,-6.625;-23.575;36.299
bcd_path,shuffled,start13_step4,-5.605;-23.570;42.745
bcd_path,shuffled,start13_step5,-4.348;-23.285;49.490
bcd_path,shuffled,start13_step6,-2.919;-22.613;56.371
bcd_path,shuffled,start13_step7,-1.258;-21.555;63.326
bcd_path,shuffled,start13_step8,0.714;-20.204;70.260
bcd_path,shuffled,start13_step9,3.098;-18.594;77.084
bcd_path,shuffled,start13_step10,5.873;-16.644;83.686
bcd_path,shuffled,start13_step11,9.014;-14.390;90.019
bcd_path,shuffled,start13_step12,12.561;-11.831;96.161
bcd_path,shuffled,start13_step13,16.491;-8.979;102.120
bcd_path,shuffled,start13_step14,20.701;-5.830;107.864
bcd_path,shuffled,start13_step15,25.152;-2.375;113.399
bcd_path,shuffled,start13_step16,29.860;1.349;118.702
bcd_path,shuffled,start13_step17,34.844;5.296;123.807
bcd_path,shuffled,start13_step18,40.101;9.445;128.834
bcd_path,shuffled,start13_step19,45.634;13.734;133.821
bcd_path,shuffled,start13_step20,51.412;18.054;138.727
bcd_path,shuffled,start13_step21,57.365;22.327;143.551
bcd_path,shuffled,start13_step22,63.479;26.540;148.295
bcd_path,shuffled,start13_step23,69.739;30.641;152.946
bcd_path,shuffled,start13_step24,76.125;34.595;157.549
bcd_path,shuffled,start13_step25,82.584;38.421;162.121
bcd_path,shuffled,start13_step26,89.154;42.095;166.680
bcd_path,shuffled,start13_step27,95.813;45.553;171.303
bcd_path,shuffled,start13_step28,102.488;48.782;175.996
bcd_path,shuffled,start13_step29,109.151;51.800;180.640
bcd_path,shuffled,start13_step30,115.801;54.659;185.129
bcd_path,shuffled,start13_step31,122.494;57.378;189.417
bcd_path,shuffled,start13_step32,129.287;59.987;193.447
bcd_path,shuffled,start13_step33,136.078;62.518;197.240
bcd_path,shuffled,start13_step34,142.785;64.927;200.820
bcd_path,shuffled,start13_step35,149.363;67.191;204.073
bcd_path,shuffled,start13_step36,155.830;69.306;206.896
bcd_path,shuffled,start13_step37,162.204;71.275;209.228
bcd_path,shuffled,start13_step38,168.448;73.170;211.025
bcd_path,shuffled,start13_step39,174.540;75.024;212.378
bcd_path,shuffled,start13_step40,180.572;76.856;213.381
bcd_path,shuffled,start13_step41,186.724;78.706;214.240
bcd_path,shuffled,start13_step42,193.146;80.404;215.126
bcd_path,shuffled,start13_step43,199.788;81.980;215.968
bcd_path,shuffled,start13_step44,206.553;83.410;216.643
bcd_path,shuffled,start13_step45,213.382;84.686;217.183
bcd_path,shuffled,start13_step46,220.239;85.807;217.685
bcd_path,shuffled,start13_step47,227.102;86.796;218.167
bcd_path,shuffled,start13_step48,233.954;87.600;218.687
bcd_path,shuffled,start13_step49,240.845;88.218;219.308
bcd_path,shuffled,start13_step50,247.797;88.752;220.083
bcd_path,shuffled,start13_step51,254.847;89.234;220.957
bcd_path,shuffled,start13_step52,261.980;89.587;221.752
bcd_path,shuffled,start13_step53,269.182;89.844;222.325
bcd_path,shuffled,start13_step54,276.384;90.049;222.538
bcd_path,shuffled,start13_step55,283.584;90.260;222.273
bcd_path,shuffled,start13_step56,290.657;90.509;221.553
bcd_path,shuffled,start13_step57,297.463;90.804;220.416
bcd_path,shuffled,start13_step58,303.972;91.189;218.948
bcd_path,shuffled,start13_step59,310.159;91.699;217.248
bcd_path,shuffled,start13_step60,316.004;92.279;215.391
bcd_path,shuffled,start13_step61,320.611;93.639;215.287
bcd_path,shuffled,start13_step62,321.635;97.643;217.104
bcd_path,shuffled,start13_step63,319.708;103.432;219.693
bcd_path,shuffled,start13_step64,315.752;109.645;222.935
bcd_path,shuffled,start13_step65,310.465;115.456;226.668
bcd_path,shuffled,start13_step66,304.505;120.411;230.540
bcd_path,shuffled,start13_step67,298.368;124.469;234.327
bcd_path,shuffled,start13_step68,292.335;127.776;237.941
bcd_path,shuffled,start13_step69,286.682;130.412;241.464
bcd_path,shuffled,start13_step70,281.551;132.571;244.959
bcd_path,shuffled,start13_step71,276.986;134.552;248.308
bcd_path,shuffled,start13_step72,273.004;136.504;251.428
bcd_path,shuffled,start13_step73,269.563;138.492;254.375
bcd_path,shuffled,start13_step74,266.672;140.474;257.222
bcd_path,shuffled,start13_step75,264.309;142.460;259.895
bcd_path,shuffled,start13_step76,262.421;144.559;262.215
bcd_path,shuffled,start13_step77,260.924;146.819;264.115
bcd_path,shuffled,start13_step78,259.750;149.263;265.616
bcd_path,shuffled,start13_step79,258.883;151.964;266.789
bcd_path,shuffled,start13_step80,258.341;154.925;267.678
bcd_path,shuffled,start13_step81,258.156;158.047;268.365
bcd_path,shuffled,start13_step82,258.215;161.270;268.960
bcd_path,shuffled,start13_step83,258.428;164.573;269.576
bcd_path,shuffled,start13_step84,258.732;167.945;270.196
bcd_path,shuffled,start13_step85,259.104;171.432;270.672
bcd_path,shuffled,start13_step86,259.563;175.061;271.005
bcd_path,shuffled,start13_step87,260.021;178.826;271.287
bcd_path,shuffled,start13_step88,260.426;182.701;271.511
bcd_path,shuffled,start13_step89,260.801;186.595;271.609
bcd_path,shuffled,start13_step90,261.177;190.447;271.571
bcd_path,shuffled,start13_step91,261.631;194.188;271.479
bcd_path,shuffled,start13_step92,262.139;197.844;271.318
bcd_path,shuffled,start13_step93,262.738;201.497;271.123
bcd_path,shuffled,start13_step94,263.380;205.139;271.049
bcd_path,shuffled,start13_step95,263.903;208.855;271.085
bcd_path,shuffled,start13_step96,264.302;212.577;271.251
bcd_path,shuffled,start13_step97,264.610;216.276;271.464
bcd_path,shuffled,start13_step98,264.830;219.956;271.699
bcd_path,shuffled,start13_step99,264.932;223.620;271.969
bcd_path,shuffled,start13_step100,265.023;227.247;272.132
bcd_path,shuffled,start13_step101,264.171;230.044;273.847
bcd_path,shuffled,start13_step102,260.121;230.149;277.150
bcd_path,shuffled,start13_step103,253.815;227.946;280.991
bcd_path,shuffled,start13_step104,246.765;224.045;285.207
bcd_path,shuffled,start13_step105,239.969;218.255;289.949
bcd_path,shuffled,start13_step106,234.132;209.544;294.693
bcd_path,shuffled,start13_step107,230.203;198.431;299.057
bcd_path,shuffled,start13_step108,228.756;185.900;302.945
bcd_path,shuffled,start13_step109,230.507;172.759;307.174
bcd_path,shuffled,start13_step110,236.345;160.225;311.767
bcd_path,shuffled,start13_step111,246.064;149.871;317.003
bcd_path,shuffled,start13_step112,259.140;143.300;322.828
bcd_path,shuffled,start13_step113,273.600;140.912;328.545
bcd_path,shuffled,start13_step114,287.947;143.058;334.725
bcd_path,shuffled,start13_step115,300.404;150.192;341.321
bcd_path,shuffled,start13_step116,309.711;160.743;347.644
bcd_path,shuffled,start13_step117,314.898;173.498;354.262
bcd_path,shuffled,start13_step118,314.371;187.151;361.508
bcd_path,shuffled,start13_step119,308.367;199.587;368.983
bcd_path,shuffled,start13_step120,297.593;208.681;377.035
bcd_path,shuffled,start13_step121,283.360;212.997;385.598
bcd_path,shuffled,start13_step122,268.265;212.220;394.028
bcd_path,shuffled,start13_step123,254.522;206.210;402.654
bcd_path,shuffled,start13_step124,243.771;195.518;411.417
bcd_path,shuffled,start13_step125,237.209;182.033;419.919
bcd_path,shuffled,start13_step126,235.825;167.419;428.925
bcd_path,shuffled,start13_step127,240.133;153.387;438.417
bcd_path,shuffled,start13_step128,248.914;141.724;447.669
bcd_path,shuffled,start13_step129,261.120;133.818;457.071
bcd_path,shuffled,start13_step130,275.589;130.998;466.554
bcd_path,shuffled,start13_step131,290.185;133.020;475.467
bcd_path,shuffled,start13_step132,303.549;138.684;483.643
bcd_path,shuffled,start13_step133,314.938;146.991;490.980
bcd_path,shuffled,start13_step134,323.924;157.033;497.327
bcd_path,shuffled,start13_step135,329.385;168.302;503.606
bcd_path,shuffled,start13_step136,329.808;179.612;509.972
bcd_path,shuffled,start13_step137,326.224;189.904;516.017
bcd_path,shuffled,start13_step138,319.634;198.521;521.624
bcd_path,shuffled,start13_step139,310.989;205.026;526.613
bcd_path,shuffled,start13_step140,301.296;209.281;530.959
bcd_path,shuffled,start13_step141,291.679;210.831;535.096
bcd_path,shuffled,start13_step142,283.316;208.776;539.033
bcd_path,shuffled,start13_step143,277.266;203.240;543.533
bcd_path,shuffled,start13_step144,275.149;194.884;548.556
bcd_path,shuffled,start13_step145,276.710;185.398;553.518
bcd_path,shuffled,start13_step146,282.258;176.246;559.141
bcd_path,shuffled,start13_step147,292.104;169.395;565.420
bcd_path,shuffled,start13_step148,304.522;165.743;571.692
bcd_path,shuffled,start13_step149,317.956;165.150;577.661
bcd_path,shuffled,start13_step150,331.364;167.095;583.013
bcd_path,shuffled,start13_step151,343.992;171.065;587.561
bcd_path,shuffled,start13_step152,355.256;176.484;591.439
bcd_path,shuffled,start13_step153,364.839;182.738;594.679
bcd_path,shuffled,start13_step154,371.674;189.815;598.887
bcd_path,shuffled,start13_step155,373.414;197.967;604.262
bcd_path,shuffled,start13_step156,370.775;206.077;609.710
bcd_path,shuffled,start13_step157,364.196;212.815;615.665
bcd_path,shuffled,start13_step158,353.543;216.189;622.942
bcd_path,shuffled,start13_step159,340.574;214.799;631.805
bcd_path,shuffled,start13_step160,327.460;208.308;641.888
bcd_path,shuffled,start13_step161,316.093;197.017;652.805
bcd_path,shuffled,start13_step162,308.169;181.821;664.268
bcd_path,shuffled,start13_step163,305.025;164.122;676.047
bcd_path,shuffled,start13_step164,307.467;145.746;687.976
bcd_path,shuffled,start13_step165,315.282;128.790;699.647
bcd_path,shuffled,start13_step166,326.973;114.951;710.491
bcd_path,shuffled,start13_step167,340.724;104.596;720.247
bcd_path,shuffled,start13_step168,355.325;97.506;728.895
bcd_path,shuffled,start13_step169,369.833;93.292;736.488
bcd_path,shuffled,start13_step170,383.408;91.355;743.340
bcd_path,shuffled,start13_step171,395.398;92.049;750.382
bcd_path,shuffled,start13_step172,404.896;96.437;757.408
bcd_path,shuffled,start13_step173,411.793;103.458;763.786
bcd_path,shuffled,start13_step174,416.015;112.001;769.381
bcd_path,shuffled,start13_step175,417.489;121.079;774.229
bcd_path,shuffled,start13_step176,416.770;129.721;778.365
bcd_path,shuffled,start13_step177,414.157;137.073;782.206
bcd_path,shuffled,start13_step178,409.109;142.162;785.794
bcd_path,shuffled,start13_step179,401.975;144.062;789.922
bcd_path,shuffled,start13_step180,393.912;141.539;794.579
bcd_path,shuffled,start13_step181,386.235;135.509;799.174
bcd_path,shuffled,start13_step182,379.759;127.020;803.415
bcd_path,shuffled,start13_step183,374.998;116.894;807.185
bcd_path,shuffled,start13_step184,372.189;105.893;810.429
bcd_path,shuffled,start13_step185,372.314;94.895;814.660
bcd_path,shuffled,start13_step186,377.191;85.692;819.996
bcd_path,shuffled,start13_step187,385.425;79.337;825.271
bcd_path,shuffled,start13_step188,395.442;75.788;830.229
bcd_path,shuffled,start13_step189,406.274;75.739;835.637
bcd_path,shuffled,start13_step190,416.522;81.096;842.297
bcd_path,shuffled,start13_step191,424.329;91.823;850.287
bcd_path,shuffled,start13_step192,428.063;106.360;859.114
bcd_path,shuffled,start13_step193,426.566;122.706;868.560
bcd_path,shuffled,start13_step194,419.372;138.711;878.507
bcd_path,shuffled,start13_step195,407.009;152.039;888.885
bcd_path,shuffled,start13_step196,390.821;160.800;899.564
bcd_path,shuffled,start13_step197,372.757;163.745;910.540
bcd_path,shuffled,start13_step198,355.171;160.489;921.938
bcd_path,shuffled,start13_step199,340.274;151.581;933.738
bcd_path,shuffled,start13_step200,329.780;138.199;945.805
bcd_path,shuffled,start13_step201,324.720;122.206;957.797
bcd_path,shuffled,start13_step202,325.134;105.953;969.215
bcd_path,shuffled,start13_step203,330.101;91.335;979.655
bcd_path,shuffled,start13_step204,339.176;79.788;990.181
bcd_path,shuffled,start13_step205,352.033;73.256;1001.419
bcd_path,shuffled,start13_step206,366.727;72.546;1012.942
bcd_path,shuffled,start13_step207,381.030;77.757;1024.692
bcd_path,shuffled,start13_step208,392.763;88.260;1036.785
bcd_path,shuffled,start13_step209,400.198;102.693;1049.150
bcd_path,shuffled,start13_step210,402.204;119.057;1061.835
bcd_path,shuffled,start13_step211,398.464;135.179;1074.851
bcd_path,shuffled,start13_step212,389.460;148.999;1088.178
bcd_path,shuffled,start13_step213,376.191;158.924;1101.662
bcd_path,shuffled,start13_step214,360.064;163.783;1115.134
bcd_path,shuffled,start13_step215,342.912;162.895;1128.468
bcd_path,shuffled,start13_step216,326.837;156.567;1141.261
bcd_path,shuffled,start13_step217,313.828;145.791;1153.393
bcd_path,shuffled,start13_step218,305.181;132.030;1164.752
bcd_path,shuffled,start13_step219,301.068;117.384;1174.738
bcd_path,shuffled,start13_step220,300.821;103.534;1183.071
bcd_path,shuffled,start13_step221,304.463;91.609;1190.765
bcd_path,shuffled,start13_step222,312.735;83.498;1199.154
bcd_path,shuffled,start13_step223,324.613;80.665;1208.575
bcd_path,shuffled,start13_step224,337.944;83.691;1218.672
bcd_path,shuffled,start13_step225,350.376;91.999;1228.797
bcd_path,shuffled,start13_step226,359.946;104.030;1238.359
bcd_path,shuffled,start13_step227,365.759;118.085;1247.144
bcd_path,shuffled,start13_step228,368.005;132.688;1255.031
bcd_path,shuffled,start13_step229,367.195;146.829;1261.895
bcd_path,shuffled,start13_step230,363.971;159.786;1267.857
bcd_path,shuffled,start13_step231,359.321;170.989;1272.961
bcd_path,shuffled,start13_step232,354.197;180.253;1277.314
bcd_path,shuffled,start13_step233,348.510;186.983;1281.998
bcd_path,shuffled,start13_step234,340.656;188.975;1288.144
bcd_path,shuffled,start13_step235,331.444;185.344;1295.495
bcd_path,shuffled,start13_step236,323.026;176.453;1303.742
bcd_path,shuffled,start13_step237,317.313;162.925;1312.922
bcd_path,shuffled,start13_step238,315.950;146.516;1322.864
bcd_path,shuffled,start13_step239,319.688;129.347;1333.159
bcd_path,shuffled,start13_step240,328.665;113.596;1343.738
bcd_path,shuffled,start13_step241,342.473;101.179;1354.619
bcd_path,shuffled,start13_step242,359.749;93.758;1365.659
bcd_path,shuffled,start13_step243,378.452;92.407;1376.847
bcd_path,shuffled,start13_step244,396.083;97.275;1388.322
bcd_path,shuffled,start13_step245,410.431;107.610;1400.103
bcd_path,shuffled,start13_step246,419.843;122.016;1412.100
bcd_path,shuffled,start13_step247,423.270;138.647;1424.201
bcd_path,shuffled,start13_step248,420.332;155.375;1436.309
bcd_path,shuffled,start13_step249,411.425;169.970;1448.384
bcd_path,shuffled,start13_step250,397.773;180.413;1460.453
bcd_path,shuffled,start13_step251,381.363;185.302;1472.531
bcd_path,shuffled,start13_step252,364.690;184.466;1484.263
bcd_path,shuffled,start13_step253,349.877;178.891;1495.154
bcd_path,shuffled,start13_step254,338.590;169.148;1506.077
bcd_path,shuffled,start13_step255,332.498;155.873;1517.641
bcd_path,shuffled,start13_step256,331.891;141.278;1529.109
bcd_path,shuffled,start13_step257,336.048;127.661;1539.818
bcd_path,shuffled,start13_step258,344.765;116.892;1550.578
bcd_path,shuffled,start13_step259,357.540;110.495;1562.020
bcd_path,shuffled,start13_step260,372.605;109.411;1573.841
bcd_path,shuffled,start13_step261,387.760;113.581;1585.420
bcd_path,shuffled,start13_step262,400.881;121.983;1596.209
bcd_path,shuffled,start13_step263,410.638;133.288;1606.055
bcd_path,shuffled,start13_step264,415.733;146.581;1616.156
bcd_path,shuffled,start13_step265,415.146;160.661;1626.868
bcd_path,shuffled,start13_step266,409.566;173.530;1637.376
bcd_path,shuffled,start13_step267,400.458;183.893;1647.054
bcd_path,shuffled,start13_step268,389.507;191.607;1655.727
bcd_path,shuffled,start13_step269,377.659;195.901;1664.405
bcd_path,shuffled,start13_step270,365.211;194.629;1673.713
bcd_path,shuffled,start13_step271,353.579;187.929;1683.001
bcd_path,shuffled,start13_step272,344.542;177.599;1691.442
bcd_path,shuffled,start13_step273,339.576;164.913;1699.465
bcd_path,shuffled,start13_step274,339.981;150.861;1707.831
bcd_path,shuffled,start13_step275,346.334;137.230;1716.813
bcd_path,shuffled,start13_step276,358.092;126.209;1726.412
bcd_path,shuffled,start13_step277,373.569;119.766;1736.631
bcd_path,shuffled,start13_step278,390.764;119.038;1747.322
bcd_path,shuffled,start13_step279,407.479;124.341;1758.341
bcd_path,shuffled,start13_step280,421.568;135.206;1769.552
bcd_path,shuffled,start13_step281,431.145;150.376;1780.883
bcd_path,shuffled,start13_step282,434.877;167.913;1792.326
bcd_path,shuffled,start13_step283,432.231;185.558;1803.848
bcd_path,shuffled,start13_step284,423.611;201.006;1815.370
bcd_path,shuffled,start13_step285,410.493;212.366;1826.593
bcd_path,shuffled,start13_step286,395.146;218.645;1837.084
bcd_path,shuffled,start13_step287,379.708;219.932;1846.569
bcd_path,shuffled,start13_step288,365.480;217.205;1855.007
bcd_path,shuffled,start13_step289,353.770;210.625;1863.377
bcd_path,shuffled,start13_step290,346.946;200.051;1872.567
bcd_path,shuffled,start13_step291,346.137;187.270;1882.573
bcd_path,shuffled,start13_step292,350.935;174.672;1892.708
bcd_path,shuffled,start13_step293,360.544;164.447;1902.933
bcd_path,shuffled,start13_step294,373.776;158.050;1913.080
bcd_path,shuffled,start13_step295,388.521;156.062;1922.633
bcd_path,shuffled,start13_step296,403.086;158.033;1931.384
bcd_path,shuffled,start13_step297,416.500;163.031;1939.201
bcd_path,shuffled,start13_step298,428.119;170.238;1946.055
bcd_path,shuffled,start13_step299,436.842;179.369;1952.991
bcd_path,shuffled,start14_step0,-30.802;-35.067;23.334
bcd_path,shuffled,start14_step1,-35.474;-30.463;28.962
bcd_path,shuffled,start14_step2,-44.570;-22.791;35.837
bcd_path,shuffled,start14_step3,-57.552;-13.906;43.562
bcd_path,shuffled,start14_step4,-73.352;-5.352;51.690
bcd_path,shuffled,start14_step5,-90.712;1.633;59.817
bcd_path,shuffled,start14_step6,-108.420;6.308;68.200
bcd_path,shuffled,start14_step7,-125.788;8.093;76.712
bcd_path,shuffled,start14_step8,-141.847;7.504;85.204
bcd_path,shuffled,start14_step9,-156.110;5.384;93.602
bcd_path,shuffled,start14_step10,-168.560;2.481;101.819
bcd_path,shuffled,start14_step11,-179.385;-0.720;109.721
bcd_path,shuffled,start14_step12,-188.799;-3.859;117.144
bcd_path,shuffled,start14_step13,-197.094;-6.791;123.967
bcd_path,shuffled,start14_step14,-204.603;-9.499;130.078
bcd_path,shuffled,start14_step15,-211.481;-11.977;135.499
bcd_path,shuffled,start14_step16,-217.865;-14.231;140.369
bcd_path,shuffled,start14_step17,-223.919;-16.229;144.698
bcd_path,shuffled,start14_step18,-229.800;-18.023;148.571
bcd_path,shuffled,start14_step19,-235.595;-19.598;152.233
bcd_path,shuffled,start14_step20,-241.371;-20.939;155.984
bcd_path,shuffled,start14_step21,-247.036;-22.063;159.869
bcd_path,shuffled,start14_step22,-252.586;-22.945;163.829
bcd_path,shuffled,start14_step23,-258.113;-23.635;167.792
bcd_path,shuffled,start14_step24,-263.733;-24.216;171.612
bcd_path,shuffled,start14_step25,-269.432;-24.731;175.181
bcd_path,shuffled,start14_step26,-275.182;-25.203;178.484
bcd_path,shuffled,start14_step27,-281.034;-25.671;181.709
bcd_path,shuffled,start14_step28,-286.951;-26.096;184.791
bcd_path,shuffled,start14_step29,-292.971;-26.483;187.578
bcd_path,shuffled,start14_step30,-299.021;-26.834;190.121
bcd_path,shuffled,start14_step31,-305.062;-27.150;192.378
bcd_path,shuffled,start14_step32,-311.066;-27.375;194.390
bcd_path,shuffled,start14_step33,-316.935;-27.532;196.148
bcd_path,shuffled,start14_step34,-322.670;-27.591;197.579
bcd_path,shuffled,start14_step35,-328.235;-27.565;198.791
bcd_path,shuffled,start14_step36,-333.539;-27.486;199.838
bcd_path,shuffled,start14_step37,-338.595;-27.352;200.691
bcd_path,shuffled,start14_step38,-343.497;-27.168;201.325
bcd_path,shuffled,start14_step39,-348.224;-26.941;201.776
bcd_path,shuffled,start14_step40,-352.757;-26.669;202.087
bcd_path,shuffled,start14_step41,-357.148;-26.363;202.168
bcd_path,shuffled,start14_step42,-361.488;-26.006;201.986
bcd_path,shuffled,start14_step43,-365.833;-25.497;201.607
bcd_path,shuffled,start14_step44,-370.261;-24.828;201.080
bcd_path,shuffled,start14_step45,-374.789;-24.000;200.432
bcd_path,shuffled,start14_step46,-379.409;-23.040;199.786
bcd_path,shuffled,start14_step47,-384.047;-21.996;199.167
bcd_path,shuffled,start14_step48,-388.601;-20.890;198.502
bcd_path,shuffled,start14_step49,-393.037;-19.767;197.866
bcd_path,shuffled,start14_step50,-397.332;-18.664;197.275
bcd_path,shuffled,start14_step51,-401.442;-17.569;196.702
bcd_path,shuffled,start14_step52,-405.410;-16.465;196.101
bcd_path,shuffled,start14_step53,-409.321;-15.311;195.503
bcd_path,shuffled,start14_step54,-413.193;-14.104;195.010
bcd_path,shuffled,start14_step55,-416.983;-12.859;194.593
bcd_path,shuffled,start14_step56,-420.710;-11.575;194.187
bcd_path,shuffled,start14_step57,-424.321;-10.277;193.711
bcd_path,shuffled,start14_step58,-427.737;-8.995;193.185
bcd_path,shuffled,start14_step59,-430.994;-7.730;192.697
bcd_path,shuffled,start14_step60,-434.152;-6.503;192.238
bcd_path,shuffled,start14_step61,-437.234;-5.301;191.816
bcd_path,shuffled,start14_step62,-440.293;-4.097;191.384
bcd_path,shuffled,start14_step63,-443.417;-2.857;190.857
bcd_path,shuffled,start14_step64,-446.601;-1.586;190.235
bcd_path,shuffled,start14_step65,-449.867;-0.269;189.511
bcd_path,shuffled,start14_step66,-453.257;1.045;188.730
bcd_path,shuffled,start14_step67,-456.819;2.308;187.883
bcd_path,shuffled,start14_step68,-460.513;3.574;186.988
bcd_path,shuffled,start14_step69,-464.268;4.972;186.128
bcd_path,shuffled,start14_step70,-468.065;6.494;185.399
bcd_path,shuffled,start14_step71,-471.942;8.175;184.912
bcd_path,shuffled,start14_step72,-475.851;9.965;184.634
bcd_path,shuffled,start14_step73,-479.762;11.825;184.490
bcd_path,shuffled,start14_step74,-483.660;13.701;184.430
bcd_path,shuffled,start14_step75,-487.549;15.562;184.411
bcd_path,shuffled,start14_step76,-491.424;17.455;184.380
bcd_path,shuffled,start14_step77,-494.760;19.323;185.833
bcd_path,shuffled,start14_step78,-496.303;20.889;189.398
bcd_path,shuffled,start14_step79,-496.703;22.279;194.036
bcd_path,shuffled,start14_step80,-496.567;23.521;199.207
bcd_path,shuffled,start14_step81,-496.353;24.595;204.402
bcd_path,shuffled,start14_step82,-496.240;25.571;209.319
bcd_path,shuffled,start14_step83,-496.315;26.443;213.905
bcd_path,shuffled,start14_step84,-496.689;27.207;218.107
bcd_path,shuffled,start14_step85,-497.397;27.966;221.938
bcd_path,shuffled,start14_step86,-498.444;28.738;225.434
bcd_path,shuffled,start14_step87,-499.963;29.493;228.562
bcd_path,shuffled,start14_step88,-501.954;30.292;231.282
bcd_path,shuffled,start14_step89,-504.239;31.193;233.687
bcd_path,shuffled,start14_step90,-506.647;32.191;235.708
bcd_path,shuffled,start14_step91,-509.102;33.268;237.256
bcd_path,shuffled,start14_step92,-511.565;34.316;238.265
bcd_path,shuffled,start14_step93,-514.100;35.297;238.753
bcd_path,shuffled,start14_step94,-516.733;36.147;238.831
bcd_path,shuffled,start14_step95,-519.446;36.882;238.525
bcd_path,shuffled,start14_step96,-522.204;37.455;237.983
bcd_path,shuffled,start14_step97,-524.951;37.798;237.300
bcd_path,shuffled,start14_step98,-527.722;37.955;236.518
bcd_path,shuffled,start14_step99,-530.580;38.024;235.624
bcd_path,shuffled,start14_step100,-533.077;38.422;234.284
bcd_path,shuffled,start14_step101,-533.852;40.032;232.055
bcd_path,shuffled,start14_step102,-532.928;42.737;228.942
bcd_path,shuffled,start14_step103,-530.407;46.118;225.172
bcd_path,shuffled,start14_step104,-526.384;49.710;221.059
bcd_path,shuffled,start14_step105,-521.214;52.916;216.791
bcd_path,shuffled,start14_step106,-515.988;54.829;214.538
bcd_path,shuffled,start14_step107,-513.421;53.955;216.340
bcd_path,shuffled,start14_step108,-512.761;50.225;221.717
bcd_path,shuffled,start14_step109,-512.855;44.549;229.127
bcd_path,shuffled,start14_step110,-513.115;37.979;237.398
bcd_path,shuffled,start14_step111,-513.419;31.360;245.792
bcd_path,shuffled,start14_step112,-513.749;25.181;253.759
bcd_path,shuffled,start14_step113,-513.956;19.648;261.095
bcd_path,shuffled,start14_step114,-514.095;14.846;267.689
bcd_path,shuffled,start14_step115,-514.263;10.838;273.534
bcd_path,shuffled,start14_step116,-514.437;7.603;278.727
bcd_path,shuffled,start14_step117,-514.594;5.119;283.315
bcd_path,shuffled,start14_step118,-514.750;3.412;287.212
bcd_path,shuffled,start14_step119,-514.857;2.449;290.417
bcd_path,shuffled,start14_step120,-514.870;2.203;292.830
bcd_path,shuffled,start14_step121,-514.774;2.589;294.342
bcd_path,shuffled,start14_step122,-514.542;3.484;295.015
bcd_path,shuffled,start14_step123,-514.117;4.845;294.953
bcd_path,shuffled,start14_step124,-513.553;6.612;294.242
bcd_path,shuffled,start14_step125,-512.892;8.747;292.923
bcd_path,shuffled,start14_step126,-512.117;11.180;291.097
bcd_path,shuffled,start14_step127,-511.278;13.881;288.874
bcd_path,shuffled,start14_step128,-510.375;16.808;286.313
bcd_path,shuffled,start14_step129,-509.360;19.983;283.447
bcd_path,shuffled,start14_step130,-508.222;23.402;280.207
bcd_path,shuffled,start14_step131,-506.967;27.008;276.620
bcd_path,shuffled,start14_step132,-505.599;30.824;272.806
bcd_path,shuffled,start14_step133,-504.195;34.804;268.829
bcd_path,shuffled,start14_step134,-502.826;38.899;264.794
bcd_path,shuffled,start14_step135,-501.562;43.112;260.692
bcd_path,shuffled,start14_step136,-500.460;47.448;256.396
bcd_path,shuffled,start14_step137,-499.467;51.808;251.922
bcd_path,shuffled,start14_step138,-498.555;56.197;247.360
bcd_path,shuffled,start14_step139,-497.722;60.590;242.704
bcd_path,shuffled,start14_step140,-497.004;65.035;238.103
bcd_path,shuffled,start14_step141,-496.412;69.579;233.873
bcd_path,shuffled,start14_step142,-495.953;74.221;230.044
bcd_path,shuffled,start14_step143,-495.581;78.969;226.436
bcd_path,shuffled,start14_step144,-495.314;83.742;222.919
bcd_path,shuffled,start14_step145,-495.173;88.530;219.412
bcd_path,shuffled,start14_step146,-495.122;93.356;215.788
bcd_path,shuffled,start14_step147,-495.052;98.195;211.961
bcd_path,shuffled,start14_step148,-494.978;103.077;208.017
bcd_path,shuffled,start14_step149,-494.928;108.002;204.021
bcd_path,shuffled,start14_step150,-494.886;112.948;200.007
bcd_path,shuffled,start14_step151,-494.899;117.884;196.055
bcd_path,shuffled,start14_step152,-495.004;122.911;192.215
bcd_path,shuffled,start14_step153,-495.225;128.049;188.270
bcd_path,shuffled,start14_step154,-495.453;133.229;184.244
bcd_path,shuffled,start14_step155,-495.686;138.449;180.318
bcd_path,shuffled,start14_step156,-495.928;143.683;176.492
bcd_path,shuffled,start14_step157,-496.146;148.908;172.849
bcd_path,shuffled,start14_step158,-496.336;154.087;169.441
bcd_path,shuffled,start14_step159,-496.522;159.239;166.304
bcd_path,shuffled,start14_step160,-496.690;164.372;163.383
bcd_path,shuffled,start14_step161,-496.776;169.535;160.530
bcd_path,shuffled,start14_step162,-496.826;174.752;157.577
bcd_path,shuffled,start14_step163,-496.930;180.004;154.564
bcd_path,shuffled,start14_step164,-497.176;185.254;151.514
bcd_path,shuffled,start14_step165,-497.559;190.502;148.336
bcd_path,shuffled,start14_step166,-498.013;195.846;145.047
bcd_path,shuffled,start14_step167,-498.560;201.356;141.718
bcd_path,shuffled,start14_step168,-499.219;206.952;138.358
bcd_path,shuffled,start14_step169,-499.975;212.554;134.946
bcd_path,shuffled,start14_step170,-500.827;218.134;131.485
bcd_path,shuffled,start14_step171,-501.723;223.663;127.974
bcd_path,shuffled,start14_step172,-502.639;229.178;124.494
bcd_path,shuffled,start14_step173,-503.525;234.715;121.038
bcd_path,shuffled,start14_step174,-504.340;240.309;117.574
bcd_path,shuffled,start14_step175,-505.116;245.952;114.149
bcd_path,shuffled,start14_step176,-505.884;251.617;110.825
bcd_path,shuffled,start14_step177,-506.654;257.321;107.624
bcd_path,shuffled,start14_step178,-507.455;263.022;104.498
bcd_path,shuffled,start14_step179,-508.255;268.633;101.596
bcd_path,shuffled,start14_step180,-509.001;274.093;99.064
bcd_path,shuffled,start14_step181,-509.710;279.413;96.891
bcd_path,shuffled,start14_step182,-510.378;284.635;95.042
bcd_path,shuffled,start14_step183,-511.035;289.778;93.534
bcd_path,shuffled,start14_step184,-511.703;294.799;92.359
bcd_path,shuffled,start14_step185,-512.434;299.676;91.402
bcd_path,shuffled,start14_step186,-513.298;304.391;90.722
bcd_path,shuffled,start14_step187,-514.310;308.935;90.318
bcd_path,shuffled,start14_step188,-515.498;313.407;90.005
bcd_path,shuffled,start14_step189,-516.833;317.907;89.572
bcd_path,shuffled,start14_step190,-518.234;322.450;88.959
bcd_path,shuffled,start14_step191,-519.648;327.058;88.271
bcd_path,shuffled,start14_step192,-521.083;331.814;87.505
bcd_path,shuffled,start14_step193,-522.522;336.723;86.657
bcd_path,shuffled,start14_step194,-523.926;341.742;85.811
bcd_path,shuffled,start14_step195,-525.317;346.842;85.017
bcd_path,shuffled,start14_step196,-526.695;352.019;84.189
bcd_path,shuffled,start14_step197,-528.167;357.253;83.368
bcd_path,shuffled,start14_step198,-529.771;362.462;82.623
bcd_path,shuffled,start14_step199,-531.499;367.596;81.768
bcd_path,shuffled,start14_step200,-533.445;372.631;80.756
bcd_path,shuffled,start14_step201,-535.626;377.598;79.672
bcd_path,shuffled,start14_step202,-538.054;382.515;78.531
bcd_path,shuffled,start14_step203,-540.632;387.405;77.255
bcd_path,shuffled,start14_step204,-543.293;392.346;75.826
bcd_path,shuffled,start14_step205,-546.003;397.314;74.371
bcd_path,shuffled,start14_step206,-548.720;402.300;72.973
bcd_path,shuffled,start14_step207,-551.443;407.241;71.568
bcd_path,shuffled,start14_step208,-554.240;412.114;70.066
bcd_path,shuffled,start14_step209,-557.156;416.980;68.433
bcd_path,shuffled,start14_step210,-560.220;421.927;66.465
bcd_path,shuffled,start14_step211,-563.454;427.024;64.094
bcd_path,shuffled,start14_step212,-566.929;432.226;61.404
bcd_path,shuffled,start14_step213,-570.564;437.524;58.530
bcd_path,shuffled,start14_step214,-574.278;442.864;55.593
bcd_path,shuffled,start14_step215,-578.014;448.278;52.745
bcd_path,shuffled,start14_step216,-581.734;453.746;50.185
bcd_path,shuffled,start14_step217,-585.441;459.224;48.021
bcd_path,shuffled,start14_step218,-589.197;464.783;46.268
bcd_path,shuffled,start14_step219,-593.065;470.410;44.759
bcd_path,shuffled,start14_step220,-596.998;476.007;43.373
bcd_path,shuffled,start14_step221,-600.950;481.512;42.087
bcd_path,shuffled,start14_step222,-604.871;486.876;40.958
bcd_path,shuffled,start14_step223,-608.710;492.134;39.866
bcd_path,shuffled,start14_step224,-612.416;497.354;38.552
bcd_path,shuffled,start14_step225,-615.829;502.707;37.049
bcd_path,shuffled,start14_step226,-618.969;508.179;35.538
bcd_path,shuffled,start14_step227,-621.930;513.729;34.033
bcd_path,shuffled,start14_step228,-624.683;519.341;32.502
bcd_path,shuffled,start14_step229,-627.261;524.939;30.889
bcd_path,shuffled,start14_step230,-629.735;530.479;29.136
bcd_path,shuffled,start14_step231,-632.181;536.026;27.352
bcd_path,shuffled,start14_step232,-634.643;541.547;25.654
bcd_path,shuffled,start14_step233,-637.111;547.004;23.929
bcd_path,shuffled,start14_step234,-639.653;552.426;22.113
bcd_path,shuffled,start14_step235,-642.226;557.763;20.390
bcd_path,shuffled,start14_step236,-644.771;562.935;18.883
bcd_path,shuffled,start14_step237,-647.321;567.857;17.629
bcd_path,shuffled,start14_step238,-649.794;572.518;16.606
bcd_path,shuffled,start14_step239,-652.223;576.919;15.785
bcd_path,shuffled,start14_step240,-655.082;580.247;16.090
bcd_path,shuffled,start14_step241,-659.453;579.475;18.337
bcd_path,shuffled,start14_step242,-664.210;572.924;22.572
bcd_path,shuffled,start14_step243,-667.322;561.293;28.449
bcd_path,shuffled,start14_step244,-667.178;546.539;35.174
bcd_path,shuffled,start14_step245,-662.638;530.782;42.674
bcd_path,shuffled,start14_step246,-653.192;515.925;50.978
bcd_path,shuffled,start14_step247,-639.683;503.940;59.607
bcd_path,shuffled,start14_step248,-623.859;496.188;68.033
bcd_path,shuffled,start14_step249,-607.552;493.147;75.924
bcd_path,shuffled,start14_step250,-592.255;495.546;84.264
bcd_path,shuffled,start14_step251,-579.519;503.407;93.316
bcd_path,shuffled,start14_step252,-571.018;515.447;102.888
bcd_path,shuffled,start14_step253,-567.768;530.125;112.748
bcd_path,shuffled,start14_step254,-570.348;545.298;122.875
bcd_path,shuffled,start14_step255,-578.579;558.989;133.103
bcd_path,shuffled,start14_step256,-590.766;569.373;142.738
bcd_path,shuffled,start14_step257,-604.922;575.375;151.511
bcd_path,shuffled,start14_step258,-619.375;576.887;159.324
bcd_path,shuffled,start14_step259,-632.704;573.539;167.246
bcd_path,shuffled,start14_step260,-642.938;564.744;176.165
bcd_path,shuffled,start14_step261,-648.400;551.870;185.953
bcd_path,shuffled,start14_step262,-648.152;536.986;196.355
bcd_path,shuffled,start14_step263,-641.997;522.374;207.196
bcd_path,shuffled,start14_step264,-630.529;510.259;218.359
bcd_path,shuffled,start14_step265,-615.343;502.330;229.433
bcd_path,shuffled,start14_step266,-598.332;499.872;240.497
bcd_path,shuffled,start14_step267,-581.410;503.398;251.608
bcd_path,shuffled,start14_step268,-566.874;511.876;262.359
bcd_path,shuffled,start14_step269,-555.991;523.494;272.233
bcd_path,shuffled,start14_step270,-549.563;537.011;281.872
bcd_path,shuffled,start14_step271,-548.517;551.142;291.194
bcd_path,shuffled,start14_step272,-553.045;563.880;300.688
bcd_path,shuffled,start14_step273,-562.763;573.491;310.682
bcd_path,shuffled,start14_step274,-575.528;578.864;320.356
bcd_path,shuffled,start14_step275,-589.441;579.104;329.895
bcd_path,shuffled,start14_step276,-602.970;573.428;339.826
bcd_path,shuffled,start14_step277,-614.123;562.145;350.113
bcd_path,shuffled,start14_step278,-620.960;546.665;360.635
bcd_path,shuffled,start14_step279,-622.130;529.157;371.417
bcd_path,shuffled,start14_step280,-617.196;511.999;382.437
bcd_path,shuffled,start14_step281,-606.724;497.583;393.737
bcd_path,shuffled,start14_step282,-591.990;487.779;405.243
bcd_path,shuffled,start14_step283,-574.829;483.830;416.870
bcd_path,shuffled,start14_step284,-557.599;486.188;428.678
bcd_path,shuffled,start14_step285,-542.672;494.373;440.763
bcd_path,shuffled,start14_step286,-532.004;507.077;453.178
bcd_path,shuffled,start14_step287,-526.823;522.626;465.796
bcd_path,shuffled,start14_step288,-527.471;538.955;478.237
bcd_path,shuffled,start14_step289,-533.775;553.803;490.687
bcd_path,shuffled,start14_step290,-544.924;565.134;503.539
bcd_path,shuffled,start14_step291,-559.378;571.560;516.707
bcd_path,shuffled,start14_step292,-575.221;572.329;530.125
bcd_path,shuffled,start14_step293,-590.542;567.330;543.652
bcd_path,shuffled,start14_step294,-603.473;557.061;557.167
bcd_path,shuffled,start14_step295,-612.373;542.575;570.551
bcd_path,shuffled,start14_step296,-615.972;525.506;583.760
bcd_path,shuffled,start14_step297,-613.608;507.922;596.791
bcd_path,shuffled,start14_step298,-605.369;491.986;609.627
bcd_path,shuffled,start14_step299,-592.191;479.770;622.317
bcd_path,shuffled,start15_step0,39.910;-4.382;22.200
bcd_path,shuffled,start15_step1,40.745;-3.760;25.917
bcd_path,shuffled,start15_step2,42.217;-2.799;30.926
bcd_path,shuffled,start15_step3,44.169;-1.814;36.845
bcd_path,shuffled,start15_step4,46.563;-0.968;43.414
bcd_path,shuffled,start15_step5,49.359;-0.297;50.382
bcd_path,shuffled,start15_step6,52.514;0.227;57.582
bcd_path,shuffled,start15_step7,56.003;0.583;64.939
bcd_path,shuffled,start15_step8,59.860;0.826;72.340
bcd_path,shuffled,start15_step9,63.985;1.007;79.635
bcd_path,shuffled,start15_step10,68.294;1.206;86.741
bcd_path,shuffled,start15_step11,72.768;1.378;93.654
bcd_path,shuffled,start15_step12,77.382;1.467;100.312
bcd_path,shuffled,start15_step13,82.202;1.416;106.649
bcd_path,shuffled,start15_step14,87.170;1.155;112.683
bcd_path,shuffled,start15_step15,92.244;0.621;118.492
bcd_path,shuffled,start15_step16,97.393;-0.214;124.128
bcd_path,shuffled,start15_step17,102.686;-1.286;129.548
bcd_path,shuffled,start15_step18,108.179;-2.554;134.769
bcd_path,shuffled,start15_step19,113.927;-3.955;139.809
bcd_path,shuffled,start15_step20,119.850;-5.522;144.721
bcd_path,shuffled,start15_step21,125.886;-7.243;149.575
bcd_path,shuffled,start15_step22,132.003;-9.087;154.346
bcd_path,shuffled,start15_step23,138.186;-10.993;159.114
bcd_path,shuffled,start15_step24,144.393;-12.889;164.016
bcd_path,shuffled,start15_step25,150.626;-14.755;169.155
bcd_path,shuffled,start15_step26,156.932;-16.589;174.582
bcd_path,shuffled,start15_step27,158.601;-16.870;178.950
bcd_path,shuffled,start15_step28,159.002;-16.159;182.448
bcd_path,shuffled,start15_step29,159.322;-15.641;184.835
bcd_path,shuffled,start15_step30,159.314;-15.598;184.900
bcd_path,shuffled,start15_step31,159.322;-15.650;185.091
bcd_path,shuffled,start15_step32,159.322;-15.731;185.252
bcd_path,shuffled,start15_step33,159.322;-15.777;185.332
bcd_path,shuffled,start15_step34,159.311;-15.810;185.344
bcd_path,shuffled,start15_step35,159.311;-15.855;185.409
bcd_path,shuffled,start15_step36,159.311;-15.906;185.480
bcd_path,shuffled,start15_step37,159.310;-15.966;185.565
bcd_path,shuffled,start15_step38,159.310;-16.004;185.611
bcd_path,shuffled,start15_step39,159.299;-16.023;185.607
bcd_path,shuffled,start15_step40,159.244;-16.062;185.556
bcd_path,shuffled,start15_step41,159.247;-16.070;185.574
bcd_path,shuffled,start15_step42,159.260;-16.062;185.585
bcd_path,shuffled,start15_step43,159.265;-16.059;185.587
bcd_path,shuffled,start15_step44,159.274;-16.054;185.596
bcd_path,shuffled,start15_step45,159.280;-16.050;185.600
bcd_path,shuffled,start15_step46,159.291;-16.044;185.610
bcd_path,shuffled,start15_step47,159.293;-16.041;185.608
bcd_path,shuffled,start15_step48,159.293;-16.038;185.589
bcd_path,shuffled,start15_step49,159.297;-16.028;185.553
bcd_path,shuffled,start15_step50,159.297;-16.026;185.541
bcd_path,shuffled,start15_step51,159.296;-16.026;185.529
bcd_path,shuffled,start15_step52,159.299;-16.023;185.531
bcd_path,shuffled,start15_step53,159.303;-16.020;185.532
bcd_path,shuffled,start15_step54,159.304;-16.019;185.528
bcd_path,shuffled,start15_step55,159.302;-16.020;185.518
bcd_path,shuffled,start15_step56,159.307;-16.017;185.527
bcd_path,shuffled,start15_step57,159.309;-16.014;185.527
bcd_path,shuffled,start15_step58,159.308;-16.014;185.530
bcd_path,shuffled,start15_step59,159.308;-16.014;185.530
bcd_path,shuffled,start15_step60,159.308;-16.014;185.530
bcd_path,shuffled,start15_step61,159.308;-16.014;185.530
bcd_path,shuffled,start15_step62,159.308;-16.014;185.529
bcd_path,shuffled,start15_step63,159.308;-16.014;185.528
bcd_path,shuffled,start15_step64,159.308;-16.014;185.528
bcd_path,shuffled,start15_step65,159.308;-16.014;185.528
bcd_path,shuffled,start15_step66,159.308;-16.014;185.529
bcd_path,shuffled,start15_step67,159.306;-16.015;185.527
bcd_path,shuffled,start15_step68,159.306;-16.016;185.527
bcd_path,shuffled,start15_step69,159.305;-16.017;185.526
bcd_path,shuffled,start15_step70,159.308;-16.015;185.531
bcd_path,shuffled,start15_step71,159.303;-16.019;185.526
bcd_path,shuffled,start15_step72,159.308;-16.015;185.531
bcd_path,shuffled,start15_step73,159.306;-16.016;185.527
bcd_path,shuffled,start15_step74,159.305;-16.017;185.525
bcd_path,shuffled,start15_step75,159.304;-16.017;185.525
bcd_path,shuffled,start15_step76,159.305;-16.017;185.525
bcd_path,shuffled,start15_step77,159.302;-16.019;185.521
bcd_path,shuffled,start15_step78,159.304;-16.017;185.523
bcd_path,shuffled,start15_step79,159.305;-16.017;185.524
bcd_path,shuffled,start15_step80,159.302;-16.019;185.521
bcd_path,shuffled,start15_step81,159.304;-16.018;185.522
bcd_path,shuffled,start15_step82,159.308;-16.014;185.527
bcd_path,shuffled,start15_step83,159.308;-16.014;185.527
bcd_path,shuffled,start15_step84,159.308;-16.014;185.527
bcd_path,shuffled,start15_step85,159.301;-16.021;185.520
bcd_path,shuffled,start15_step86,159.303;-16.018;185.522
bcd_path,shuffled,start15_step87,159.301;-16.020;185.519
bcd_path,shuffled,start15_step88,159.303;-16.018;185.522
bcd_path,shuffled,start15_step89,159.305;-16.017;185.521
bcd_path,shuffled,start15_step90,159.304;-16.017;185.521
bcd_path,shuffled,start15_step91,159.304;-16.018;185.522
bcd_path,shuffled,start15_step92,159.304;-16.018;185.522
bcd_path,shuffled,start15_step93,159.305;-16.017;185.523
bcd_path,shuffled,start15_step94,159.304;-16.018;185.522
bcd_path,shuffled,start15_step95,159.308;-16.014;185.527
bcd_path,shuffled,start15_step96,159.300;-16.021;185.518
bcd_path,shuffled,start15_step97,159.299;-16.022;185.517
bcd_path,shuffled,start15_step98,159.301;-16.021;185.519
bcd_path,shuffled,start15_step99,159.301;-16.020;185.519
bcd_path,shuffled,start15_step100,159.307;-16.016;185.526
bcd_path,shuffled,start15_step101,159.306;-16.016;185.526
bcd_path,shuffled,start15_step102,159.307;-16.015;185.527
bcd_path,shuffled,start15_step103,159.308;-16.014;185.527
bcd_path,shuffled,start15_step104,159.308;-16.014;185.526
bcd_path,shuffled,start15_step105,159.303;-16.019;185.520
bcd_path,shuffled,start15_step106,159.308;-16.014;185.528
bcd_path,shuffled,start15_step107,159.308;-16.014;185.527
bcd_path,shuffled,start15_step108,159.308;-16.014;185.527
bcd_path,shuffled,start15_step109,159.308;-16.014;185.527
bcd_path,shuffled,start15_step110,159.308;-16.014;185.527
bcd_path,shuffled,start15_step111,159.308;-16.014;185.526
bcd_path,shuffled,start15_step112,159.308;-16.014;185.527
bcd_path,shuffled,start15_step113,159.308;-16.014;185.526
bcd_path,shuffled,start15_step114,159.308;-16.014;185.526
bcd_path,shuffled,start15_step115,159.306;-16.016;185.523
bcd_path,shuffled,start15_step116,159.304;-16.018;185.522
bcd_path,shuffled,start15_step117,159.308;-16.015;185.527
bcd_path,shuffled,start15_step118,159.303;-16.018;185.523
bcd_path,shuffled,start15_step119,159.306;-16.016;185.526
bcd_path,shuffled,start15_step120,159.308;-16.014;185.528
bcd_path,shuffled,start15_step121,159.308;-16.015;185.528
bcd_path,shuffled,start15_step122,159.308;-16.015;185.528
bcd_path,shuffled,start15_step123,159.308;-16.014;185.527
bcd_path,shuffled,start15_step124,159.306;-16.016;185.524
bcd_path,shuffled,start15_step125,159.306;-16.016;185.525
bcd_path,shuffled,start15_step126,159.305;-16.017;185.524
bcd_path,shuffled,start15_step127,159.304;-16.018;185.523
bcd_path,shuffled,start15_step128,159.303;-16.018;185.522
bcd_path,shuffled,start15_step129,159.305;-16.017;185.523
bcd_path,shuffled,start15_step130,159.305;-16.017;185.523
bcd_path,shuffled,start15_step131,159.308;-16.014;185.527
bcd_path,shuffled,start15_step132,159.306;-16.016;185.525
bcd_path,shuffled,start15_step133,159.308;-16.015;185.527
bcd_path,shuffled,start15_step134,159.307;-16.016;185.526
bcd_path,shuffled,start15_step135,159.305;-16.017;185.523
bcd_path,shuffled,start15_step136,159.305;-16.017;185.523
bcd_path,shuffled,start15_step137,159.307;-16.016;185.524
bcd_path,shuffled,start15_step138,159.306;-16.017;185.523
bcd_path,shuffled,start15_step139,159.308;-16.014;185.525
bcd_path,shuffled,start15_step140,159.307;-16.016;185.525
bcd_path,shuffled,start15_step141,159.304;-16.018;185.522
bcd_path,shuffled,start15_step142,159.306;-16.016;185.525
bcd_path,shuffled,start15_step143,159.305;-16.017;185.524
bcd_path,shuffled,start15_step144,159.305;-16.017;185.524
bcd_path,shuffled,start15_step145,159.306;-16.016;185.525
bcd_path,shuffled,start15_step146,159.308;-16.014;185.527
bcd_path,shuffled,start15_step147,159.307;-16.015;185.526
bcd_path,shuffled,start15_step148,159.307;-16.016;185.525
bcd_path,shuffled,start15_step149,159.308;-16.014;185.526
bcd_path,shuffled,start15_step150,159.308;-16.014;185.526
bcd_path,shuffled,start15_step151,159.308;-16.014;185.526
bcd_path,shuffled,start15_step152,159.308;-16.014;185.526
bcd_path,shuffled,start15_step153,159.308;-16.014;185.526
bcd_path,shuffled,start15_step154,159.308;-16.014;185.526
bcd_path,shuffled,start15_step155,159.308;-16.014;185.526
bcd_path,shuffled,start15_step156,159.308;-16.014;185.526
bcd_path,shuffled,start15_step157,159.308;-16.014;185.526
bcd_path,shuffled,start15_step158,159.308;-16.014;185.526
bcd_path,shuffled,start15_step159,159.308;-16.015;185.526
bcd_path,shuffled,start15_step160,159.308;-16.015;185.526
bcd_path,shuffled,start15_step161,159.308;-16.015;185.526
bcd_path,shuffled,start15_step162,159.308;-16.015;185.526
bcd_path,shuffled,start15_step163,159.308;-16.015;185.526
bcd_path,shuffled,start15_step164,159.308;-16.014;185.525
bcd_path,shuffled,start15_step165,159.308;-16.015;185.526
bcd_path,shuffled,start15_step166,159.308;-16.015;185.526
bcd_path,shuffled,start15_step167,159.308;-16.015;185.526
bcd_path,shuffled,start15_step168,159.308;-16.015;185.525
bcd_path,shuffled,start15_step169,159.308;-16.015;185.525
bcd_path,shuffled,start15_step170,159.308;-16.015;185.525
bcd_path,shuffled,start15_step171,159.308;-16.015;185.525
bcd_path,shuffled,start15_step172,159.306;-16.016;185.524
bcd_path,shuffled,start15_step173,159.298;-16.023;185.514
bcd_path,shuffled,start15_step174,159.301;-16.021;185.516
bcd_path,shuffled,start15_step175,159.300;-16.021;185.516
bcd_path,shuffled,start15_step176,159.308;-16.015;185.525
bcd_path,shuffled,start15_step177,159.308;-16.014;185.524
bcd_path,shuffled,start15_step178,159.308;-16.014;185.524
bcd_path,shuffled,start15_step179,159.308;-16.014;185.524
bcd_path,shuffled,start15_step180,159.308;-16.014;185.524
bcd_path,shuffled,start15_step181,159.308;-16.014;185.524
bcd_path,shuffled,start15_step182,159.307;-16.015;185.525
bcd_path,shuffled,start15_step183,159.307;-16.015;185.524
bcd_path,shuffled,start15_step184,159.308;-16.014;185.525
bcd_path,shuffled,start15_step185,159.308;-16.015;185.525
bcd_path,shuffled,start15_step186,159.308;-16.015;185.525
bcd_path,shuffled,start15_step187,159.307;-16.016;185.523
bcd_path,shuffled,start15_step188,159.308;-16.015;185.524
bcd_path,shuffled,start15_step189,159.308;-16.015;185.525
bcd_path,shuffled,start15_step190,159.308;-16.015;185.524
bcd_path,shuffled,start15_step191,159.308;-16.015;185.524
bcd_path,shuffled,start15_step192,159.308;-16.015;185.524
bcd_path,shuffled,start15_step193,159.303;-16.019;185.518
bcd_path,shuffled,start15_step194,159.306;-16.016;185.522
bcd_path,shuffled,start15_step195,159.308;-16.015;185.525
bcd_path,shuffled,start15_step196,159.308;-16.015;185.525
bcd_path,shuffled,start15_step197,159.308;-16.015;185.525
bcd_path,shuffled,start15_step198,159.308;-16.015;185.525
bcd_path,shuffled,start15_step199,159.308;-16.015;185.525
bcd_path,shuffled,start15_step200,159.308;-16.014;185.525
bcd_path,shuffled,start15_step201,159.308;-16.014;185.525
bcd_path,shuffled,start15_step202,159.308;-16.014;185.526
bcd_path,shuffled,start15_step203,159.308;-16.014;185.525
bcd_path,shuffled,start15_step204,159.308;-16.014;185.525
bcd_path,shuffled,start15_step205,159.308;-16.014;185.525
bcd_path,shuffled,start15_step206,159.308;-16.014;185.525
bcd_path,shuffled,start15_step207,159.308;-16.014;185.525
bcd_path,shuffled,start15_step208,159.308;-16.014;185.525
bcd_path,shuffled,start15_step209,159.308;-16.014;185.525
bcd_path,shuffled,start15_step210,159.308;-16.014;185.525
bcd_path,shuffled,start15_step211,159.308;-16.014;185.525
bcd_path,shuffled,start15_step212,159.308;-16.014;185.525
bcd_path,shuffled,start15_step213,159.308;-16.014;185.524
bcd_path,shuffled,start15_step214,159.308;-16.014;185.524
bcd_path,shuffled,start15_step215,159.308;-16.014;185.524
bcd_path,shuffled,start15_step216,159.308;-16.014;185.524
bcd_path,shuffled,start15_step217,159.308;-16.014;185.524
bcd_path,shuffled,start15_step218,159.308;-16.015;185.524
bcd_path,shuffled,start15_step219,159.308;-16.015;185.524
bcd_path,shuffled,start15_step220,159.308;-16.015;185.523
bcd_path,shuffled,start15_step221,159.308;-16.015;185.523
bcd_path,shuffled,start15_step222,159.308;-16.015;185.523
bcd_path,shuffled,start15_step223,159.308;-16.015;185.523
bcd_path,shuffled,start15_step224,159.308;-16.015;185.523
bcd_path,shuffled,start15_step225,159.308;-16.015;185.523
bcd_path,shuffled,start15_step226,159.308;-16.015;185.523
bcd_path,shuffled,start15_step227,159.308;-16.015;185.523
bcd_path,shuffled,start15_step228,159.308;-16.015;185.523
bcd_path,shuffled,start15_step229,159.308;-16.015;185.523
bcd_path,shuffled,start15_step230,159.308;-16.015;185.523
bcd_path,shuffled,start15_step231,159.308;-16.015;185.522
bcd_path,shuffled,start15_step232,159.308;-16.015;185.522
bcd_path,shuffled,start15_step233,159.308;-16.014;185.522
bcd_path,shuffled,start15_step234,159.308;-16.014;185.523
bcd_path,shuffled,start15_step235,159.308;-16.014;185.523
bcd_path,shuffled,start15_step236,159.308;-16.014;185.523
bcd_path,shuffled,start15_step237,159.308;-16.014;185.523
bcd_path,shuffled,start15_step238,159.308;-16.014;185.523
bcd_path,shuffled,start15_step239,159.308;-16.014;185.523
bcd_path,shuffled,start15_step240,159.308;-16.014;185.523
bcd_path,shuffled,start15_step241,159.308;-16.015;185.522
bcd_path,shuffled,start15_step242,159.307;-16.015;185.521
bcd_path,shuffled,start15_step243,159.307;-16.016;185.527
bcd_path,shuffled,start15_step244,159.307;-16.016;185.526
bcd_path,shuffled,start15_step245,159.307;-16.016;185.526
bcd_path,shuffled,start15_step246,159.307;-16.016;185.525
bcd_path,shuffled,start15_step247,159.307;-16.016;185.524
bcd_path,shuffled,start15_step248,159.307;-16.016;185.524
bcd_path,shuffled,start15_step249,159.307;-16.016;185.524
bcd_path,shuffled,start15_step250,159.307;-16.016;185.524
bcd_path,shuffled,start15_step251,159.307;-16.016;185.524
bcd_path,shuffled,start15_step252,159.307;-16.016;185.524
bcd_path,shuffled,start15_step253,159.307;-16.016;185.524
bcd_path,shuffled,start15_step254,159.307;-16.016;185.524
bcd_path,shuffled,start15_step255,159.307;-16.016;185.524
bcd_path,shuffled,start15_step256,159.307;-16.016;185.524
bcd_path,shuffled,start15_step257,159.307;-16.016;185.524
bcd_path,shuffled,start15_step258,159.307;-16.016;185.524
bcd_path,shuffled,start15_step259,159.307;-16.016;185.524
bcd_path,shuffled,start15_step260,159.308;-16.016;185.524
bcd_path,shuffled,start15_step261,159.308;-16.016;185.524
bcd_path,shuffled,start15_step262,159.308;-16.016;185.524
bcd_path,shuffled,start15_step263,159.309;-16.014;185.525
bcd_path,shuffled,start15_step264,159.309;-16.014;185.525
bcd_path,shuffled,start15_step265,159.309;-16.014;185.525
bcd_path,shuffled,start15_step266,159.309;-16.014;185.525
bcd_path,shuffled,start15_step267,159.309;-16.014;185.525
bcd_path,shuffled,start15_step268,159.309;-16.014;185.525
bcd_path,shuffled,start15_step269,159.309;-16.014;185.525
bcd_path,shuffled,start15_step270,159.309;-16.014;185.525
bcd_path,shuffled,start15_step271,159.309;-16.014;185.525
bcd_path,shuffled,start15_step272,159.309;-16.014;185.525
bcd_path,shuffled,start15_step273,159.309;-16.014;185.525
bcd_path,shuffled,start15_step274,159.309;-16.014;185.525
bcd_path,shuffled,start15_step275,159.309;-16.014;185.525
bcd_path,shuffled,start15_step276,159.309;-16.014;185.525
bcd_path,shuffled,start15_step277,159.309;-16.014;185.525
bcd_path,shuffled,start15_step278,159.309;-16.014;185.525
bcd_path,shuffled,start15_step279,159.309;-16.014;185.525
bcd_path,shuffled,start15_step280,159.309;-16.014;185.525
bcd_path,shuffled,start15_step281,159.309;-16.014;185.525
bcd_path,shuffled,start15_step282,159.309;-16.014;185.525
bcd_path,shuffled,start15_step283,159.309;-16.014;185.525
bcd_path,shuffled,start15_step284,159.309;-16.014;185.525
bcd_path,shuffled,start15_step285,159.309;-16.014;185.525
bcd_path,shuffled,start15_step286,159.309;-16.014;185.525
bcd_path,shuffled,start15_step287,159.309;-16.014;185.525
bcd_path,shuffled,start15_step288,159.309;-16.014;185.525
bcd_path,shuffled,start15_step289,159.309;-16.014;185.525
bcd_path,shuffled,start15_step290,159.309;-16.014;185.525
bcd_path,shuffled,start15_step291,159.309;-16.015;185.526
bcd_path,shuffled,start15_step292,159.309;-16.015;185.526
bcd_path,shuffled,start15_step293,159.309;-16.015;185.526
bcd_path,shuffled,start15_step294,159.309;-16.015;185.526
bcd_path,shuffled,start15_step295,159.309;-16.015;185.526
bcd_path,shuffled,start15_step296,159.309;-16.015;185.525
bcd_path,shuffled,start15_step297,159.309;-16.015;185.525
bcd_path,shuffled,start15_step298,159.307;-16.017;185.526
bcd_path,shuffled,start15_step299,159.307;-16.017;185.526
bcd_path,shuffled,start16_step0,-36.018;27.950;22.067
bcd_path,shuffled,start16_step1,-35.750;27.558;25.447
bcd_path,shuffled,start16_step2,-35.181;27.031;29.924
bcd_path,shuffled,start16_step3,-34.301;26.572;35.102
bcd_path,shuffled,start16_step4,-33.162;26.187;40.804
bcd_path,shuffled,start16_step5,-31.766;25.783;46.808
bcd_path,shuffled,start16_step6,-31.100;25.958;53.822
bcd_path,shuffled,start16_step7,-33.797;28.008;61.427
bcd_path,shuffled,start16_step8,-39.657;31.387;68.824
bcd_path,shuffled,start16_step9,-47.937;34.975;75.903
bcd_path,shuffled,start16_step10,-57.451;38.021;82.604
bcd_path,shuffled,start16_step11,-67.233;40.329;88.893
bcd_path,shuffled,start16_step12,-76.780;42.042;94.811
bcd_path,shuffled,start16_step13,-85.806;43.428;100.342
bcd_path,shuffled,start16_step14,-94.142;44.756;105.432
bcd_path,shuffled,start16_step15,-101.743;46.201;110.056
bcd_path,shuffled,start16_step16,-108.709;47.832;114.191
bcd_path,shuffled,start16_step17,-115.161;49.763;118.141
bcd_path,shuffled,start16_step18,-121.114;52.051;122.182
bcd_path,shuffled,start16_step19,-126.626;54.635;126.197
bcd_path,shuffled,start16_step20,-131.803;57.533;130.008
bcd_path,shuffled,start16_step21,-136.710;60.736;133.520
bcd_path,shuffled,start16_step22,-141.440;64.219;136.734
bcd_path,shuffled,start16_step23,-146.085;67.996;139.695
bcd_path,shuffled,start16_step24,-150.624;72.024;142.449
bcd_path,shuffled,start16_step25,-155.028;76.320;144.993
bcd_path,shuffled,start16_step26,-159.299;80.868;147.414
bcd_path,shuffled,start16_step27,-163.422;85.610;149.716
bcd_path,shuffled,start16_step28,-167.442;90.536;151.791
bcd_path,shuffled,start16_step29,-171.430;95.612;153.534
bcd_path,shuffled,start16_step30,-175.415;100.804;154.923
bcd_path,shuffled,start16_step31,-179.358;106.071;156.016
bcd_path,shuffled,start16_step32,-183.241;111.459;156.935
bcd_path,shuffled,start16_step33,-187.061;116.948;157.831
bcd_path,shuffled,start16_step34,-190.801;122.515;158.680
bcd_path,shuffled,start16_step35,-194.489;128.137;159.431
bcd_path,shuffled,start16_step36,-198.131;133.751;160.146
bcd_path,shuffled,start16_step37,-201.709;139.376;160.805
bcd_path,shuffled,start16_step38,-205.207;145.009;161.427
bcd_path,shuffled,start16_step39,-208.619;150.587;162.066
bcd_path,shuffled,start16_step40,-212.026;156.038;162.753
bcd_path,shuffled,start16_step41,-215.475;161.361;163.509
bcd_path,shuffled,start16_step42,-218.917;166.608;164.260
bcd_path,shuffled,start16_step43,-222.299;171.798;165.039
bcd_path,shuffled,start16_step44,-225.617;176.955;165.907
bcd_path,shuffled,start16_step45,-228.840;182.089;166.774
bcd_path,shuffled,start16_step46,-231.951;187.161;167.564
bcd_path,shuffled,start16_step47,-234.960;192.193;168.219
bcd_path,shuffled,start16_step48,-237.890;197.225;168.676
bcd_path,shuffled,start16_step49,-240.680;202.319;168.945
bcd_path,shuffled,start16_step50,-243.284;207.543;168.999
bcd_path,shuffled,start16_step51,-245.760;212.895;168.772
bcd_path,shuffled,start16_step52,-248.126;218.428;168.311
bcd_path,shuffled,start16_step53,-250.376;224.067;167.689
bcd_path,shuffled,start16_step54,-252.497;229.731;166.925
bcd_path,shuffled,start16_step55,-254.501;235.347;166.011
bcd_path,shuffled,start16_step56,-256.417;240.883;164.914
bcd_path,shuffled,start16_step57,-258.284;246.373;163.780
bcd_path,shuffled,start16_step58,-260.092;251.781;162.739
bcd_path,shuffled,start16_step59,-261.804;257.076;161.798
bcd_path,shuffled,start16_step60,-263.344;262.160;161.015
bcd_path,shuffled,start16_step61,-264.642;267.049;160.472
bcd_path,shuffled,start16_step62,-265.800;271.860;160.050
bcd_path,shuffled,start16_step63,-266.847;276.646;159.690
bcd_path,shuffled,start16_step64,-267.789;281.378;159.468
bcd_path,shuffled,start16_step65,-268.637;286.077;159.399
bcd_path,shuffled,start16_step66,-269.483;290.790;159.545
bcd_path,shuffled,start16_step67,-270.409;295.520;159.910
bcd_path,shuffled,start16_step68,-271.424;300.290;160.426
bcd_path,shuffled,start16_step69,-272.511;305.148;161.057
bcd_path,shuffled,start16_step70,-273.655;310.060;161.805
bcd_path,shuffled,start16_step71,-274.846;314.965;162.652
bcd_path,shuffled,start16_step72,-276.111;319.766;163.527
bcd_path,shuffled,start16_step73,-277.420;324.473;164.374
bcd_path,shuffled,start16_step74,-278.728;329.103;165.245
bcd_path,shuffled,start16_step75,-279.914;333.652;166.181
bcd_path,shuffled,start16_step76,-280.923;338.106;167.111
bcd_path,shuffled,start16_step77,-281.808;342.446;167.953
bcd_path,shuffled,start16_step78,-282.618;346.706;168.741
bcd_path,shuffled,start16_step79,-283.369;350.928;169.495
bcd_path,shuffled,start16_step80,-284.032;355.086;170.197
bcd_path,shuffled,start16_step81,-284.621;359.219;170.825
bcd_path,shuffled,start16_step82,-285.232;363.293;171.345
bcd_path,shuffled,start16_step83,-285.916;367.313;171.767
bcd_path,shuffled,start16_step84,-286.603;371.304;172.229
bcd_path,shuffled,start16_step85,-287.268;375.204;172.735
bcd_path,shuffled,start16_step86,-287.958;379.021;173.133
bcd_path,shuffled,start16_step87,-288.686;382.762;173.366
bcd_path,shuffled,start16_step88,-289.444;386.394;173.427
bcd_path,shuffled,start16_step89,-290.205;389.952;173.324
bcd_path,shuffled,start16_step90,-290.898;393.499;173.109
bcd_path,shuffled,start16_step91,-291.425;397.047;172.979
bcd_path,shuffled,start16_step92,-291.607;400.648;173.012
bcd_path,shuffled,start16_step93,-291.521;404.240;173.100
bcd_path,shuffled,start16_step94,-291.287;407.796;173.150
bcd_path,shuffled,start16_step95,-290.968;411.319;173.020
bcd_path,shuffled,start16_step96,-290.579;414.774;172.630
bcd_path,shuffled,start16_step97,-290.008;418.164;171.928
bcd_path,shuffled,start16_step98,-289.365;421.465;170.921
bcd_path,shuffled,start16_step99,-288.691;424.668;169.633
bcd_path,shuffled,start16_step100,-287.977;427.772;168.018
bcd_path,shuffled,start16_step101,-287.196;430.827;166.107
bcd_path,shuffled,start16_step102,-286.400;433.874;164.021
bcd_path,shuffled,start16_step103,-285.656;436.946;161.755
bcd_path,shuffled,start16_step104,-285.028;440.011;159.304
bcd_path,shuffled,start16_step105,-284.448;443.087;156.693
bcd_path,shuffled,start16_step106,-283.904;446.206;153.856
bcd_path,shuffled,start16_step107,-283.416;449.405;150.862
bcd_path,shuffled,start16_step108,-282.966;452.695;147.843
bcd_path,shuffled,start16_step109,-282.519;456.059;144.857
bcd_path,shuffled,start16_step110,-282.056;459.503;141.938
bcd_path,shuffled,start16_step111,-281.534;463.046;139.030
bcd_path,shuffled,start16_step112,-280.960;466.641;136.102
bcd_path,shuffled,start16_step113,-280.350;470.242;133.341
bcd_path,shuffled,start16_step114,-279.650;473.777;130.878
bcd_path,shuffled,start16_step115,-278.807;477.224;128.558
bcd_path,shuffled,start16_step116,-277.765;480.683;126.238
bcd_path,shuffled,start16_step117,-276.569;484.142;123.901
bcd_path,shuffled,start16_step118,-275.313;487.610;121.502
bcd_path,shuffled,start16_step119,-274.050;491.044;119.089
bcd_path,shuffled,start16_step120,-272.715;494.361;116.730
bcd_path,shuffled,start16_step121,-271.315;497.602;114.426
bcd_path,shuffled,start16_step122,-269.904;500.780;112.235
bcd_path,shuffled,start16_step123,-268.504;503.941;110.018
bcd_path,shuffled,start16_step124,-267.121;507.114;107.744
bcd_path,shuffled,start16_step125,-265.773;510.187;105.529
bcd_path,shuffled,start16_step126,-264.389;513.158;103.318
bcd_path,shuffled,start16_step127,-263.004;516.083;101.143
bcd_path,shuffled,start16_step128,-261.663;519.023;99.100
bcd_path,shuffled,start16_step129,-260.276;521.864;97.187
bcd_path,shuffled,start16_step130,-259.880;524.269;96.666
bcd_path,shuffled,start16_step131,-263.243;525.377;97.442
bcd_path,shuffled,start16_step132,-269.696;525.184;98.462
bcd_path,shuffled,start16_step133,-278.082;523.596;99.434
bcd_path,shuffled,start16_step134,-287.469;520.390;100.187
bcd_path,shuffled,start16_step135,-296.774;514.820;101.400
bcd_path,shuffled,start16_step136,-303.949;506.091;103.236
bcd_path,shuffled,start16_step137,-307.926;495.465;104.966
bcd_path,shuffled,start16_step138,-307.820;484.202;107.130
bcd_path,shuffled,start16_step139,-303.260;473.453;109.910
bcd_path,shuffled,start16_step140,-294.585;464.872;113.534
bcd_path,shuffled,start16_step141,-282.483;459.906;117.984
bcd_path,shuffled,start16_step142,-268.900;459.079;122.615
bcd_path,shuffled,start16_step143,-255.403;461.865;127.106
bcd_path,shuffled,start16_step144,-242.949;467.534;131.278
bcd_path,shuffled,start16_step145,-232.093;475.433;135.032
bcd_path,shuffled,start16_step146,-223.162;484.892;138.200
bcd_path,shuffled,start16_step147,-216.245;495.147;140.832
bcd_path,shuffled,start16_step148,-211.170;505.444;143.081
bcd_path,shuffled,start16_step149,-207.514;515.306;144.966
bcd_path,shuffled,start16_step150,-204.962;524.553;146.552
bcd_path,shuffled,start16_step151,-203.316;533.100;147.837
bcd_path,shuffled,start16_step152,-202.461;540.824;148.795
bcd_path,shuffled,start16_step153,-202.288;547.663;149.443
bcd_path,shuffled,start16_step154,-203.586;552.892;151.305
bcd_path,shuffled,start16_step155,-208.018;554.883;154.437
bcd_path,shuffled,start16_step156,-214.462;553.786;157.780
bcd_path,shuffled,start16_step157,-221.344;550.343;161.317
bcd_path,shuffled,start16_step158,-227.562;545.210;165.070
bcd_path,shuffled,start16_step159,-232.549;538.981;168.715
bcd_path,shuffled,start16_step160,-236.225;532.396;172.173
bcd_path,shuffled,start16_step161,-238.739;525.862;175.514
bcd_path,shuffled,start16_step162,-240.267;519.644;178.654
bcd_path,shuffled,start16_step163,-241.081;513.961;181.512
bcd_path,shuffled,start16_step164,-241.453;508.834;184.104
bcd_path,shuffled,start16_step165,-241.677;504.233;186.426
bcd_path,shuffled,start16_step166,-241.878;500.117;188.420
bcd_path,shuffled,start16_step167,-241.676;495.829;191.070
bcd_path,shuffled,start16_step168,-239.526;489.641;194.447
bcd_path,shuffled,start16_step169,-235.394;481.915;197.853
bcd_path,shuffled,start16_step170,-229.446;473.582;201.066
bcd_path,shuffled,start16_step171,-222.031;465.586;204.125
bcd_path,shuffled,start16_step172,-213.850;458.713;207.226
bcd_path,shuffled,start16_step173,-205.496;453.058;210.368
bcd_path,shuffled,start16_step174,-196.894;449.043;214.270
bcd_path,shuffled,start16_step175,-187.225;447.988;218.592
bcd_path,shuffled,start16_step176,-177.067;449.512;222.505
bcd_path,shuffled,start16_step177,-167.044;453.136;225.783
bcd_path,shuffled,start16_step178,-157.674;458.471;228.408
bcd_path,shuffled,start16_step179,-149.222;464.867;230.430
bcd_path,shuffled,start16_step180,-141.802;471.848;231.855
bcd_path,shuffled,start16_step181,-135.507;479.049;232.760
bcd_path,shuffled,start16_step182,-130.223;486.280;233.159
bcd_path,shuffled,start16_step183,-125.701;493.414;232.965
bcd_path,shuffled,start16_step184,-121.766;500.318;232.261
bcd_path,shuffled,start16_step185,-118.452;506.346;232.840
bcd_path,shuffled,start16_step186,-116.325;510.288;235.595
bcd_path,shuffled,start16_step187,-115.348;511.714;241.193
bcd_path,shuffled,start16_step188,-115.107;509.705;249.351
bcd_path,shuffled,start16_step189,-115.139;505.336;258.528
bcd_path,shuffled,start16_step190,-115.167;499.228;267.943
bcd_path,shuffled,start16_step191,-117.006;492.003;278.471
bcd_path,shuffled,start16_step192,-123.589;485.841;290.262
bcd_path,shuffled,start16_step193,-134.373;480.172;302.147
bcd_path,shuffled,start16_step194,-147.754;473.489;313.527
bcd_path,shuffled,start16_step195,-162.070;464.739;324.132
bcd_path,shuffled,start16_step196,-175.858;452.971;334.491
bcd_path,shuffled,start16_step197,-187.758;437.787;344.767
bcd_path,shuffled,start16_step198,-196.310;420.344;354.396
bcd_path,shuffled,start16_step199,-199.952;401.748;364.051
bcd_path,shuffled,start16_step200,-197.918;383.259;373.921
bcd_path,shuffled,start16_step201,-191.064;366.920;383.298
bcd_path,shuffled,start16_step202,-180.701;354.251;391.883
bcd_path,shuffled,start16_step203,-167.917;346.581;400.238
bcd_path,shuffled,start16_step204,-154.066;344.580;408.559
bcd_path,shuffled,start16_step205,-141.144;348.519;417.319
bcd_path,shuffled,start16_step206,-131.024;357.953;426.788
bcd_path,shuffled,start16_step207,-125.088;370.906;436.291
bcd_path,shuffled,start16_step208,-123.894;385.123;445.348
bcd_path,shuffled,start16_step209,-127.423;398.637;453.886
bcd_path,shuffled,start16_step210,-134.927;409.868;461.739
bcd_path,shuffled,start16_step211,-145.332;417.464;469.148
bcd_path,shuffled,start16_step212,-157.282;420.579;476.387
bcd_path,shuffled,start16_step213,-168.060;420.170;483.285
bcd_path,shuffled,start16_step214,-175.307;417.813;490.610
bcd_path,shuffled,start16_step215,-181.479;410.964;498.992
bcd_path,shuffled,start16_step216,-186.619;399.412;507.839
bcd_path,shuffled,start16_step217,-189.298;384.793;516.428
bcd_path,shuffled,start16_step218,-188.505;369.018;524.414
bcd_path,shuffled,start16_step219,-184.025;353.897;531.598
bcd_path,shuffled,start16_step220,-176.417;340.837;537.793
bcd_path,shuffled,start16_step221,-166.088;331.008;543.761
bcd_path,shuffled,start16_step222,-153.640;325.617;549.735
bcd_path,shuffled,start16_step223,-140.765;324.716;555.265
bcd_path,shuffled,start16_step224,-128.694;327.483;560.170
bcd_path,shuffled,start16_step225,-118.104;332.973;564.335
bcd_path,shuffled,start16_step226,-109.361;340.292;567.693
bcd_path,shuffled,start16_step227,-102.628;348.431;570.386
bcd_path,shuffled,start16_step228,-97.806;356.678;572.586
bcd_path,shuffled,start16_step229,-94.540;364.614;574.310
bcd_path,shuffled,start16_step230,-93.044;371.493;577.203
bcd_path,shuffled,start16_step231,-93.576;376.029;581.950
bcd_path,shuffled,start16_step232,-95.105;378.884;587.594
bcd_path,shuffled,start16_step233,-97.143;380.698;593.468
bcd_path,shuffled,start16_step234,-100.383;381.641;599.996
bcd_path,shuffled,start16_step235,-107.827;380.898;607.614
bcd_path,shuffled,start16_step236,-119.746;377.512;616.146
bcd_path,shuffled,start16_step237,-134.385;370.302;625.239
bcd_path,shuffled,start16_step238,-149.224;358.567;634.799
bcd_path,shuffled,start16_step239,-161.760;342.524;644.766
bcd_path,shuffled,start16_step240,-169.876;323.388;655.160
bcd_path,shuffled,start16_step241,-172.245;302.954;665.920
bcd_path,shuffled,start16_step242,-168.405;283.299;676.949
bcd_path,shuffled,start16_step243,-158.943;266.537;688.048
bcd_path,shuffled,start16_step244,-145.605;254.339;698.856
bcd_path,shuffled,start16_step245,-130.118;248.009;709.701
bcd_path,shuffled,start16_step246,-114.250;247.988;720.638
bcd_path,shuffled,start16_step247,-100.074;253.248;731.054
bcd_path,shuffled,start16_step248,-88.852;262.219;740.673
bcd_path,shuffled,start16_step249,-80.965;273.440;749.386
bcd_path,shuffled,start16_step250,-76.088;285.724;757.045
bcd_path,shuffled,start16_step251,-73.788;298.170;763.756
bcd_path,shuffled,start16_step252,-73.574;309.872;769.930
bcd_path,shuffled,start16_step253,-74.832;320.421;775.645
bcd_path,shuffled,start16_step254,-76.927;329.721;780.710
bcd_path,shuffled,start16_step255,-79.401;337.933;784.938
bcd_path,shuffled,start16_step256,-82.065;345.255;788.230
bcd_path,shuffled,start16_step257,-85.304;350.902;791.742
bcd_path,shuffled,start16_step258,-90.762;351.844;796.894
bcd_path,shuffled,start16_step259,-97.842;347.468;803.437
bcd_path,shuffled,start16_step260,-104.518;338.675;810.476
bcd_path,shuffled,start16_step261,-109.074;326.527;817.648
bcd_path,shuffled,start16_step262,-110.575;312.545;824.543
bcd_path,shuffled,start16_step263,-109.150;298.151;830.954
bcd_path,shuffled,start16_step264,-105.159;284.194;836.822
bcd_path,shuffled,start16_step265,-99.110;271.415;842.091
bcd_path,shuffled,start16_step266,-91.888;260.426;846.923
bcd_path,shuffled,start16_step267,-84.158;251.390;851.297
bcd_path,shuffled,start16_step268,-75.865;245.169;856.507
bcd_path,shuffled,start16_step269,-66.568;243.840;862.590
bcd_path,shuffled,start16_step270,-57.384;247.923;869.687
bcd_path,shuffled,start16_step271,-49.818;257.096;877.858
bcd_path,shuffled,start16_step272,-45.617;270.023;886.923
bcd_path,shuffled,start16_step273,-46.104;285.230;897.006
bcd_path,shuffled,start16_step274,-51.793;300.684;907.860
bcd_path,shuffled,start16_step275,-62.407;314.224;919.371
bcd_path,shuffled,start16_step276,-77.052;324.085;931.348
bcd_path,shuffled,start16_step277,-94.330;328.956;943.605
bcd_path,shuffled,start16_step278,-112.507;328.067;955.956
bcd_path,shuffled,start16_step279,-129.528;321.308;968.323
bcd_path,shuffled,start16_step280,-143.366;309.371;980.611
bcd_path,shuffled,start16_step281,-152.538;293.990;992.445
bcd_path,shuffled,start16_step282,-156.394;277.445;1003.525
bcd_path,shuffled,start16_step283,-155.097;261.802;1013.745
bcd_path,shuffled,start16_step284,-149.527;248.678;1022.933
bcd_path,shuffled,start16_step285,-140.377;239.543;1031.716
bcd_path,shuffled,start16_step286,-128.686;235.310;1040.277
bcd_path,shuffled,start16_step287,-116.527;235.895;1048.137
bcd_path,shuffled,start16_step288,-105.530;240.350;1054.907
bcd_path,shuffled,start16_step289,-96.388;247.276;1060.385
bcd_path,shuffled,start16_step290,-89.278;255.633;1064.527
bcd_path,shuffled,start16_step291,-84.226;264.541;1067.462
bcd_path,shuffled,start16_step292,-82.269;273.427;1071.013
bcd_path,shuffled,start16_step293,-83.755;280.466;1075.702
bcd_path,shuffled,start16_step294,-84.171;283.315;1080.439
bcd_path,shuffled,start16_step295,-83.662;282.530;1084.773
bcd_path,shuffled,start16_step296,-83.313;279.153;1088.658
bcd_path,shuffled,start16_step297,-83.278;274.082;1091.918
bcd_path,shuffled,start16_step298,-84.254;268.641;1095.224
bcd_path,shuffled,start16_step299,-87.682;264.984;1098.548
bcd_path,teacher,start13_step0,-8.251;-23.275;22.341
bcd_path,teacher,start13_step1,-8.158;-23.306;25.907
bcd_path,teacher,start13_step2,-8.030;-23.388;30.245
bcd_path,teacher,start13_step3,-7.877;-23.514;35.542
bcd_path,teacher,start13_step4,-7.663;-23.716;41.716
bcd_path,teacher,start13_step5,-7.271;-24.138;48.392
bcd_path,teacher,start13_step6,-6.602;-24.919;55.251
bcd_path,teacher,start13_step7,-5.686;-26.063;62.136
bcd_path,teacher,start13_step8,-4.627;-27.471;69.031
bcd_path,teacher,start13_step9,-3.262;-28.876;75.727
bcd_path,teacher,start13_step10,-0.933;-29.801;81.991
bcd_path,teacher,start13_step11,2.320;-30.236;87.875
bcd_path,teacher,start13_step12,6.335;-30.251;93.451
bcd_path,teacher,start13_step13,10.974;-29.903;98.777
bcd_path,teacher,start13_step14,16.125;-29.240;103.906
bcd_path,teacher,start13_step15,21.697;-28.305;108.880
bcd_path,teacher,start13_step16,27.616;-27.134;113.736
bcd_path,teacher,start13_step17,33.822;-25.756;118.503
bcd_path,teacher,start13_step18,40.264;-24.201;123.209
bcd_path,teacher,start13_step19,46.903;-22.493;127.876
bcd_path,teacher,start13_step20,53.705;-20.656;132.519
bcd_path,teacher,start13_step21,60.641;-18.703;137.144
bcd_path,teacher,start13_step22,67.680;-16.636;141.749
bcd_path,teacher,start13_step23,74.798;-14.451;146.329
bcd_path,teacher,start13_step24,81.971;-12.148;150.882
bcd_path,teacher,start13_step25,89.183;-9.725;155.406
bcd_path,teacher,start13_step26,96.420;-7.186;159.901
bcd_path,teacher,start13_step27,103.671;-4.536;164.369
bcd_path,teacher,start13_step28,110.928;-1.780;168.813
bcd_path,teacher,start13_step29,118.189;1.070;173.256
bcd_path,teacher,start13_step30,125.463;3.994;177.762
bcd_path,teacher,start13_step31,132.764;6.978;182.453
bcd_path,teacher,start13_step32,140.101;10.039;187.496
bcd_path,teacher,start13_step33,147.454;13.261;193.034
bcd_path,teacher,start13_step34,154.780;16.751;199.159
bcd_path,teacher,start13_step35,161.992;20.650;205.768
bcd_path,teacher,start13_step36,169.003;24.846;211.851
bcd_path,teacher,start13_step37,175.965;28.809;216.466
bcd_path,teacher,start13_step38,182.907;32.448;219.490
bcd_path,teacher,start13_step39,189.819;35.787;220.988
bcd_path,teacher,start13_step40,196.697;38.846;221.075
bcd_path,teacher,start13_step41,203.547;41.663;220.043
bcd_path,teacher,start13_step42,210.395;44.305;218.424
bcd_path,teacher,start13_step43,217.255;46.847;216.604
bcd_path,teacher,start13_step44,224.121;49.340;214.687
bcd_path,teacher,start13_step45,230.989;51.801;212.699
bcd_path,teacher,start13_step46,237.857;54.238;210.644
bcd_path,teacher,start13_step47,244.724;56.657;208.519
bcd_path,teacher,start13_step48,251.601;59.061;206.446
bcd_path,teacher,start13_step49,258.509;61.459;204.637
bcd_path,teacher,start13_step50,265.468;63.842;203.238
bcd_path,teacher,start13_step51,272.516;66.117;202.333
bcd_path,teacher,start13_step52,279.728;68.146;202.208
bcd_path,teacher,start13_step53,287.057;69.948;202.544
bcd_path,teacher,start13_step54,294.400;71.673;202.824
bcd_path,teacher,start13_step55,301.677;73.621;203.025
bcd_path,teacher,start13_step56,308.931;75.616;203.121
bcd_path,teacher,start13_step57,316.249;77.301;203.085
bcd_path,teacher,start13_step58,323.680;78.407;202.928
bcd_path,teacher,start13_step59,331.063;79.040;201.431
bcd_path,teacher,start13_step60,338.310;79.456;198.343
bcd_path,teacher,start13_step61,345.500;79.721;194.747
bcd_path,teacher,start13_step62,352.757;79.876;192.168
bcd_path,teacher,start13_step63,359.880;79.839;191.003
bcd_path,teacher,start13_step64,366.354;79.772;190.271
bcd_path,teacher,start13_step65,372.145;79.784;189.698
bcd_path,teacher,start13_step66,377.430;79.856;189.190
bcd_path,teacher,start13_step67,382.332;79.924;188.711
bcd_path,teacher,start13_step68,386.879;79.956;188.254
bcd_path,teacher,start13_step69,391.073;79.960;187.816
bcd_path,teacher,start13_step70,394.928;79.960;187.396
bcd_path,teacher,start13_step71,398.474;79.965;186.993
bcd_path,teacher,start13_step72,401.742;79.975;186.608
bcd_path,teacher,start13_step73,404.754;79.986;186.238
bcd_path,teacher,start13_step74,407.530;79.995;185.883
bcd_path,teacher,start13_step75,410.086;80.004;185.543
bcd_path,teacher,start13_step76,412.442;80.014;185.216
bcd_path,teacher,start13_step77,414.611;80.025;184.903
bcd_path,teacher,start13_step78,416.610;80.037;184.602
bcd_path,teacher,start13_step79,418.452;80.048;184.314
bcd_path,teacher,start13_step80,420.149;80.057;184.038
bcd_path,teacher,start13_step81,421.712;80.064;183.773
bcd_path,teacher,start13_step82,423.152;80.069;183.518
bcd_path,teacher,start13_step83,424.478;80.073;183.274
bcd_path,teacher,start13_step84,425.700;80.076;183.040
bcd_path,teacher,start13_step85,426.826;80.079;182.815
bcd_path,teacher,start13_step86,427.863;80.081;182.600
bcd_path,teacher,start13_step87,428.819;80.084;182.393
bcd_path,teacher,start13_step88,429.699;80.088;182.195
bcd_path,teacher,start13_step89,430.510;80.091;182.004
bcd_path,teacher,start13_step90,431.257;80.094;181.822
bcd_path,teacher,start13_step91,431.945;80.096;181.647
bcd_path,teacher,start13_step92,432.580;80.099;181.478
bcd_path,teacher,start13_step93,433.164;80.101;181.317
bcd_path,teacher,start13_step94,433.702;80.103;181.163
bcd_path,teacher,start13_step95,434.198;80.105;181.014
bcd_path,teacher,start13_step96,434.654;80.107;180.872
bcd_path,teacher,start13_step97,435.075;80.108;180.735
bcd_path,teacher,start13_step98,435.463;80.109;180.604
bcd_path,teacher,start13_step99,435.820;80.109;180.478
bcd_path,teacher,start13_step100,436.149;80.109;180.357
bcd_path,teacher,start13_step101,436.452;80.109;180.064
bcd_path,teacher,start13_step102,436.731;80.110;179.559
bcd_path,teacher,start13_step103,436.988;80.110;178.994
bcd_path,teacher,start13_step104,437.225;80.111;178.414
bcd_path,teacher,start13_step105,437.443;80.112;177.828
bcd_path,teacher,start13_step106,437.644;80.113;177.242
bcd_path,teacher,start13_step107,437.829;80.113;176.655
bcd_path,teacher,start13_step108,438.000;80.114;176.069
bcd_path,teacher,start13_step109,438.157;80.115;175.482
bcd_path,teacher,start13_step110,438.302;80.116;174.895
bcd_path,teacher,start13_step111,438.435;80.116;174.308
bcd_path,teacher,start13_step112,438.558;80.117;173.721
bcd_path,teacher,start13_step113,438.671;80.117;173.134
bcd_path,teacher,start13_step114,438.776;80.117;172.547
bcd_path,teacher,start13_step115,438.872;80.116;171.961
bcd_path,teacher,start13_step116,438.960;80.114;171.374
bcd_path,teacher,start13_step117,439.042;80.113;170.787
bcd_path,teacher,start13_step118,439.197;80.118;170.699
bcd_path,teacher,start13_step119,439.366;80.124;170.618
bcd_path,teacher,start13_step120,439.409;80.126;170.636
bcd_path,teacher,start13_step121,439.425;80.122;170.546
bcd_path,teacher,start13_step122,439.442;80.123;170.551
bcd_path,teacher,start13_step123,439.469;80.124;170.550
bcd_path,teacher,start13_step124,439.494;80.125;170.540
bcd_path,teacher,start13_step125,439.532;80.127;170.536
bcd_path,teacher,start13_step126,439.571;80.128;170.528
bcd_path,teacher,start13_step127,439.610;80.130;170.520
bcd_path,teacher,start13_step128,439.646;80.131;170.511
bcd_path,teacher,start13_step129,439.678;80.132;170.502
bcd_path,teacher,start13_step130,439.702;80.133;170.493
bcd_path,teacher,start13_step131,439.718;80.134;170.487
bcd_path,teacher,start13_step132,439.723;80.134;170.483
bcd_path,teacher,start13_step133,439.722;80.134;170.481
bcd_path,teacher,start13_step134,439.722;80.134;170.478
bcd_path,teacher,start13_step135,439.721;80.134;170.476
bcd_path,teacher,start13_step136,439.721;80.134;170.473
bcd_path,teacher,start13_step137,439.720;80.134;170.470
bcd_path,teacher,start13_step138,439.715;80.134;170.466
bcd_path,teacher,start13_step139,439.712;80.134;170.464
bcd_path,teacher,start13_step140,439.709;80.134;170.461
bcd_path,teacher,start13_step141,439.708;80.134;170.458
bcd_path,teacher,start13_step142,439.707;80.134;170.456
bcd_path,teacher,start13_step143,439.706;80.134;170.454
bcd_path,teacher,start13_step144,439.707;80.134;170.452
bcd_path,teacher,start13_step145,439.707;80.134;170.451
bcd_path,teacher,start13_step146,439.708;80.134;170.449
bcd_path,teacher,start13_step147,439.709;80.134;170.448
bcd_path,teacher,start13_step148,439.710;80.134;170.447
bcd_path,teacher,start13_step149,439.711;80.134;170.446
bcd_path,teacher,start13_step150,439.712;80.134;170.444
bcd_path,teacher,start13_step151,439.712;80.134;170.443
bcd_path,teacher,start13_step152,439.712;80.134;170.441
bcd_path,teacher,start13_step153,439.712;80.134;170.440
bcd_path,teacher,start13_step154,439.713;80.134;170.439
bcd_path,teacher,start13_step155,439.713;80.134;170.437
bcd_path,teacher,start13_step156,439.713;80.134;170.436
bcd_path,teacher,start13_step157,439.713;80.134;170.435
bcd_path,teacher,start13_step158,439.713;80.134;170.433
bcd_path,teacher,start13_step159,439.713;80.134;170.432
bcd_path,teacher,start13_step160,439.713;80.134;170.431
bcd_path,teacher,start13_step161,439.713;80.134;170.429
bcd_path,teacher,start13_step162,439.713;80.134;170.428
bcd_path,teacher,start13_step163,439.713;80.134;170.427
bcd_path,teacher,start13_step164,439.713;80.134;170.425
bcd_path,teacher,start13_step165,439.713;80.134;170.424
bcd_path,teacher,start13_step166,439.713;80.134;170.423
bcd_path,teacher,start13_step167,439.712;80.134;170.421
bcd_path,teacher,start13_step168,439.712;80.134;170.420
bcd_path,teacher,start13_step169,439.711;80.134;170.419
bcd_path,teacher,start13_step170,439.710;80.134;170.417
bcd_path,teacher,start13_step171,439.709;80.134;170.416
bcd_path,teacher,start13_step172,439.709;80.134;170.415
bcd_path,teacher,start13_step173,439.709;80.134;170.413
bcd_path,teacher,start13_step174,439.709;80.134;170.412
bcd_path,teacher,start13_step175,439.709;80.134;170.411
bcd_path,teacher,start13_step176,439.709;80.134;170.410
bcd_path,teacher,start13_step177,439.709;80.134;170.408
bcd_path,teacher,start13_step178,439.709;80.134;170.407
bcd_path,teacher,start13_step179,439.709;80.134;170.406
bcd_path,teacher,start13_step180,439.709;80.134;170.404
bcd_path,teacher,start13_step181,439.709;80.134;170.403
bcd_path,teacher,start13_step182,439.709;80.134;170.402
bcd_path,teacher,start13_step183,439.709;80.134;170.400
bcd_path,teacher,start13_step184,439.709;80.134;170.399
bcd_path,teacher,start13_step185,439.709;80.134;170.398
bcd_path,teacher,start13_step186,439.709;80.134;170.396
bcd_path,teacher,start13_step187,439.709;80.134;170.395
bcd_path,teacher,start13_step188,439.709;80.134;170.394
bcd_path,teacher,start13_step189,439.709;80.134;170.393
bcd_path,teacher,start13_step190,439.709;80.134;170.391
bcd_path,teacher,start13_step191,439.709;80.134;170.390
bcd_path,teacher,start13_step192,439.709;80.134;170.389
bcd_path,teacher,start13_step193,439.709;80.134;170.388
bcd_path,teacher,start13_step194,439.709;80.134;170.386
bcd_path,teacher,start13_step195,439.709;80.134;170.385
bcd_path,teacher,start13_step196,439.709;80.134;170.384
bcd_path,teacher,start13_step197,439.709;80.134;170.382
bcd_path,teacher,start13_step198,439.709;80.134;170.381
bcd_path,teacher,start13_step199,439.709;80.134;170.380
bcd_path,teacher,start13_step200,439.709;80.134;170.379
bcd_path,teacher,start13_step201,439.709;80.134;170.378
bcd_path,teacher,start13_step202,439.709;80.134;170.378
bcd_path,teacher,start13_step203,439.709;80.134;170.377
bcd_path,teacher,start13_step204,439.709;80.134;170.376
bcd_path,teacher,start13_step205,439.709;80.134;170.375
bcd_path,teacher,start13_step206,439.709;80.134;170.374
bcd_path,teacher,start13_step207,439.709;80.134;170.373
bcd_path,teacher,start13_step208,439.709;80.134;170.372
bcd_path,teacher,start13_step209,439.709;80.134;170.371
bcd_path,teacher,start13_step210,439.709;80.134;170.370
bcd_path,teacher,start13_step211,439.709;80.134;170.369
bcd_path,teacher,start13_step212,439.709;80.134;170.368
bcd_path,teacher,start13_step213,439.709;80.134;170.367
bcd_path,teacher,start13_step214,439.709;80.134;170.366
bcd_path,teacher,start13_step215,439.709;80.134;170.365
bcd_path,teacher,start13_step216,439.708;80.134;170.364
bcd_path,teacher,start13_step217,439.708;80.134;170.363
bcd_path,teacher,start13_step218,439.708;80.134;170.362
bcd_path,teacher,start13_step219,439.708;80.134;170.361
bcd_path,teacher,start13_step220,439.707;80.134;170.360
bcd_path,teacher,start13_step221,439.707;80.134;170.359
bcd_path,teacher,start13_step222,439.706;80.134;170.359
bcd_path,teacher,start13_step223,439.705;80.134;170.358
bcd_path,teacher,start13_step224,439.705;80.134;170.357
bcd_path,teacher,start13_step225,439.704;80.134;170.357
bcd_path,teacher,start13_step226,439.704;80.134;170.356
bcd_path,teacher,start13_step227,439.704;80.134;170.355
bcd_path,teacher,start13_step228,439.704;80.135;170.354
bcd_path,teacher,start13_step229,439.704;80.135;170.353
bcd_path,teacher,start13_step230,439.704;80.135;170.352
bcd_path,teacher,start13_step231,439.704;80.135;170.352
bcd_path,teacher,start13_step232,439.704;80.135;170.351
bcd_path,teacher,start13_step233,439.704;80.134;170.350
bcd_path,teacher,start13_step234,439.704;80.134;170.349
bcd_path,teacher,start13_step235,439.704;80.134;170.348
bcd_path,teacher,start13_step236,439.704;80.134;170.347
bcd_path,teacher,start13_step237,439.704;80.134;170.346
bcd_path,teacher,start13_step238,439.704;80.134;170.345
bcd_path,teacher,start13_step239,439.704;80.134;170.344
bcd_path,teacher,start13_step240,439.704;80.134;170.343
bcd_path,teacher,start13_step241,439.703;80.134;170.342
bcd_path,teacher,start13_step242,439.703;80.134;170.341
bcd_path,teacher,start13_step243,439.703;80.134;170.340
bcd_path,teacher,start13_step244,439.703;80.134;170.339
bcd_path,teacher,start13_step245,439.703;80.134;170.338
bcd_path,teacher,start13_step246,439.703;80.134;170.337
bcd_path,teacher,start13_step247,439.703;80.134;170.336
bcd_path,teacher,start13_step248,439.703;80.134;170.335
bcd_path,teacher,start13_step249,439.703;80.134;170.334
bcd_path,teacher,start13_step250,439.703;80.134;170.333
bcd_path,teacher,start13_step251,439.703;80.134;170.332
bcd_path,teacher,start13_step252,439.703;80.134;170.331
bcd_path,teacher,start13_step253,439.703;80.134;170.330
bcd_path,teacher,start13_step254,439.703;80.134;170.329
bcd_path,teacher,start13_step255,439.703;80.134;170.329
bcd_path,teacher,start13_step256,439.703;80.134;170.328
bcd_path,teacher,start13_step257,439.703;80.134;170.327
bcd_path,teacher,start13_step258,439.702;80.134;170.326
bcd_path,teacher,start13_step259,439.702;80.134;170.325
bcd_path,teacher,start13_step260,439.702;80.134;170.324
bcd_path,teacher,start13_step261,439.702;80.134;170.323
bcd_path,teacher,start13_step262,439.702;80.134;170.322
bcd_path,teacher,start13_step263,439.702;80.134;170.321
bcd_path,teacher,start13_step264,439.702;80.134;170.320
bcd_path,teacher,start13_step265,439.702;80.134;170.319
bcd_path,teacher,start13_step266,439.702;80.134;170.318
bcd_path,teacher,start13_step267,439.702;80.134;170.317
bcd_path,teacher,start13_step268,439.702;80.134;170.316
bcd_path,teacher,start13_step269,439.702;80.134;170.315
bcd_path,teacher,start13_step270,439.702;80.134;170.314
bcd_path,teacher,start13_step271,439.702;80.134;170.313
bcd_path,teacher,start13_step272,439.702;80.134;170.312
bcd_path,teacher,start13_step273,439.701;80.134;170.311
bcd_path,teacher,start13_step274,439.701;80.134;170.310
bcd_path,teacher,start13_step275,439.701;80.134;170.309
bcd_path,teacher,start13_step276,439.701;80.134;170.308
bcd_path,teacher,start13_step277,439.701;80.134;170.307
bcd_path,teacher,start13_step278,439.701;80.134;170.306
bcd_path,teacher,start13_step279,439.701;80.134;170.305
bcd_path,teacher,start13_step280,439.701;80.134;170.304
bcd_path,teacher,start13_step281,439.701;80.134;170.303
bcd_path,teacher,start13_step282,439.701;80.134;170.303
bcd_path,teacher,start13_step283,439.701;80.134;170.302
bcd_path,teacher,start13_step284,439.701;80.134;170.301
bcd_path,teacher,start13_step285,439.701;80.134;170.300
bcd_path,teacher,start13_step286,439.701;80.133;170.299
bcd_path,teacher,start13_step287,439.701;80.133;170.298
bcd_path,teacher,start13_step288,439.700;80.133;170.298
bcd_path,teacher,start13_step289,439.700;80.133;170.297
bcd_path,teacher,start13_step290,439.700;80.133;170.296
bcd_path,teacher,start13_step291,439.700;80.133;170.295
bcd_path,teacher,start13_step292,439.700;80.133;170.295
bcd_path,teacher,start13_step293,439.700;80.133;170.294
bcd_path,teacher,start13_step294,439.700;80.133;170.293
bcd_path,teacher,start13_step295,439.700;80.133;170.292
bcd_path,teacher,start13_step296,439.700;80.133;170.291
bcd_path,teacher,start13_step297,439.700;80.133;170.290
bcd_path,teacher,start13_step298,439.700;80.133;170.289
bcd_path,teacher,start13_step299,439.700;80.133;170.288
bcd_path,teacher,start14_step0,-29.889;-35.907;22.331
bcd_path,teacher,start14_step1,-29.868;-35.634;25.765
bcd_path,teacher,start14_step2,-29.893;-35.185;29.620
bcd_path,teacher,start14_step3,-29.959;-34.619;33.892
bcd_path,teacher,start14_step4,-30.053;-33.980;38.602
bcd_path,teacher,start14_step5,-30.164;-33.315;43.681
bcd_path,teacher,start14_step6,-30.283;-32.670;49.067
bcd_path,teacher,start14_step7,-30.396;-32.082;54.711
bcd_path,teacher,start14_step8,-30.499;-31.563;60.570
bcd_path,teacher,start14_step9,-30.307;-31.017;66.389
bcd_path,teacher,start14_step10,-29.044;-30.197;71.899
bcd_path,teacher,start14_step11,-26.738;-29.098;77.127
bcd_path,teacher,start14_step12,-23.560;-27.760;82.124
bcd_path,teacher,start14_step13,-19.653;-26.226;86.935
bcd_path,teacher,start14_step14,-15.139;-24.530;91.597
bcd_path,teacher,start14_step15,-10.117;-22.701;96.142
bcd_path,teacher,start14_step16,-4.672;-20.765;100.598
bcd_path,teacher,start14_step17,1.129;-18.740;104.989
bcd_path,teacher,start14_step18,7.226;-16.643;109.336
bcd_path,teacher,start14_step19,13.571;-14.486;113.657
bcd_path,teacher,start14_step20,20.124;-12.279;117.966
bcd_path,teacher,start14_step21,26.852;-10.031;122.278
bcd_path,teacher,start14_step22,33.726;-7.747;126.605
bcd_path,teacher,start14_step23,40.724;-5.435;130.957
bcd_path,teacher,start14_step24,47.826;-3.098;135.345
bcd_path,teacher,start14_step25,55.016;-0.741;139.775
bcd_path,teacher,start14_step26,62.281;1.635;144.258
bcd_path,teacher,start14_step27,69.610;4.026;148.799
bcd_path,teacher,start14_step28,76.995;6.431;153.407
bcd_path,teacher,start14_step29,84.427;8.848;158.087
bcd_path,teacher,start14_step30,91.899;11.278;162.844
bcd_path,teacher,start14_step31,99.405;13.723;167.675
bcd_path,teacher,start14_step32,106.935;16.195;172.573
bcd_path,teacher,start14_step33,114.479;18.708;177.527
bcd_path,teacher,start14_step34,122.026;21.278;182.524
bcd_path,teacher,start14_step35,129.566;23.919;187.553
bcd_path,teacher,start14_step36,137.094;26.641;192.614
bcd_path,teacher,start14_step37,144.609;29.452;197.747
bcd_path,teacher,start14_step38,152.104;32.351;202.922
bcd_path,teacher,start14_step39,159.560;35.332;207.978
bcd_path,teacher,start14_step40,166.918;38.353;212.282
bcd_path,teacher,start14_step41,174.149;41.306;215.202
bcd_path,teacher,start14_step42,181.270;44.119;216.621
bcd_path,teacher,start14_step43,188.301;46.764;216.611
bcd_path,teacher,start14_step44,195.272;49.251;215.520
bcd_path,teacher,start14_step45,202.222;51.624;213.899
bcd_path,teacher,start14_step46,209.169;53.938;212.083
bcd_path,teacher,start14_step47,216.111;56.227;210.176
bcd_path,teacher,start14_step48,223.055;58.516;208.293
bcd_path,teacher,start14_step49,230.013;60.821;206.598
bcd_path,teacher,start14_step50,236.995;63.151;205.209
bcd_path,teacher,start14_step51,244.013;65.507;204.218
bcd_path,teacher,start14_step52,251.080;67.857;203.666
bcd_path,teacher,start14_step53,258.212;70.131;203.474
bcd_path,teacher,start14_step54,265.392;72.348;203.564
bcd_path,teacher,start14_step55,272.616;74.516;203.915
bcd_path,teacher,start14_step56,279.967;76.447;204.783
bcd_path,teacher,start14_step57,287.431;77.962;205.679
bcd_path,teacher,start14_step58,294.915;79.007;205.861
bcd_path,teacher,start14_step59,302.384;79.618;205.348
bcd_path,teacher,start14_step60,309.839;79.885;204.491
bcd_path,teacher,start14_step61,317.299;79.969;203.690
bcd_path,teacher,start14_step62,324.775;80.010;203.099
bcd_path,teacher,start14_step63,332.152;80.077;201.476
bcd_path,teacher,start14_step64,339.385;80.168;198.389
bcd_path,teacher,start14_step65,346.558;80.246;194.775
bcd_path,teacher,start14_step66,353.782;80.249;192.175
bcd_path,teacher,start14_step67,360.824;80.190;191.006
bcd_path,teacher,start14_step68,367.209;80.159;190.274
bcd_path,teacher,start14_step69,372.925;80.184;189.702
bcd_path,teacher,start14_step70,378.150;80.231;189.193
bcd_path,teacher,start14_step71,382.997;80.258;188.715
bcd_path,teacher,start14_step72,387.493;80.256;188.257
bcd_path,teacher,start14_step73,391.638;80.240;187.819
bcd_path,teacher,start14_step74,395.448;80.224;187.399
bcd_path,teacher,start14_step75,398.953;80.212;186.997
bcd_path,teacher,start14_step76,402.183;80.202;186.611
bcd_path,teacher,start14_step77,405.160;80.194;186.241
bcd_path,teacher,start14_step78,407.904;80.185;185.886
bcd_path,teacher,start14_step79,410.431;80.178;185.545
bcd_path,teacher,start14_step80,412.759;80.173;185.219
bcd_path,teacher,start14_step81,414.903;80.169;184.905
bcd_path,teacher,start14_step82,416.879;80.167;184.605
bcd_path,teacher,start14_step83,418.699;80.165;184.317
bcd_path,teacher,start14_step84,420.376;80.162;184.040
bcd_path,teacher,start14_step85,421.921;80.157;183.775
bcd_path,teacher,start14_step86,423.344;80.152;183.520
bcd_path,teacher,start14_step87,424.656;80.147;183.276
bcd_path,teacher,start14_step88,425.864;80.143;183.042
bcd_path,teacher,start14_step89,426.976;80.140;182.817
bcd_path,teacher,start14_step90,428.002;80.137;182.602
bcd_path,teacher,start14_step91,428.946;80.135;182.395
bcd_path,teacher,start14_step92,429.816;80.132;182.196
bcd_path,teacher,start14_step93,430.618;80.130;182.006
bcd_path,teacher,start14_step94,431.356;80.128;181.823
bcd_path,teacher,start14_step95,432.037;80.127;181.648
bcd_path,teacher,start14_step96,432.663;80.126;181.480
bcd_path,teacher,start14_step97,433.241;80.125;181.319
bcd_path,teacher,start14_step98,433.773;80.124;181.164
bcd_path,teacher,start14_step99,434.263;80.123;181.015
bcd_path,teacher,start14_step100,434.714;80.122;180.873
bcd_path,teacher,start14_step101,435.130;80.121;180.736
bcd_path,teacher,start14_step102,435.513;80.120;180.605
bcd_path,teacher,start14_step103,435.866;80.119;180.479
bcd_path,teacher,start14_step104,436.191;80.117;180.358
bcd_path,teacher,start14_step105,436.491;80.116;180.065
bcd_path,teacher,start14_step106,436.767;80.116;179.560
bcd_path,teacher,start14_step107,437.021;80.115;178.995
bcd_path,teacher,start14_step108,437.255;80.115;178.415
bcd_path,teacher,start14_step109,437.471;80.115;177.829
bcd_path,teacher,start14_step110,437.670;80.115;177.243
bcd_path,teacher,start14_step111,437.853;80.115;176.656
bcd_path,teacher,start14_step112,438.021;80.115;176.069
bcd_path,teacher,start14_step113,438.177;80.116;175.483
bcd_path,teacher,start14_step114,438.320;80.116;174.896
bcd_path,teacher,start14_step115,438.451;80.116;174.309
bcd_path,teacher,start14_step116,438.573;80.117;173.722
bcd_path,teacher,start14_step117,438.685;80.117;173.135
bcd_path,teacher,start14_step118,438.788;80.116;172.548
bcd_path,teacher,start14_step119,438.883;80.115;171.962
bcd_path,teacher,start14_step120,438.970;80.114;171.375
bcd_path,teacher,start14_step121,439.051;80.113;170.788
bcd_path,teacher,start14_step122,439.247;80.122;170.713
bcd_path,teacher,start14_step123,439.465;80.134;170.632
bcd_path,teacher,start14_step124,439.533;80.138;170.648
bcd_path,teacher,start14_step125,439.557;80.140;170.542
bcd_path,teacher,start14_step126,439.575;80.141;170.550
bcd_path,teacher,start14_step127,439.602;80.143;170.547
bcd_path,teacher,start14_step128,439.628;80.144;170.538
bcd_path,teacher,start14_step129,439.665;80.146;170.533
bcd_path,teacher,start14_step130,439.704;80.148;170.526
bcd_path,teacher,start14_step131,439.743;80.151;170.517
bcd_path,teacher,start14_step132,439.779;80.153;170.508
bcd_path,teacher,start14_step133,439.810;80.155;170.499
bcd_path,teacher,start14_step134,439.835;80.156;170.490
bcd_path,teacher,start14_step135,439.850;80.157;170.484
bcd_path,teacher,start14_step136,439.855;80.157;170.480
bcd_path,teacher,start14_step137,439.854;80.157;170.478
bcd_path,teacher,start14_step138,439.854;80.157;170.476
bcd_path,teacher,start14_step139,439.854;80.157;170.473
bcd_path,teacher,start14_step140,439.853;80.157;170.471
bcd_path,teacher,start14_step141,439.852;80.157;170.467
bcd_path,teacher,start14_step142,439.847;80.157;170.464
bcd_path,teacher,start14_step143,439.844;80.157;170.461
bcd_path,teacher,start14_step144,439.841;80.156;170.458
bcd_path,teacher,start14_step145,439.840;80.156;170.455
bcd_path,teacher,start14_step146,439.839;80.156;170.453
bcd_path,teacher,start14_step147,439.838;80.156;170.451
bcd_path,teacher,start14_step148,439.839;80.156;170.449
bcd_path,teacher,start14_step149,439.840;80.156;170.448
bcd_path,teacher,start14_step150,439.840;80.156;170.446
bcd_path,teacher,start14_step151,439.841;80.156;170.445
bcd_path,teacher,start14_step152,439.842;80.156;170.444
bcd_path,teacher,start14_step153,439.843;80.156;170.443
bcd_path,teacher,start14_step154,439.844;80.156;170.442
bcd_path,teacher,start14_step155,439.844;80.157;170.440
bcd_path,teacher,start14_step156,439.845;80.157;170.439
bcd_path,teacher,start14_step157,439.845;80.156;170.437
bcd_path,teacher,start14_step158,439.845;80.156;170.436
bcd_path,teacher,start14_step159,439.845;80.156;170.435
bcd_path,teacher,start14_step160,439.846;80.156;170.434
bcd_path,teacher,start14_step161,439.845;80.156;170.432
bcd_path,teacher,start14_step162,439.845;80.156;170.431
bcd_path,teacher,start14_step163,439.845;80.156;170.430
bcd_path,teacher,start14_step164,439.845;80.156;170.428
bcd_path,teacher,start14_step165,439.845;80.156;170.427
bcd_path,teacher,start14_step166,439.845;80.156;170.425
bcd_path,teacher,start14_step167,439.845;80.156;170.424
bcd_path,teacher,start14_step168,439.845;80.156;170.423
bcd_path,teacher,start14_step169,439.845;80.156;170.421
bcd_path,teacher,start14_step170,439.845;80.156;170.420
bcd_path,teacher,start14_step171,439.844;80.156;170.419
bcd_path,teacher,start14_step172,439.843;80.156;170.417
bcd_path,teacher,start14_step173,439.843;80.156;170.416
bcd_path,teacher,start14_step174,439.842;80.156;170.414
bcd_path,teacher,start14_step175,439.842;80.156;170.413
bcd_path,teacher,start14_step176,439.841;80.156;170.412
bcd_path,teacher,start14_step177,439.841;80.156;170.411
bcd_path,teacher,start14_step178,439.841;80.156;170.410
bcd_path,teacher,start14_step179,439.841;80.156;170.408
bcd_path,teacher,start14_step180,439.841;80.156;170.407
bcd_path,teacher,start14_step181,439.841;80.156;170.406
bcd_path,teacher,start14_step182,439.841;80.156;170.404
bcd_path,teacher,start14_step183,439.841;80.156;170.403
bcd_path,teacher,start14_step184,439.841;80.156;170.402
bcd_path,teacher,start14_step185,439.841;80.156;170.401
bcd_path,teacher,start14_step186,439.841;80.156;170.399
bcd_path,teacher,start14_step187,439.841;80.156;170.398
bcd_path,teacher,start14_step188,439.841;80.156;170.397
bcd_path,teacher,start14_step189,439.841;80.156;170.395
bcd_path,teacher,start14_step190,439.841;80.156;170.394
bcd_path,teacher,start14_step191,439.841;80.156;170.393
bcd_path,teacher,start14_step192,439.841;80.156;170.391
bcd_path,teacher,start14_step193,439.841;80.156;170.390
bcd_path,teacher,start14_step194,439.841;80.156;170.389
bcd_path,teacher,start14_step195,439.840;80.156;170.387
bcd_path,teacher,start14_step196,439.840;80.156;170.386
bcd_path,teacher,start14_step197,439.840;80.156;170.385
bcd_path,teacher,start14_step198,439.840;80.156;170.384
bcd_path,teacher,start14_step199,439.840;80.156;170.382
bcd_path,teacher,start14_step200,439.840;80.156;170.381
bcd_path,teacher,start14_step201,439.840;80.156;170.380
bcd_path,teacher,start14_step202,439.840;80.156;170.378
bcd_path,teacher,start14_step203,439.840;80.156;170.377
bcd_path,teacher,start14_step204,439.840;80.156;170.376
bcd_path,teacher,start14_step205,439.840;80.156;170.376
bcd_path,teacher,start14_step206,439.840;80.156;170.375
bcd_path,teacher,start14_step207,439.840;80.156;170.374
bcd_path,teacher,start14_step208,439.840;80.156;170.373
bcd_path,teacher,start14_step209,439.840;80.156;170.372
bcd_path,teacher,start14_step210,439.840;80.156;170.371
bcd_path,teacher,start14_step211,439.840;80.156;170.370
bcd_path,teacher,start14_step212,439.840;80.156;170.369
bcd_path,teacher,start14_step213,439.840;80.156;170.368
bcd_path,teacher,start14_step214,439.840;80.156;170.367
bcd_path,teacher,start14_step215,439.840;80.156;170.366
bcd_path,teacher,start14_step216,439.839;80.156;170.365
bcd_path,teacher,start14_step217,439.839;80.156;170.363
bcd_path,teacher,start14_step218,439.839;80.156;170.362
bcd_path,teacher,start14_step219,439.839;80.156;170.361
bcd_path,teacher,start14_step220,439.839;80.156;170.360
bcd_path,teacher,start14_step221,439.838;80.156;170.360
bcd_path,teacher,start14_step222,439.838;80.156;170.359
bcd_path,teacher,start14_step223,439.837;80.156;170.358
bcd_path,teacher,start14_step224,439.837;80.156;170.357
bcd_path,teacher,start14_step225,439.836;80.156;170.357
bcd_path,teacher,start14_step226,439.836;80.156;170.356
bcd_path,teacher,start14_step227,439.835;80.156;170.355
bcd_path,teacher,start14_step228,439.835;80.156;170.354
bcd_path,teacher,start14_step229,439.835;80.157;170.354
bcd_path,teacher,start14_step230,439.835;80.157;170.353
bcd_path,teacher,start14_step231,439.835;80.157;170.352
bcd_path,teacher,start14_step232,439.835;80.157;170.351
bcd_path,teacher,start14_step233,439.835;80.157;170.350
bcd_path,teacher,start14_step234,439.835;80.157;170.349
bcd_path,teacher,start14_step235,439.835;80.157;170.348
bcd_path,teacher,start14_step236,439.835;80.156;170.347
bcd_path,teacher,start14_step237,439.835;80.156;170.346
bcd_path,teacher,start14_step238,439.835;80.156;170.345
bcd_path,teacher,start14_step239,439.835;80.156;170.345
bcd_path,teacher,start14_step240,439.834;80.156;170.344
bcd_path,teacher,start14_step241,439.834;80.156;170.343
bcd_path,teacher,start14_step242,439.834;80.156;170.342
bcd_path,teacher,start14_step243,439.834;80.156;170.341
bcd_path,teacher,start14_step244,439.834;80.156;170.340
bcd_path,teacher,start14_step245,439.834;80.156;170.339
bcd_path,teacher,start14_step246,439.834;80.156;170.338
bcd_path,teacher,start14_step247,439.834;80.156;170.337
bcd_path,teacher,start14_step248,439.834;80.156;170.336
bcd_path,teacher,start14_step249,439.834;80.156;170.335
bcd_path,teacher,start14_step250,439.834;80.156;170.334
bcd_path,teacher,start14_step251,439.834;80.156;170.333
bcd_path,teacher,start14_step252,439.834;80.155;170.332
bcd_path,teacher,start14_step253,439.834;80.155;170.331
bcd_path,teacher,start14_step254,439.834;80.155;170.330
bcd_path,teacher,start14_step255,439.834;80.155;170.329
bcd_path,teacher,start14_step256,439.834;80.155;170.328
bcd_path,teacher,start14_step257,439.834;80.155;170.327
bcd_path,teacher,start14_step258,439.834;80.155;170.326
bcd_path,teacher,start14_step259,439.833;80.155;170.325
bcd_path,teacher,start14_step260,439.833;80.155;170.325
bcd_path,teacher,start14_step261,439.833;80.155;170.324
bcd_path,teacher,start14_step262,439.833;80.155;170.323
bcd_path,teacher,start14_step263,439.833;80.155;170.322
bcd_path,teacher,start14_step264,439.833;80.155;170.321
bcd_path,teacher,start14_step265,439.833;80.155;170.320
bcd_path,teacher,start14_step266,439.833;80.155;170.319
bcd_path,teacher,start14_step267,439.833;80.155;170.318
bcd_path,teacher,start14_step268,439.833;80.155;170.317
bcd_path,teacher,start14_step269,439.833;80.155;170.316
bcd_path,teacher,start14_step270,439.833;80.155;170.315
bcd_path,teacher,start14_step271,439.833;80.155;170.314
bcd_path,teacher,start14_step272,439.833;80.155;170.313
bcd_path,teacher,start14_step273,439.833;80.155;170.312
bcd_path,teacher,start14_step274,439.833;80.155;170.311
bcd_path,teacher,start14_step275,439.832;80.155;170.310
bcd_path,teacher,start14_step276,439.832;80.155;170.309
bcd_path,teacher,start14_step277,439.832;80.155;170.308
bcd_path,teacher,start14_step278,439.832;80.155;170.307
bcd_path,teacher,start14_step279,439.832;80.155;170.306
bcd_path,teacher,start14_step280,439.832;80.155;170.305
bcd_path,teacher,start14_step281,439.832;80.155;170.304
bcd_path,teacher,start14_step282,439.832;80.155;170.303
bcd_path,teacher,start14_step283,439.832;80.155;170.302
bcd_path,teacher,start14_step284,439.832;80.155;170.301
bcd_path,teacher,start14_step285,439.832;80.155;170.301
bcd_path,teacher,start14_step286,439.832;80.155;170.300
bcd_path,teacher,start14_step287,439.832;80.155;170.299
bcd_path,teacher,start14_step288,439.832;80.155;170.298
bcd_path,teacher,start14_step289,439.832;80.155;170.297
bcd_path,teacher,start14_step290,439.832;80.155;170.296
bcd_path,teacher,start14_step291,439.831;80.155;170.295
bcd_path,teacher,start14_step292,439.831;80.155;170.295
bcd_path,teacher,start14_step293,439.831;80.155;170.294
bcd_path,teacher,start14_step294,439.831;80.155;170.293
bcd_path,teacher,start14_step295,439.831;80.155;170.293
bcd_path,teacher,start14_step296,439.831;80.155;170.292
bcd_path,teacher,start14_step297,439.831;80.155;170.291
bcd_path,teacher,start14_step298,439.831;80.155;170.290
bcd_path,teacher,start14_step299,439.831;80.155;170.289
bcd_path,teacher,start15_step0,39.934;-4.426;22.339
bcd_path,teacher,start15_step1,40.805;-3.968;25.880
bcd_path,teacher,start15_step2,42.290;-3.047;30.175
bcd_path,teacher,start15_step3,44.292;-1.635;35.478
bcd_path,teacher,start15_step4,46.713;0.290;41.860
bcd_path,teacher,start15_step5,49.430;2.722;49.136
bcd_path,teacher,start15_step6,52.328;5.652;57.161
bcd_path,teacher,start15_step7,55.291;9.058;65.819
bcd_path,teacher,start15_step8,58.207;12.886;75.026
bcd_path,teacher,start15_step9,61.310;16.937;84.512
bcd_path,teacher,start15_step10,65.443;20.852;93.998
bcd_path,teacher,start15_step11,70.539;24.673;103.494
bcd_path,teacher,start15_step12,76.378;28.496;113.043
bcd_path,teacher,start15_step13,82.768;32.381;122.645
bcd_path,teacher,start15_step14,89.547;36.373;132.249
bcd_path,teacher,start15_step15,96.580;40.497;141.783
bcd_path,teacher,start15_step16,103.768;44.736;151.180
bcd_path,teacher,start15_step17,111.050;49.018;160.396
bcd_path,teacher,start15_step18,118.410;53.216;169.405
bcd_path,teacher,start15_step19,125.854;57.215;178.189
bcd_path,teacher,start15_step20,133.372;61.002;186.740
bcd_path,teacher,start15_step21,140.958;64.582;195.076
bcd_path,teacher,start15_step22,148.601;67.978;203.218
bcd_path,teacher,start15_step23,156.243;71.208;210.766
bcd_path,teacher,start15_step24,163.805;74.267;217.038
bcd_path,teacher,start15_step25,171.251;77.091;221.512
bcd_path,teacher,start15_step26,178.603;79.562;224.099
bcd_path,teacher,start15_step27,185.902;81.581;225.033
bcd_path,teacher,start15_step28,193.152;83.102;224.516
bcd_path,teacher,start15_step29,200.377;84.096;223.075
bcd_path,teacher,start15_step30,207.600;84.564;221.293
bcd_path,teacher,start15_step31,214.815;84.587;219.388
bcd_path,teacher,start15_step32,222.015;84.291;217.412
bcd_path,teacher,start15_step33,229.203;83.806;215.377
bcd_path,teacher,start15_step34,236.390;83.240;213.279
bcd_path,teacher,start15_step35,243.599;82.680;211.256
bcd_path,teacher,start15_step36,250.857;82.188;209.508
bcd_path,teacher,start15_step37,258.172;81.797;208.111
bcd_path,teacher,start15_step38,265.540;81.512;207.054
bcd_path,teacher,start15_step39,272.948;81.313;206.292
bcd_path,teacher,start15_step40,280.411;81.176;205.977
bcd_path,teacher,start15_step41,287.872;81.068;205.606
bcd_path,teacher,start15_step42,295.291;80.963;204.823
bcd_path,teacher,start15_step43,302.707;80.842;204.019
bcd_path,teacher,start15_step44,310.140;80.712;203.378
bcd_path,teacher,start15_step45,317.595;80.607;202.942
bcd_path,teacher,start15_step46,325.070;80.538;202.683
bcd_path,teacher,start15_step47,332.438;80.489;201.247
bcd_path,teacher,start15_step48,339.655;80.449;198.208
bcd_path,teacher,start15_step49,346.811;80.393;194.601
bcd_path,teacher,start15_step50,354.017;80.307;192.004
bcd_path,teacher,start15_step51,361.042;80.240;190.840
bcd_path,teacher,start15_step52,367.408;80.221;190.115
bcd_path,teacher,start15_step53,373.109;80.244;189.549
bcd_path,teacher,start15_step54,378.319;80.278;189.047
bcd_path,teacher,start15_step55,383.154;80.299;188.574
bcd_path,teacher,start15_step56,387.638;80.303;188.122
bcd_path,teacher,start15_step57,391.771;80.299;187.689
bcd_path,teacher,start15_step58,395.571;80.295;187.275
bcd_path,teacher,start15_step59,399.067;80.290;186.878
bcd_path,teacher,start15_step60,402.287;80.285;186.497
bcd_path,teacher,start15_step61,405.256;80.280;186.131
bcd_path,teacher,start15_step62,407.992;80.273;185.781
bcd_path,teacher,start15_step63,410.513;80.266;185.445
bcd_path,teacher,start15_step64,412.834;80.259;185.122
bcd_path,teacher,start15_step65,414.973;80.252;184.813
bcd_path,teacher,start15_step66,416.943;80.244;184.516
bcd_path,teacher,start15_step67,418.758;80.234;184.231
bcd_path,teacher,start15_step68,420.430;80.225;183.958
bcd_path,teacher,start15_step69,421.971;80.214;183.696
bcd_path,teacher,start15_step70,423.390;80.204;183.445
bcd_path,teacher,start15_step71,424.698;80.195;183.204
bcd_path,teacher,start15_step72,425.903;80.187;182.973
bcd_path,teacher,start15_step73,427.013;80.179;182.751
bcd_path,teacher,start15_step74,428.035;80.173;182.538
bcd_path,teacher,start15_step75,428.977;80.167;182.334
bcd_path,teacher,start15_step76,429.845;80.162;182.138
bcd_path,teacher,start15_step77,430.644;80.158;181.950
bcd_path,teacher,start15_step78,431.380;80.154;181.769
bcd_path,teacher,start15_step79,432.059;80.150;181.596
bcd_path,teacher,start15_step80,432.684;80.147;181.430
bcd_path,teacher,start15_step81,433.260;80.144;181.271
bcd_path,teacher,start15_step82,433.790;80.142;181.118
bcd_path,teacher,start15_step83,434.279;80.140;180.971
bcd_path,teacher,start15_step84,434.729;80.138;180.831
bcd_path,teacher,start15_step85,435.144;80.136;180.696
bcd_path,teacher,start15_step86,435.526;80.133;180.566
bcd_path,teacher,start15_step87,435.878;80.131;180.442
bcd_path,teacher,start15_step88,436.202;80.128;180.323
bcd_path,teacher,start15_step89,436.501;80.127;180.031
bcd_path,teacher,start15_step90,436.776;80.125;179.525
bcd_path,teacher,start15_step91,437.029;80.124;178.961
bcd_path,teacher,start15_step92,437.263;80.123;178.380
bcd_path,teacher,start15_step93,437.478;80.122;177.795
bcd_path,teacher,start15_step94,437.676;80.121;177.209
bcd_path,teacher,start15_step95,437.859;80.121;176.622
bcd_path,teacher,start15_step96,438.027;80.121;176.035
bcd_path,teacher,start15_step97,438.182;80.121;175.448
bcd_path,teacher,start15_step98,438.324;80.121;174.861
bcd_path,teacher,start15_step99,438.456;80.121;174.274
bcd_path,teacher,start15_step100,438.577;80.121;173.688
bcd_path,teacher,start15_step101,438.689;80.121;173.101
bcd_path,teacher,start15_step102,438.791;80.120;172.514
bcd_path,teacher,start15_step103,438.886;80.119;171.927
bcd_path,teacher,start15_step104,438.973;80.117;171.340
bcd_path,teacher,start15_step105,439.054;80.116;170.753
bcd_path,teacher,start15_step106,439.239;80.125;170.715
bcd_path,teacher,start15_step107,439.433;80.136;170.626
bcd_path,teacher,start15_step108,439.495;80.140;170.647
bcd_path,teacher,start15_step109,439.517;80.142;170.543
bcd_path,teacher,start15_step110,439.524;80.142;170.549
bcd_path,teacher,start15_step111,439.544;80.143;170.548
bcd_path,teacher,start15_step112,439.562;80.144;170.539
bcd_path,teacher,start15_step113,439.594;80.146;170.536
bcd_path,teacher,start15_step114,439.628;80.148;170.528
bcd_path,teacher,start15_step115,439.667;80.150;170.521
bcd_path,teacher,start15_step116,439.706;80.152;170.513
bcd_path,teacher,start15_step117,439.742;80.154;170.503
bcd_path,teacher,start15_step118,439.773;80.156;170.494
bcd_path,teacher,start15_step119,439.798;80.157;170.486
bcd_path,teacher,start15_step120,439.813;80.158;170.480
bcd_path,teacher,start15_step121,439.817;80.158;170.477
bcd_path,teacher,start15_step122,439.817;80.158;170.476
bcd_path,teacher,start15_step123,439.816;80.158;170.473
bcd_path,teacher,start15_step124,439.816;80.158;170.470
bcd_path,teacher,start15_step125,439.815;80.158;170.467
bcd_path,teacher,start15_step126,439.810;80.157;170.464
bcd_path,teacher,start15_step127,439.807;80.157;170.461
bcd_path,teacher,start15_step128,439.805;80.157;170.458
bcd_path,teacher,start15_step129,439.803;80.157;170.455
bcd_path,teacher,start15_step130,439.802;80.157;170.453
bcd_path,teacher,start15_step131,439.802;80.157;170.451
bcd_path,teacher,start15_step132,439.802;80.157;170.449
bcd_path,teacher,start15_step133,439.803;80.157;170.448
bcd_path,teacher,start15_step134,439.803;80.157;170.446
bcd_path,teacher,start15_step135,439.804;80.157;170.445
bcd_path,teacher,start15_step136,439.805;80.157;170.444
bcd_path,teacher,start15_step137,439.806;80.158;170.443
bcd_path,teacher,start15_step138,439.807;80.158;170.442
bcd_path,teacher,start15_step139,439.808;80.158;170.440
bcd_path,teacher,start15_step140,439.808;80.158;170.438
bcd_path,teacher,start15_step141,439.808;80.158;170.437
bcd_path,teacher,start15_step142,439.808;80.158;170.436
bcd_path,teacher,start15_step143,439.808;80.158;170.435
bcd_path,teacher,start15_step144,439.809;80.158;170.433
bcd_path,teacher,start15_step145,439.809;80.158;170.432
bcd_path,teacher,start15_step146,439.808;80.158;170.431
bcd_path,teacher,start15_step147,439.808;80.158;170.429
bcd_path,teacher,start15_step148,439.808;80.158;170.428
bcd_path,teacher,start15_step149,439.808;80.158;170.427
bcd_path,teacher,start15_step150,439.808;80.158;170.425
bcd_path,teacher,start15_step151,439.808;80.158;170.424
bcd_path,teacher,start15_step152,439.808;80.158;170.423
bcd_path,teacher,start15_step153,439.808;80.158;170.421
bcd_path,teacher,start15_step154,439.808;80.158;170.420
bcd_path,teacher,start15_step155,439.807;80.158;170.418
bcd_path,teacher,start15_step156,439.807;80.158;170.417
bcd_path,teacher,start15_step157,439.806;80.158;170.416
bcd_path,teacher,start15_step158,439.805;80.158;170.414
bcd_path,teacher,start15_step159,439.804;80.158;170.413
bcd_path,teacher,start15_step160,439.804;80.158;170.412
bcd_path,teacher,start15_step161,439.804;80.158;170.411
bcd_path,teacher,start15_step162,439.804;80.158;170.409
bcd_path,teacher,start15_step163,439.804;80.158;170.408
bcd_path,teacher,start15_step164,439.804;80.158;170.407
bcd_path,teacher,start15_step165,439.804;80.158;170.406
bcd_path,teacher,start15_step166,439.804;80.158;170.404
bcd_path,teacher,start15_step167,439.804;80.158;170.403
bcd_path,teacher,start15_step168,439.804;80.158;170.402
bcd_path,teacher,start15_step169,439.804;80.158;170.400
bcd_path,teacher,start15_step170,439.804;80.158;170.399
bcd_path,teacher,start15_step171,439.804;80.158;170.398
bcd_path,teacher,start15_step172,439.804;80.158;170.396
bcd_path,teacher,start15_step173,439.804;80.158;170.395
bcd_path,teacher,start15_step174,439.804;80.158;170.394
bcd_path,teacher,start15_step175,439.804;80.158;170.392
bcd_path,teacher,start15_step176,439.804;80.158;170.391
bcd_path,teacher,start15_step177,439.804;80.158;170.390
bcd_path,teacher,start15_step178,439.803;80.158;170.388
bcd_path,teacher,start15_step179,439.803;80.158;170.387
bcd_path,teacher,start15_step180,439.803;80.158;170.386
bcd_path,teacher,start15_step181,439.803;80.158;170.385
bcd_path,teacher,start15_step182,439.803;80.158;170.383
bcd_path,teacher,start15_step183,439.803;80.158;170.382
bcd_path,teacher,start15_step184,439.803;80.158;170.381
bcd_path,teacher,start15_step185,439.803;80.158;170.379
bcd_path,teacher,start15_step186,439.803;80.158;170.378
bcd_path,teacher,start15_step187,439.803;80.157;170.377
bcd_path,teacher,start15_step188,439.803;80.157;170.376
bcd_path,teacher,start15_step189,439.803;80.157;170.375
bcd_path,teacher,start15_step190,439.803;80.157;170.375
bcd_path,teacher,start15_step191,439.803;80.157;170.374
bcd_path,teacher,start15_step192,439.803;80.157;170.373
bcd_path,teacher,start15_step193,439.803;80.158;170.372
bcd_path,teacher,start15_step194,439.803;80.158;170.371
bcd_path,teacher,start15_step195,439.803;80.158;170.369
bcd_path,teacher,start15_step196,439.803;80.158;170.368
bcd_path,teacher,start15_step197,439.803;80.158;170.367
bcd_path,teacher,start15_step198,439.803;80.158;170.366
bcd_path,teacher,start15_step199,439.803;80.158;170.365
bcd_path,teacher,start15_step200,439.803;80.158;170.364
bcd_path,teacher,start15_step201,439.802;80.158;170.363
bcd_path,teacher,start15_step202,439.802;80.158;170.362
bcd_path,teacher,start15_step203,439.801;80.158;170.361
bcd_path,teacher,start15_step204,439.801;80.158;170.361
bcd_path,teacher,start15_step205,439.800;80.158;170.360
bcd_path,teacher,start15_step206,439.800;80.158;170.359
bcd_path,teacher,start15_step207,439.800;80.158;170.358
bcd_path,teacher,start15_step208,439.799;80.158;170.357
bcd_path,teacher,start15_step209,439.798;80.158;170.356
bcd_path,teacher,start15_step210,439.798;80.158;170.356
bcd_path,teacher,start15_step211,439.798;80.158;170.355
bcd_path,teacher,start15_step212,439.798;80.158;170.354
bcd_path,teacher,start15_step213,439.798;80.158;170.353
bcd_path,teacher,start15_step214,439.798;80.158;170.352
bcd_path,teacher,start15_step215,439.798;80.158;170.351
bcd_path,teacher,start15_step216,439.798;80.158;170.350
bcd_path,teacher,start15_step217,439.798;80.158;170.350
bcd_path,teacher,start15_step218,439.797;80.158;170.349
bcd_path,teacher,start15_step219,439.797;80.158;170.348
bcd_path,teacher,start15_step220,439.797;80.158;170.347
bcd_path,teacher,start15_step221,439.797;80.158;170.346
bcd_path,teacher,start15_step222,439.797;80.158;170.345
bcd_path,teacher,start15_step223,439.797;80.158;170.344
bcd_path,teacher,start15_step224,439.797;80.157;170.343
bcd_path,teacher,start15_step225,439.797;80.157;170.342
bcd_path,teacher,start15_step226,439.797;80.157;170.341
bcd_path,teacher,start15_step227,439.797;80.157;170.340
bcd_path,teacher,start15_step228,439.797;80.157;170.339
bcd_path,teacher,start15_step229,439.797;80.157;170.338
bcd_path,teacher,start15_step230,439.797;80.157;170.337
bcd_path,teacher,start15_step231,439.797;80.157;170.336
bcd_path,teacher,start15_step232,439.797;80.157;170.335
bcd_path,teacher,start15_step233,439.797;80.157;170.334
bcd_path,teacher,start15_step234,439.797;80.157;170.333
bcd_path,teacher,start15_step235,439.796;80.157;170.332
bcd_path,teacher,start15_step236,439.796;80.157;170.331
bcd_path,teacher,start15_step237,439.796;80.157;170.330
bcd_path,teacher,start15_step238,439.796;80.157;170.329
bcd_path,teacher,start15_step239,439.796;80.157;170.328
bcd_path,teacher,start15_step240,439.796;80.157;170.328
bcd_path,teacher,start15_step241,439.796;80.157;170.327
bcd_path,teacher,start15_step242,439.796;80.157;170.326
bcd_path,teacher,start15_step243,439.796;80.157;170.325
bcd_path,teacher,start15_step244,439.796;80.157;170.324
bcd_path,teacher,start15_step245,439.796;80.157;170.323
bcd_path,teacher,start15_step246,439.796;80.157;170.322
bcd_path,teacher,start15_step247,439.796;80.157;170.321
bcd_path,teacher,start15_step248,439.796;80.157;170.320
bcd_path,teacher,start15_step249,439.796;80.157;170.319
bcd_path,teacher,start15_step250,439.796;80.157;170.318
bcd_path,teacher,start15_step251,439.795;80.157;170.317
bcd_path,teacher,start15_step252,439.795;80.157;170.316
bcd_path,teacher,start15_step253,439.795;80.157;170.315
bcd_path,teacher,start15_step254,439.795;80.157;170.314
bcd_path,teacher,start15_step255,439.795;80.157;170.313
bcd_path,teacher,start15_step256,439.795;80.157;170.312
bcd_path,teacher,start15_step257,439.795;80.157;170.311
bcd_path,teacher,start15_step258,439.795;80.157;170.310
bcd_path,teacher,start15_step259,439.795;80.157;170.309
bcd_path,teacher,start15_step260,439.795;80.157;170.308
bcd_path,teacher,start15_step261,439.795;80.157;170.307
bcd_path,teacher,start15_step262,439.795;80.157;170.306
bcd_path,teacher,start15_step263,439.795;80.157;170.305
bcd_path,teacher,start15_step264,439.795;80.157;170.305
bcd_path,teacher,start15_step265,439.795;80.157;170.304
bcd_path,teacher,start15_step266,439.794;80.157;170.303
bcd_path,teacher,start15_step267,439.794;80.157;170.302
bcd_path,teacher,start15_step268,439.794;80.157;170.301
bcd_path,teacher,start15_step269,439.794;80.157;170.300
bcd_path,teacher,start15_step270,439.794;80.157;170.299
bcd_path,teacher,start15_step271,439.794;80.157;170.298
bcd_path,teacher,start15_step272,439.794;80.157;170.297
bcd_path,teacher,start15_step273,439.794;80.157;170.296
bcd_path,teacher,start15_step274,439.794;80.157;170.295
bcd_path,teacher,start15_step275,439.794;80.157;170.295
bcd_path,teacher,start15_step276,439.794;80.157;170.294
bcd_path,teacher,start15_step277,439.794;80.157;170.294
bcd_path,teacher,start15_step278,439.794;80.157;170.293
bcd_path,teacher,start15_step279,439.794;80.157;170.292
bcd_path,teacher,start15_step280,439.794;80.157;170.291
bcd_path,teacher,start15_step281,439.794;80.157;170.290
bcd_path,teacher,start15_step282,439.794;80.157;170.289
bcd_path,teacher,start15_step283,439.794;80.157;170.288
bcd_path,teacher,start15_step284,439.794;80.157;170.287
bcd_path,teacher,start15_step285,439.794;80.157;170.286
bcd_path,teacher,start15_step286,439.794;80.157;170.286
bcd_path,teacher,start15_step287,439.794;80.157;170.285
bcd_path,teacher,start15_step288,439.794;80.157;170.284
bcd_path,teacher,start15_step289,439.793;80.157;170.283
bcd_path,teacher,start15_step290,439.793;80.157;170.282
bcd_path,teacher,start15_step291,439.793;80.157;170.281
bcd_path,teacher,start15_step292,439.793;80.157;170.280
bcd_path,teacher,start15_step293,439.793;80.157;170.279
bcd_path,teacher,start15_step294,439.793;80.157;170.278
bcd_path,teacher,start15_step295,439.793;80.157;170.278
bcd_path,teacher,start15_step296,439.793;80.157;170.277
bcd_path,teacher,start15_step297,439.793;80.157;170.276
bcd_path,teacher,start15_step298,439.793;80.157;170.275
bcd_path,teacher,start15_step299,439.793;80.157;170.274
bcd_path,teacher,start16_step0,-35.913;27.916;22.297
bcd_path,teacher,start16_step1,-35.230;27.316;25.660
bcd_path,teacher,start16_step2,-34.138;26.249;29.459
bcd_path,teacher,start16_step3,-32.798;24.823;33.674
bcd_path,teacher,start16_step4,-31.343;23.154;38.325
bcd_path,teacher,start16_step5,-29.877;21.349;43.356
bcd_path,teacher,start16_step6,-28.467;19.499;48.709
bcd_path,teacher,start16_step7,-27.155;17.677;54.335
bcd_path,teacher,start16_step8,-25.961;15.936;60.195
bcd_path,teacher,start16_step9,-24.617;14.424;66.031
bcd_path,teacher,start16_step10,-22.361;13.467;71.575
bcd_path,teacher,start16_step11,-19.207;13.043;76.851
bcd_path,teacher,start16_step12,-15.303;13.073;81.911
bcd_path,teacher,start16_step13,-10.779;13.496;86.795
bcd_path,teacher,start16_step14,-5.743;14.255;91.543
bcd_path,teacher,start16_step15,-0.282;15.300;96.184
bcd_path,teacher,start16_step16,5.535;16.581;100.746
bcd_path,teacher,start16_step17,11.648;18.058;105.252
bcd_path,teacher,start16_step18,18.010;19.700;109.723
bcd_path,teacher,start16_step19,24.578;21.483;114.175
bcd_path,teacher,start16_step20,31.319;23.384;118.625
bcd_path,teacher,start16_step21,38.205;25.385;123.086
bcd_path,teacher,start16_step22,45.213;27.468;127.569
bcd_path,teacher,start16_step23,52.325;29.617;132.086
bcd_path,teacher,start16_step24,59.526;31.821;136.646
bcd_path,teacher,start16_step25,66.803;34.070;141.258
bcd_path,teacher,start16_step26,74.144;36.360;145.931
bcd_path,teacher,start16_step27,81.539;38.685;150.672
bcd_path,teacher,start16_step28,88.982;41.039;155.489
bcd_path,teacher,start16_step29,96.467;43.418;160.389
bcd_path,teacher,start16_step30,103.990;45.818;165.379
bcd_path,teacher,start16_step31,111.545;48.237;170.467
bcd_path,teacher,start16_step32,119.131;50.672;175.659
bcd_path,teacher,start16_step33,126.744;53.122;180.964
bcd_path,teacher,start16_step34,134.392;55.586;186.460
bcd_path,teacher,start16_step35,142.087;58.063;192.266
bcd_path,teacher,start16_step36,149.835;60.564;198.480
bcd_path,teacher,start16_step37,157.612;63.124;205.011
bcd_path,teacher,start16_step38,165.377;65.735;211.521
bcd_path,teacher,start16_step39,173.042;68.285;216.920
bcd_path,teacher,start16_step40,180.531;70.738;220.395
bcd_path,teacher,start16_step41,187.859;73.099;222.099
bcd_path,teacher,start16_step42,195.059;75.340;222.253
bcd_path,teacher,start16_step43,202.196;77.357;221.202
bcd_path,teacher,start16_step44,209.349;79.042;219.521
bcd_path,teacher,start16_step45,216.563;80.313;217.623
bcd_path,teacher,start16_step46,223.830;81.149;215.619
bcd_path,teacher,start16_step47,231.123;81.590;213.545
bcd_path,teacher,start16_step48,238.432;81.708;211.527
bcd_path,teacher,start16_step49,245.764;81.590;209.761
bcd_path,teacher,start16_step50,253.126;81.344;208.335
bcd_path,teacher,start16_step51,260.520;81.068;207.246
bcd_path,teacher,start16_step52,267.945;80.832;206.450
bcd_path,teacher,start16_step53,275.397;80.673;205.892
bcd_path,teacher,start16_step54,282.921;80.595;205.979
bcd_path,teacher,start16_step55,290.458;80.573;206.160
bcd_path,teacher,start16_step56,297.919;80.563;205.625
bcd_path,teacher,start16_step57,305.340;80.535;204.731
bcd_path,teacher,start16_step58,312.763;80.485;203.880
bcd_path,teacher,start16_step59,320.205;80.432;203.229
bcd_path,teacher,start16_step60,327.526;80.383;201.174
bcd_path,teacher,start16_step61,334.714;80.348;197.640
bcd_path,teacher,start16_step62,341.882;80.312;193.987
bcd_path,teacher,start16_step63,349.207;80.249;191.454
bcd_path,teacher,start16_step64,356.620;80.185;190.324
bcd_path,teacher,start16_step65,363.424;80.156;189.612
bcd_path,teacher,start16_step66,369.475;80.165;189.062
bcd_path,teacher,start16_step67,374.960;80.201;188.579
bcd_path,teacher,start16_step68,380.042;80.239;188.127
bcd_path,teacher,start16_step69,384.766;80.257;187.694
bcd_path,teacher,start16_step70,389.129;80.258;187.278
bcd_path,teacher,start16_step71,393.140;80.250;186.879
bcd_path,teacher,start16_step72,396.827;80.243;186.498
bcd_path,teacher,start16_step73,400.223;80.238;186.133
bcd_path,teacher,start16_step74,403.354;80.234;185.782
bcd_path,teacher,start16_step75,406.240;80.228;185.445
bcd_path,teacher,start16_step76,408.898;80.221;185.123
bcd_path,teacher,start16_step77,411.347;80.215;184.813
bcd_path,teacher,start16_step78,413.603;80.210;184.516
bcd_path,teacher,start16_step79,415.681;80.206;184.232
bcd_path,teacher,start16_step80,417.595;80.201;183.959
bcd_path,teacher,start16_step81,419.359;80.194;183.697
bcd_path,teacher,start16_step82,420.984;80.187;183.445
bcd_path,teacher,start16_step83,422.481;80.180;183.204
bcd_path,teacher,start16_step84,423.860;80.172;182.973
bcd_path,teacher,start16_step85,425.131;80.166;182.751
bcd_path,teacher,start16_step86,426.302;80.160;182.538
bcd_path,teacher,start16_step87,427.380;80.155;182.334
bcd_path,teacher,start16_step88,428.373;80.150;182.138
bcd_path,teacher,start16_step89,429.289;80.146;181.950
bcd_path,teacher,start16_step90,430.132;80.143;181.769
bcd_path,teacher,start16_step91,430.908;80.140;181.596
bcd_path,teacher,start16_step92,431.624;80.138;181.430
bcd_path,teacher,start16_step93,432.283;80.135;181.271
bcd_path,teacher,start16_step94,432.891;80.134;181.118
bcd_path,teacher,start16_step95,433.450;80.132;180.971
bcd_path,teacher,start16_step96,433.965;80.130;180.831
bcd_path,teacher,start16_step97,434.440;80.129;180.696
bcd_path,teacher,start16_step98,434.878;80.128;180.566
bcd_path,teacher,start16_step99,435.281;80.127;180.442
bcd_path,teacher,start16_step100,435.652;80.125;180.323
bcd_path,teacher,start16_step101,435.994;80.124;180.208
bcd_path,teacher,start16_step102,436.309;80.122;180.099
bcd_path,teacher,start16_step103,436.599;80.121;179.812
bcd_path,teacher,start16_step104,436.867;80.119;179.308
bcd_path,teacher,start16_step105,437.113;80.118;178.744
bcd_path,teacher,start16_step106,437.340;80.118;178.164
bcd_path,teacher,start16_step107,437.549;80.117;177.579
bcd_path,teacher,start16_step108,437.742;80.117;176.992
bcd_path,teacher,start16_step109,437.919;80.117;176.406
bcd_path,teacher,start16_step110,438.082;80.118;175.819
bcd_path,teacher,start16_step111,438.233;80.118;175.232
bcd_path,teacher,start16_step112,438.372;80.118;174.645
bcd_path,teacher,start16_step113,438.499;80.118;174.058
bcd_path,teacher,start16_step114,438.617;80.118;173.472
bcd_path,teacher,start16_step115,438.725;80.118;172.885
bcd_path,teacher,start16_step116,438.825;80.117;172.298
bcd_path,teacher,start16_step117,438.917;80.116;171.711
bcd_path,teacher,start16_step118,439.002;80.115;171.124
bcd_path,teacher,start16_step119,439.101;80.115;170.597
bcd_path,teacher,start16_step120,439.287;80.127;170.642
bcd_path,teacher,start16_step121,439.314;80.128;170.538
bcd_path,teacher,start16_step122,439.321;80.129;170.544
bcd_path,teacher,start16_step123,439.340;80.130;170.543
bcd_path,teacher,start16_step124,439.359;80.131;170.534
bcd_path,teacher,start16_step125,439.389;80.133;170.529
bcd_path,teacher,start16_step126,439.425;80.135;170.524
bcd_path,teacher,start16_step127,439.464;80.137;170.516
bcd_path,teacher,start16_step128,439.503;80.139;170.508
bcd_path,teacher,start16_step129,439.539;80.141;170.499
bcd_path,teacher,start16_step130,439.570;80.143;170.490
bcd_path,teacher,start16_step131,439.594;80.144;170.482
bcd_path,teacher,start16_step132,439.609;80.145;170.476
bcd_path,teacher,start16_step133,439.613;80.146;170.473
bcd_path,teacher,start16_step134,439.613;80.145;170.471
bcd_path,teacher,start16_step135,439.612;80.145;170.469
bcd_path,teacher,start16_step136,439.612;80.145;170.466
bcd_path,teacher,start16_step137,439.611;80.145;170.463
bcd_path,teacher,start16_step138,439.606;80.145;170.460
bcd_path,teacher,start16_step139,439.604;80.145;170.457
bcd_path,teacher,start16_step140,439.603;80.145;170.455
bcd_path,teacher,start16_step141,439.601;80.145;170.452
bcd_path,teacher,start16_step142,439.600;80.144;170.449
bcd_path,teacher,start16_step143,439.599;80.145;170.447
bcd_path,teacher,start16_step144,439.599;80.145;170.445
bcd_path,teacher,start16_step145,439.599;80.145;170.443
bcd_path,teacher,start16_step146,439.599;80.145;170.442
bcd_path,teacher,start16_step147,439.600;80.145;170.441
bcd_path,teacher,start16_step148,439.601;80.145;170.440
bcd_path,teacher,start16_step149,439.602;80.145;170.439
bcd_path,teacher,start16_step150,439.602;80.145;170.437
bcd_path,teacher,start16_step151,439.602;80.145;170.436
bcd_path,teacher,start16_step152,439.603;80.145;170.434
bcd_path,teacher,start16_step153,439.603;80.145;170.433
bcd_path,teacher,start16_step154,439.603;80.145;170.432
bcd_path,teacher,start16_step155,439.603;80.145;170.431
bcd_path,teacher,start16_step156,439.603;80.145;170.430
bcd_path,teacher,start16_step157,439.604;80.145;170.428
bcd_path,teacher,start16_step158,439.604;80.144;170.427
bcd_path,teacher,start16_step159,439.604;80.144;170.426
bcd_path,teacher,start16_step160,439.604;80.144;170.424
bcd_path,teacher,start16_step161,439.604;80.144;170.423
bcd_path,teacher,start16_step162,439.604;80.144;170.422
bcd_path,teacher,start16_step163,439.604;80.144;170.420
bcd_path,teacher,start16_step164,439.604;80.144;170.419
bcd_path,teacher,start16_step165,439.604;80.144;170.418
bcd_path,teacher,start16_step166,439.603;80.144;170.416
bcd_path,teacher,start16_step167,439.603;80.144;170.415
bcd_path,teacher,start16_step168,439.603;80.145;170.414
bcd_path,teacher,start16_step169,439.603;80.145;170.412
bcd_path,teacher,start16_step170,439.603;80.144;170.411
bcd_path,teacher,start16_step171,439.602;80.145;170.410
bcd_path,teacher,start16_step172,439.601;80.144;170.408
bcd_path,teacher,start16_step173,439.601;80.144;170.407
bcd_path,teacher,start16_step174,439.600;80.144;170.406
bcd_path,teacher,start16_step175,439.599;80.144;170.405
bcd_path,teacher,start16_step176,439.599;80.144;170.403
bcd_path,teacher,start16_step177,439.599;80.144;170.402
bcd_path,teacher,start16_step178,439.600;80.144;170.401
bcd_path,teacher,start16_step179,439.600;80.144;170.400
bcd_path,teacher,start16_step180,439.600;80.144;170.398
bcd_path,teacher,start16_step181,439.600;80.144;170.397
bcd_path,teacher,start16_step182,439.600;80.144;170.396
bcd_path,teacher,start16_step183,439.600;80.144;170.395
bcd_path,teacher,start16_step184,439.600;80.144;170.393
bcd_path,teacher,start16_step185,439.599;80.144;170.392
bcd_path,teacher,start16_step186,439.599;80.144;170.391
bcd_path,teacher,start16_step187,439.599;80.144;170.389
bcd_path,teacher,start16_step188,439.599;80.144;170.388
bcd_path,teacher,start16_step189,439.599;80.144;170.387
bcd_path,teacher,start16_step190,439.599;80.144;170.386
bcd_path,teacher,start16_step191,439.600;80.144;170.384
bcd_path,teacher,start16_step192,439.600;80.144;170.383
bcd_path,teacher,start16_step193,439.600;80.144;170.382
bcd_path,teacher,start16_step194,439.600;80.144;170.381
bcd_path,teacher,start16_step195,439.600;80.144;170.379
bcd_path,teacher,start16_step196,439.600;80.144;170.378
bcd_path,teacher,start16_step197,439.600;80.144;170.377
bcd_path,teacher,start16_step198,439.600;80.144;170.375
bcd_path,teacher,start16_step199,439.600;80.144;170.374
bcd_path,teacher,start16_step200,439.599;80.144;170.373
bcd_path,teacher,start16_step201,439.599;80.145;170.373
bcd_path,teacher,start16_step202,439.600;80.144;170.372
bcd_path,teacher,start16_step203,439.600;80.144;170.371
bcd_path,teacher,start16_step204,439.600;80.144;170.370
bcd_path,teacher,start16_step205,439.600;80.144;170.369
bcd_path,teacher,start16_step206,439.600;80.144;170.368
bcd_path,teacher,start16_step207,439.600;80.144;170.367
bcd_path,teacher,start16_step208,439.600;80.144;170.366
bcd_path,teacher,start16_step209,439.600;80.144;170.365
bcd_path,teacher,start16_step210,439.600;80.144;170.364
bcd_path,teacher,start16_step211,439.600;80.144;170.363
bcd_path,teacher,start16_step212,439.600;80.144;170.362
bcd_path,teacher,start16_step213,439.599;80.144;170.361
bcd_path,teacher,start16_step214,439.599;80.144;170.360
bcd_path,teacher,start16_step215,439.599;80.144;170.359
bcd_path,teacher,start16_step216,439.599;80.144;170.358
bcd_path,teacher,start16_step217,439.599;80.144;170.357
bcd_path,teacher,start16_step218,439.599;80.144;170.356
bcd_path,teacher,start16_step219,439.599;80.144;170.355
bcd_path,teacher,start16_step220,439.599;80.144;170.354
bcd_path,teacher,start16_step221,439.599;80.144;170.353
bcd_path,teacher,start16_step222,439.598;80.144;170.352
bcd_path,teacher,start16_step223,439.598;80.144;170.352
bcd_path,teacher,start16_step224,439.596;80.144;170.351
bcd_path,teacher,start16_step225,439.595;80.144;170.351
bcd_path,teacher,start16_step226,439.595;80.144;170.350
bcd_path,teacher,start16_step227,439.594;80.144;170.349
bcd_path,teacher,start16_step228,439.594;80.144;170.348
bcd_path,teacher,start16_step229,439.594;80.144;170.347
bcd_path,teacher,start16_step230,439.594;80.144;170.346
bcd_path,teacher,start16_step231,439.594;80.144;170.345
bcd_path,teacher,start16_step232,439.594;80.144;170.344
bcd_path,teacher,start16_step233,439.594;80.144;170.343
bcd_path,teacher,start16_step234,439.594;80.144;170.342
bcd_path,teacher,start16_step235,439.594;80.144;170.341
bcd_path,teacher,start16_step236,439.594;80.144;170.341
bcd_path,teacher,start16_step237,439.594;80.144;170.340
bcd_path,teacher,start16_step238,439.594;80.144;170.339
bcd_path,teacher,start16_step239,439.594;80.144;170.338
bcd_path,teacher,start16_step240,439.594;80.144;170.337
bcd_path,teacher,start16_step241,439.593;80.144;170.336
bcd_path,teacher,start16_step242,439.593;80.144;170.335
bcd_path,teacher,start16_step243,439.593;80.144;170.334
bcd_path,teacher,start16_step244,439.593;80.144;170.333
bcd_path,teacher,start16_step245,439.593;80.144;170.332
bcd_path,teacher,start16_step246,439.593;80.144;170.331
bcd_path,teacher,start16_step247,439.593;80.144;170.330
bcd_path,teacher,start16_step248,439.593;80.144;170.329
bcd_path,teacher,start16_step249,439.593;80.144;170.328
bcd_path,teacher,start16_step250,439.593;80.144;170.327
bcd_path,teacher,start16_step251,439.593;80.144;170.326
bcd_path,teacher,start16_step252,439.593;80.144;170.325
bcd_path,teacher,start16_step253,439.593;80.144;170.324
bcd_path,teacher,start16_step254,439.593;80.144;170.324
bcd_path,teacher,start16_step255,439.593;80.144;170.323
bcd_path,teacher,start16_step256,439.593;80.144;170.322
bcd_path,teacher,start16_step257,439.593;80.144;170.321
bcd_path,teacher,start16_step258,439.592;80.144;170.320
bcd_path,teacher,start16_step259,439.592;80.144;170.319
bcd_path,teacher,start16_step260,439.592;80.144;170.318
bcd_path,teacher,start16_step261,439.592;80.143;170.317
bcd_path,teacher,start16_step262,439.592;80.143;170.316
bcd_path,teacher,start16_step263,439.592;80.143;170.315
bcd_path,teacher,start16_step264,439.592;80.143;170.314
bcd_path,teacher,start16_step265,439.592;80.143;170.313
bcd_path,teacher,start16_step266,439.592;80.143;170.312
bcd_path,teacher,start16_step267,439.592;80.143;170.311
bcd_path,teacher,start16_step268,439.592;80.143;170.310
bcd_path,teacher,start16_step269,439.592;80.143;170.309
bcd_path,teacher,start16_step270,439.592;80.143;170.308
bcd_path,teacher,start16_step271,439.592;80.143;170.307
bcd_path,teacher,start16_step272,439.592;80.143;170.306
bcd_path,teacher,start16_step273,439.592;80.143;170.305
bcd_path,teacher,start16_step274,439.591;80.143;170.304
bcd_path,teacher,start16_step275,439.591;80.143;170.303
bcd_path,teacher,start16_step276,439.591;80.143;170.302
bcd_path,teacher,start16_step277,439.591;80.143;170.301
bcd_path,teacher,start16_step278,439.591;80.143;170.300
bcd_path,teacher,start16_step279,439.591;80.143;170.299
bcd_path,teacher,start16_step280,439.591;80.143;170.299
bcd_path,teacher,start16_step281,439.591;80.143;170.298
bcd_path,teacher,start16_step282,439.591;80.143;170.297
bcd_path,teacher,start16_step283,439.591;80.143;170.296
bcd_path,teacher,start16_step284,439.591;80.143;170.295
bcd_path,teacher,start16_step285,439.591;80.143;170.294
bcd_path,teacher,start16_step286,439.591;80.143;170.293
bcd_path,teacher,start16_step287,439.591;80.143;170.293
bcd_path,teacher,start16_step288,439.591;80.143;170.292
bcd_path,teacher,start16_step289,439.590;80.143;170.291
bcd_path,teacher,start16_step290,439.590;80.143;170.291
bcd_path,teacher,start16_step291,439.590;80.143;170.290
bcd_path,teacher,start16_step292,439.590;80.143;170.289
bcd_path,teacher,start16_step293,439.590;80.143;170.288
bcd_path,teacher,start16_step294,439.590;80.143;170.287
bcd_path,teacher,start16_step295,439.590;80.143;170.286
bcd_path,teacher,start16_step296,439.590;80.143;170.285
bcd_path,teacher,start16_step297,439.590;80.143;170.284
bcd_path,teacher,start16_step298,439.590;80.143;170.283
bcd_path,teacher,start16_step299,439.590;80.143;170.282
bcd_path,bypass,start13_step0,-8.236;-23.264;21.754
bcd_path,bypass,start13_step1,-8.057;-23.244;24.343
bcd_path,bypass,start13_step2,-7.740;-23.248;27.905
bcd_path,bypass,start13_step3,-7.283;-23.273;32.229
bcd_path,bypass,start13_step4,-6.680;-23.307;37.165
bcd_path,bypass,start13_step5,-5.905;-23.355;42.542
bcd_path,bypass,start13_step6,-4.895;-23.390;48.141
bcd_path,bypass,start13_step7,-3.552;-23.346;53.794
bcd_path,bypass,start13_step8,-1.790;-23.163;59.428
bcd_path,bypass,start13_step9,0.432;-22.829;65.004
bcd_path,bypass,start13_step10,3.100;-22.377;70.479
bcd_path,bypass,start13_step11,6.168;-21.829;75.848
bcd_path,bypass,start13_step12,9.605;-21.169;81.137
bcd_path,bypass,start13_step13,13.434;-20.387;86.352
bcd_path,bypass,start13_step14,17.705;-19.486;91.499
bcd_path,bypass,start13_step15,22.449;-18.490;96.586
bcd_path,bypass,start13_step16,27.674;-17.437;101.591
bcd_path,bypass,start13_step17,33.337;-16.321;106.519
bcd_path,bypass,start13_step18,39.373;-15.088;111.441
bcd_path,bypass,start13_step19,45.712;-13.680;116.409
bcd_path,bypass,start13_step20,52.283;-12.065;121.422
bcd_path,bypass,start13_step21,59.015;-10.238;126.505
bcd_path,bypass,start13_step22,65.866;-8.239;131.693
bcd_path,bypass,start13_step23,72.817;-6.132;136.991
bcd_path,bypass,start13_step24,79.858;-3.971;142.371
bcd_path,bypass,start13_step25,86.971;-1.795;147.804
bcd_path,bypass,start13_step26,94.146;0.397;153.315
bcd_path,bypass,start13_step27,101.393;2.597;158.954
bcd_path,bypass,start13_step28,108.725;4.767;164.747
bcd_path,bypass,start13_step29,116.152;6.876;170.722
bcd_path,bypass,start13_step30,123.664;8.952;176.908
bcd_path,bypass,start13_step31,131.247;11.050;183.310
bcd_path,bypass,start13_step32,138.889;13.193;189.916
bcd_path,bypass,start13_step33,146.576;15.385;196.648
bcd_path,bypass,start13_step34,154.296;17.624;203.341
bcd_path,bypass,start13_step35,162.036;19.882;209.698
bcd_path,bypass,start13_step36,169.760;22.087;215.202
bcd_path,bypass,start13_step37,177.402;24.216;219.247
bcd_path,bypass,start13_step38,184.930;26.298;221.532
bcd_path,bypass,start13_step39,192.357;28.345;222.170
bcd_path,bypass,start13_step40,199.704;30.362;221.491
bcd_path,bypass,start13_step41,207.004;32.349;219.922
bcd_path,bypass,start13_step42,214.300;34.290;217.859
bcd_path,bypass,start13_step43,221.611;36.154;215.586
bcd_path,bypass,start13_step44,228.953;37.926;213.296
bcd_path,bypass,start13_step45,236.327;39.610;211.176
bcd_path,bypass,start13_step46,243.721;41.220;209.367
bcd_path,bypass,start13_step47,251.107;42.767;207.886
bcd_path,bypass,start13_step48,258.465;44.258;206.666
bcd_path,bypass,start13_step49,265.790;45.679;205.641
bcd_path,bypass,start13_step50,273.087;47.022;204.786
bcd_path,bypass,start13_step51,280.367;48.297;204.102
bcd_path,bypass,start13_step52,287.625;49.547;203.570
bcd_path,bypass,start13_step53,294.832;50.844;203.149
bcd_path,bypass,start13_step54,301.957;52.258;202.825
bcd_path,bypass,start13_step55,308.988;53.808;202.617
bcd_path,bypass,start13_step56,315.931;55.481;202.522
bcd_path,bypass,start13_step57,322.785;57.258;202.428
bcd_path,bypass,start13_step58,329.534;59.099;202.203
bcd_path,bypass,start13_step59,336.161;60.981;201.766
bcd_path,bypass,start13_step60,342.624;62.917;201.082
bcd_path,bypass,start13_step61,348.857;64.927;200.186
bcd_path,bypass,start13_step62,354.810;66.991;199.134
bcd_path,bypass,start13_step63,360.449;69.054;197.951
bcd_path,bypass,start13_step64,365.741;71.068;196.665
bcd_path,bypass,start13_step65,370.657;73.024;195.301
bcd_path,bypass,start13_step66,375.193;74.933;193.873
bcd_path,bypass,start13_step67,379.359;76.805;192.423
bcd_path,bypass,start13_step68,383.173;78.637;191.031
bcd_path,bypass,start13_step69,386.650;80.418;189.761
bcd_path,bypass,start13_step70,389.795;82.134;188.644
bcd_path,bypass,start13_step71,392.613;83.768;187.681
bcd_path,bypass,start13_step72,395.117;85.306;186.856
bcd_path,bypass,start13_step73,397.340;86.739;186.135
bcd_path,bypass,start13_step74,399.329;88.066;185.501
bcd_path,bypass,start13_step75,401.120;89.292;184.966
bcd_path,bypass,start13_step76,402.739;90.430;184.551
bcd_path,bypass,start13_step77,404.205;91.495;184.259
bcd_path,bypass,start13_step78,405.538;92.489;184.085
bcd_path,bypass,start13_step79,406.755;93.399;184.019
bcd_path,bypass,start13_step80,407.878;94.205;184.050
bcd_path,bypass,start13_step81,408.927;94.901;184.166
bcd_path,bypass,start13_step82,409.930;95.489;184.354
bcd_path,bypass,start13_step83,410.917;95.981;184.595
bcd_path,bypass,start13_step84,411.923;96.388;184.860
bcd_path,bypass,start13_step85,412.984;96.717;185.116
bcd_path,bypass,start13_step86,414.132;96.970;185.334
bcd_path,bypass,start13_step87,415.385;97.152;185.507
bcd_path,bypass,start13_step88,416.746;97.265;185.644
bcd_path,bypass,start13_step89,418.210;97.308;185.758
bcd_path,bypass,start13_step90,419.769;97.289;185.860
bcd_path,bypass,start13_step91,421.405;97.214;185.960
bcd_path,bypass,start13_step92,423.100;97.091;186.069
bcd_path,bypass,start13_step93,424.839;96.925;186.192
bcd_path,bypass,start13_step94,426.609;96.722;186.325
bcd_path,bypass,start13_step95,428.397;96.495;186.449
bcd_path,bypass,start13_step96,430.199;96.263;186.541
bcd_path,bypass,start13_step97,432.011;96.052;186.595
bcd_path,bypass,start13_step98,433.830;95.887;186.633
bcd_path,bypass,start13_step99,435.656;95.784;186.694
bcd_path,bypass,start13_step100,437.485;95.747;186.812
bcd_path,bypass,start13_step101,439.313;95.775;187.000
bcd_path,bypass,start13_step102,441.127;95.861;187.261
bcd_path,bypass,start13_step103,442.917;95.999;187.593
bcd_path,bypass,start13_step104,444.681;96.176;187.999
bcd_path,bypass,start13_step105,446.414;96.377;188.486
bcd_path,bypass,start13_step106,448.112;96.587;189.068
bcd_path,bypass,start13_step107,449.756;96.804;189.761
bcd_path,bypass,start13_step108,451.325;97.045;190.569
bcd_path,bypass,start13_step109,452.803;97.335;191.489
bcd_path,bypass,start13_step110,454.180;97.694;192.516
bcd_path,bypass,start13_step111,455.454;98.124;193.642
bcd_path,bypass,start13_step112,456.627;98.617;194.847
bcd_path,bypass,start13_step113,457.702;99.165;196.110
bcd_path,bypass,start13_step114,458.683;99.765;197.416
bcd_path,bypass,start13_step115,459.574;100.414;198.759
bcd_path,bypass,start13_step116,460.384;101.109;200.136
bcd_path,bypass,start13_step117,461.122;101.842;201.541
bcd_path,bypass,start13_step118,461.796;102.605;202.970
bcd_path,bypass,start13_step119,462.413;103.391;204.408
bcd_path,bypass,start13_step120,462.979;104.187;205.839
bcd_path,bypass,start13_step121,463.503;104.977;207.242
bcd_path,bypass,start13_step122,463.995;105.747;208.591
bcd_path,bypass,start13_step123,464.461;106.488;209.867
bcd_path,bypass,start13_step124,464.905;107.198;211.064
bcd_path,bypass,start13_step125,465.331;107.874;212.183
bcd_path,bypass,start13_step126,465.750;108.513;213.229
bcd_path,bypass,start13_step127,466.177;109.114;214.209
bcd_path,bypass,start13_step128,466.627;109.676;215.134
bcd_path,bypass,start13_step129,467.116;110.198;216.025
bcd_path,bypass,start13_step130,467.656;110.681;216.902
bcd_path,bypass,start13_step131,468.257;111.129;217.783
bcd_path,bypass,start13_step132,468.931;111.545;218.678
bcd_path,bypass,start13_step133,469.684;111.934;219.595
bcd_path,bypass,start13_step134,470.521;112.297;220.532
bcd_path,bypass,start13_step135,471.438;112.635;221.488
bcd_path,bypass,start13_step136,472.430;112.950;222.458
bcd_path,bypass,start13_step137,473.486;113.245;223.438
bcd_path,bypass,start13_step138,474.593;113.523;224.430
bcd_path,bypass,start13_step139,475.735;113.789;225.436
bcd_path,bypass,start13_step140,476.896;114.050;226.460
bcd_path,bypass,start13_step141,478.061;114.315;227.503
bcd_path,bypass,start13_step142,479.216;114.598;228.564
bcd_path,bypass,start13_step143,480.346;114.915;229.642
bcd_path,bypass,start13_step144,481.440;115.276;230.735
bcd_path,bypass,start13_step145,482.486;115.687;231.843
bcd_path,bypass,start13_step146,483.476;116.146;232.965
bcd_path,bypass,start13_step147,484.404;116.643;234.099
bcd_path,bypass,start13_step148,485.272;117.167;235.242
bcd_path,bypass,start13_step149,486.084;117.704;236.386
bcd_path,bypass,start13_step150,486.845;118.250;237.522
bcd_path,bypass,start13_step151,487.563;118.803;238.640
bcd_path,bypass,start13_step152,488.245;119.359;239.730
bcd_path,bypass,start13_step153,488.900;119.912;240.786
bcd_path,bypass,start13_step154,489.535;120.454;241.805
bcd_path,bypass,start13_step155,490.159;120.974;242.787
bcd_path,bypass,start13_step156,490.777;121.463;243.733
bcd_path,bypass,start13_step157,491.395;121.910;244.646
bcd_path,bypass,start13_step158,492.017;122.307;245.530
bcd_path,bypass,start13_step159,492.644;122.650;246.390
bcd_path,bypass,start13_step160,493.278;122.937;247.235
bcd_path,bypass,start13_step161,493.917;123.172;248.073
bcd_path,bypass,start13_step162,494.563;123.361;248.916
bcd_path,bypass,start13_step163,495.215;123.514;249.774
bcd_path,bypass,start13_step164,495.873;123.639;250.656
bcd_path,bypass,start13_step165,496.536;123.743;251.568
bcd_path,bypass,start13_step166,497.206;123.834;252.511
bcd_path,bypass,start13_step167,497.880;123.915;253.488
bcd_path,bypass,start13_step168,498.558;123.990;254.498
bcd_path,bypass,start13_step169,499.238;124.060;255.543
bcd_path,bypass,start13_step170,499.915;124.128;256.626
bcd_path,bypass,start13_step171,500.586;124.196;257.748
bcd_path,bypass,start13_step172,501.244;124.268;258.910
bcd_path,bypass,start13_step173,501.885;124.347;260.112
bcd_path,bypass,start13_step174,502.500;124.432;261.351
bcd_path,bypass,start13_step175,503.083;124.523;262.627
bcd_path,bypass,start13_step176,503.627;124.616;263.936
bcd_path,bypass,start13_step177,504.122;124.703;265.277
bcd_path,bypass,start13_step178,504.562;124.773;266.645
bcd_path,bypass,start13_step179,504.942;124.817;268.033
bcd_path,bypass,start13_step180,505.261;124.826;269.437
bcd_path,bypass,start13_step181,505.519;124.796;270.850
bcd_path,bypass,start13_step182,505.719;124.726;272.267
bcd_path,bypass,start13_step183,505.867;124.622;273.684
bcd_path,bypass,start13_step184,505.967;124.488;275.098
bcd_path,bypass,start13_step185,506.027;124.331;276.509
bcd_path,bypass,start13_step186,506.051;124.156;277.916
bcd_path,bypass,start13_step187,506.042;123.965;279.321
bcd_path,bypass,start13_step188,506.005;123.761;280.729
bcd_path,bypass,start13_step189,505.939;123.543;282.142
bcd_path,bypass,start13_step190,505.846;123.313;283.564
bcd_path,bypass,start13_step191,505.726;123.069;284.997
bcd_path,bypass,start13_step192,505.579;122.811;286.440
bcd_path,bypass,start13_step193,505.404;122.539;287.894
bcd_path,bypass,start13_step194,505.202;122.253;289.358
bcd_path,bypass,start13_step195,504.975;121.952;290.831
bcd_path,bypass,start13_step196,504.722;121.635;292.313
bcd_path,bypass,start13_step197,504.447;121.300;293.808
bcd_path,bypass,start13_step198,504.150;120.946;295.315
bcd_path,bypass,start13_step199,503.834;120.572;296.835
bcd_path,bypass,start13_step200,503.499;120.174;298.368
bcd_path,bypass,start13_step201,503.150;119.750;299.913
bcd_path,bypass,start13_step202,502.787;119.300;301.471
bcd_path,bypass,start13_step203,502.412;118.821;303.041
bcd_path,bypass,start13_step204,502.026;118.313;304.626
bcd_path,bypass,start13_step205,501.628;117.778;306.226
bcd_path,bypass,start13_step206,501.219;117.215;307.842
bcd_path,bypass,start13_step207,500.798;116.627;309.473
bcd_path,bypass,start13_step208,500.363;116.016;311.119
bcd_path,bypass,start13_step209,499.915;115.383;312.779
bcd_path,bypass,start13_step210,499.453;114.729;314.449
bcd_path,bypass,start13_step211,498.977;114.054;316.128
bcd_path,bypass,start13_step212,498.486;113.359;317.812
bcd_path,bypass,start13_step213,497.981;112.643;319.496
bcd_path,bypass,start13_step214,497.461;111.908;321.178
bcd_path,bypass,start13_step215,496.926;111.155;322.855
bcd_path,bypass,start13_step216,496.375;110.385;324.526
bcd_path,bypass,start13_step217,495.811;109.601;326.189
bcd_path,bypass,start13_step218,495.233;108.804;327.842
bcd_path,bypass,start13_step219,494.643;107.994;329.485
bcd_path,bypass,start13_step220,494.042;107.172;331.118
bcd_path,bypass,start13_step221,493.430;106.338;332.743
bcd_path,bypass,start13_step222,492.809;105.490;334.359
bcd_path,bypass,start13_step223,492.179;104.630;335.968
bcd_path,bypass,start13_step224,491.540;103.760;337.570
bcd_path,bypass,start13_step225,490.892;102.883;339.165
bcd_path,bypass,start13_step226,490.236;102.003;340.753
bcd_path,bypass,start13_step227,489.571;101.122;342.336
bcd_path,bypass,start13_step228,488.896;100.243;343.913
bcd_path,bypass,start13_step229,488.213;99.365;345.481
bcd_path,bypass,start13_step230,487.522;98.489;347.038
bcd_path,bypass,start13_step231,486.826;97.613;348.577
bcd_path,bypass,start13_step232,486.129;96.734;350.097
bcd_path,bypass,start13_step233,485.434;95.851;351.593
bcd_path,bypass,start13_step234,484.743;94.963;353.063
bcd_path,bypass,start13_step235,484.056;94.070;354.506
bcd_path,bypass,start13_step236,483.373;93.174;355.924
bcd_path,bypass,start13_step237,482.691;92.276;357.316
bcd_path,bypass,start13_step238,482.009;91.377;358.683
bcd_path,bypass,start13_step239,481.323;90.479;360.025
bcd_path,bypass,start13_step240,480.633;89.585;361.344
bcd_path,bypass,start13_step241,479.936;88.696;362.643
bcd_path,bypass,start13_step242,479.233;87.813;363.924
bcd_path,bypass,start13_step243,478.521;86.934;365.194
bcd_path,bypass,start13_step244,477.799;86.058;366.456
bcd_path,bypass,start13_step245,477.070;85.184;367.714
bcd_path,bypass,start13_step246,476.332;84.307;368.973
bcd_path,bypass,start13_step247,475.586;83.428;370.235
bcd_path,bypass,start13_step248,474.832;82.546;371.503
bcd_path,bypass,start13_step249,474.070;81.660;372.778
bcd_path,bypass,start13_step250,473.301;80.770;374.060
bcd_path,bypass,start13_step251,472.526;79.876;375.347
bcd_path,bypass,start13_step252,471.746;78.979;376.639
bcd_path,bypass,start13_step253,470.964;78.080;377.933
bcd_path,bypass,start13_step254,470.180;77.177;379.226
bcd_path,bypass,start13_step255,469.394;76.270;380.515
bcd_path,bypass,start13_step256,468.607;75.359;381.799
bcd_path,bypass,start13_step257,467.817;74.445;383.078
bcd_path,bypass,start13_step258,467.022;73.529;384.354
bcd_path,bypass,start13_step259,466.219;72.612;385.631
bcd_path,bypass,start13_step260,465.406;71.694;386.911
bcd_path,bypass,start13_step261,464.582;70.775;388.198
bcd_path,bypass,start13_step262,463.745;69.855;389.494
bcd_path,bypass,start13_step263,462.896;68.935;390.800
bcd_path,bypass,start13_step264,462.035;68.015;392.116
bcd_path,bypass,start13_step265,461.164;67.096;393.440
bcd_path,bypass,start13_step266,460.284;66.180;394.769
bcd_path,bypass,start13_step267,459.396;65.267;396.100
bcd_path,bypass,start13_step268,458.501;64.359;397.430
bcd_path,bypass,start13_step269,457.602;63.456;398.757
bcd_path,bypass,start13_step270,456.701;62.561;400.076
bcd_path,bypass,start13_step271,455.799;61.673;401.388
bcd_path,bypass,start13_step272,454.899;60.794;402.691
bcd_path,bypass,start13_step273,454.001;59.921;403.985
bcd_path,bypass,start13_step274,453.106;59.052;405.270
bcd_path,bypass,start13_step275,452.213;58.186;406.550
bcd_path,bypass,start13_step276,451.322;57.320;407.827
bcd_path,bypass,start13_step277,450.433;56.452;409.104
bcd_path,bypass,start13_step278,449.545;55.582;410.384
bcd_path,bypass,start13_step279,448.656;54.709;411.670
bcd_path,bypass,start13_step280,447.766;53.834;412.964
bcd_path,bypass,start13_step281,446.874;52.957;414.265
bcd_path,bypass,start13_step282,445.978;52.078;415.575
bcd_path,bypass,start13_step283,445.078;51.194;416.893
bcd_path,bypass,start13_step284,444.175;50.305;418.221
bcd_path,bypass,start13_step285,443.269;49.407;419.557
bcd_path,bypass,start13_step286,442.362;48.500;420.904
bcd_path,bypass,start13_step287,441.455;47.582;422.263
bcd_path,bypass,start13_step288,440.547;46.653;423.636
bcd_path,bypass,start13_step289,439.640;45.715;425.024
bcd_path,bypass,start13_step290,438.733;44.767;426.429
bcd_path,bypass,start13_step291,437.825;43.808;427.851
bcd_path,bypass,start13_step292,436.916;42.839;429.292
bcd_path,bypass,start13_step293,436.005;41.861;430.751
bcd_path,bypass,start13_step294,435.091;40.874;432.228
bcd_path,bypass,start13_step295,434.173;39.880;433.725
bcd_path,bypass,start13_step296,433.248;38.879;435.238
bcd_path,bypass,start13_step297,432.317;37.872;436.767
bcd_path,bypass,start13_step298,431.380;36.859;438.310
bcd_path,bypass,start13_step299,430.434;35.839;439.866
bcd_path,bypass,start14_step0,-29.876;-35.929;21.865
bcd_path,bypass,start14_step1,-29.762;-35.731;24.747
bcd_path,bypass,start14_step2,-29.614;-35.341;28.722
bcd_path,bypass,start14_step3,-29.442;-34.732;33.520
bcd_path,bypass,start14_step4,-29.263;-33.865;38.928
bcd_path,bypass,start14_step5,-29.081;-32.735;44.784
bcd_path,bypass,start14_step6,-28.839;-31.408;50.978
bcd_path,bypass,start14_step7,-28.444;-29.946;57.463
bcd_path,bypass,start14_step8,-27.793;-28.358;64.187
bcd_path,bypass,start14_step9,-26.774;-26.609;71.008
bcd_path,bypass,start14_step10,-25.273;-24.653;77.753
bcd_path,bypass,start14_step11,-23.202;-22.462;84.296
bcd_path,bypass,start14_step12,-20.525;-20.030;90.572
bcd_path,bypass,start14_step13,-17.240;-17.369;96.548
bcd_path,bypass,start14_step14,-13.364;-14.491;102.182
bcd_path,bypass,start14_step15,-8.911;-11.433;107.434
bcd_path,bypass,start14_step16,-3.896;-8.248;112.301
bcd_path,bypass,start14_step17,1.640;-4.940;116.803
bcd_path,bypass,start14_step18,7.628;-1.496;120.958
bcd_path,bypass,start14_step19,14.003;2.064;124.802
bcd_path,bypass,start14_step20,20.719;5.693;128.412
bcd_path,bypass,start14_step21,27.741;9.350;131.862
bcd_path,bypass,start14_step22,35.015;12.996;135.196
bcd_path,bypass,start14_step23,42.480;16.602;138.433
bcd_path,bypass,start14_step24,50.076;20.157;141.614
bcd_path,bypass,start14_step25,57.744;23.663;144.826
bcd_path,bypass,start14_step26,65.436;27.122;148.153
bcd_path,bypass,start14_step27,73.101;30.544;151.659
bcd_path,bypass,start14_step28,80.709;33.933;155.413
bcd_path,bypass,start14_step29,88.275;37.270;159.461
bcd_path,bypass,start14_step30,95.820;40.530;163.813
bcd_path,bypass,start14_step31,103.358;43.702;168.485
bcd_path,bypass,start14_step32,110.900;46.770;173.483
bcd_path,bypass,start14_step33,118.462;49.747;178.811
bcd_path,bypass,start14_step34,126.037;52.671;184.463
bcd_path,bypass,start14_step35,133.597;55.572;190.395
bcd_path,bypass,start14_step36,141.119;58.441;196.515
bcd_path,bypass,start14_step37,148.613;61.237;202.656
bcd_path,bypass,start14_step38,156.095;63.904;208.526
bcd_path,bypass,start14_step39,163.538;66.393;213.686
bcd_path,bypass,start14_step40,170.894;68.700;217.682
bcd_path,bypass,start14_step41,178.141;70.870;220.252
bcd_path,bypass,start14_step42,185.260;72.958;221.422
bcd_path,bypass,start14_step43,192.253;75.007;221.465
bcd_path,bypass,start14_step44,199.169;77.020;220.764
bcd_path,bypass,start14_step45,206.073;78.975;219.681
bcd_path,bypass,start14_step46,212.995;80.848;218.510
bcd_path,bypass,start14_step47,219.941;82.629;217.415
bcd_path,bypass,start14_step48,226.919;84.320;216.468
bcd_path,bypass,start14_step49,233.939;85.947;215.717
bcd_path,bypass,start14_step50,241.009;87.513;215.183
bcd_path,bypass,start14_step51,248.119;89.022;214.860
bcd_path,bypass,start14_step52,255.253;90.479;214.714
bcd_path,bypass,start14_step53,262.414;91.883;214.678
bcd_path,bypass,start14_step54,269.619;93.265;214.666
bcd_path,bypass,start14_step55,276.863;94.705;214.607
bcd_path,bypass,start14_step56,284.118;96.305;214.422
bcd_path,bypass,start14_step57,291.349;98.149;214.013
bcd_path,bypass,start14_step58,298.522;100.261;213.309
bcd_path,bypass,start14_step59,305.612;102.579;212.289
bcd_path,bypass,start14_step60,312.592;105.021;211.006
bcd_path,bypass,start14_step61,319.431;107.509;209.495
bcd_path,bypass,start14_step62,326.099;109.991;207.726
bcd_path,bypass,start14_step63,332.593;112.434;205.716
bcd_path,bypass,start14_step64,338.955;114.826;203.578
bcd_path,bypass,start14_step65,345.217;117.173;201.472
bcd_path,bypass,start14_step66,351.345;119.471;199.539
bcd_path,bypass,start14_step67,357.288;121.695;197.853
bcd_path,bypass,start14_step68,363.000;123.828;196.431
bcd_path,bypass,start14_step69,368.447;125.893;195.272
bcd_path,bypass,start14_step70,373.599;127.935;194.371
bcd_path,bypass,start14_step71,378.442;129.998;193.716
bcd_path,bypass,start14_step72,382.986;132.093;193.293
bcd_path,bypass,start14_step73,387.246;134.201;193.097
bcd_path,bypass,start14_step74,391.252;136.276;193.109
bcd_path,bypass,start14_step75,395.027;138.259;193.277
bcd_path,bypass,start14_step76,398.578;140.086;193.531
bcd_path,bypass,start14_step77,401.912;141.717;193.810
bcd_path,bypass,start14_step78,405.031;143.144;194.067
bcd_path,bypass,start14_step79,407.936;144.384;194.273
bcd_path,bypass,start14_step80,410.639;145.463;194.405
bcd_path,bypass,start14_step81,413.168;146.408;194.449
bcd_path,bypass,start14_step82,415.559;147.241;194.405
bcd_path,bypass,start14_step83,417.839;147.980;194.305
bcd_path,bypass,start14_step84,420.023;148.636;194.195
bcd_path,bypass,start14_step85,422.116;149.213;194.127
bcd_path,bypass,start14_step86,424.118;149.719;194.135
bcd_path,bypass,start14_step87,426.026;150.168;194.221
bcd_path,bypass,start14_step88,427.846;150.579;194.368
bcd_path,bypass,start14_step89,429.588;150.974;194.562
bcd_path,bypass,start14_step90,431.254;151.366;194.795
bcd_path,bypass,start14_step91,432.844;151.752;195.054
bcd_path,bypass,start14_step92,434.353;152.115;195.328
bcd_path,bypass,start14_step93,435.774;152.435;195.604
bcd_path,bypass,start14_step94,437.105;152.695;195.867
bcd_path,bypass,start14_step95,438.346;152.889;196.110
bcd_path,bypass,start14_step96,439.497;153.022;196.336
bcd_path,bypass,start14_step97,440.565;153.107;196.561
bcd_path,bypass,start14_step98,441.561;153.162;196.810
bcd_path,bypass,start14_step99,442.497;153.207;197.109
bcd_path,bypass,start14_step100,443.386;153.264;197.482
bcd_path,bypass,start14_step101,444.238;153.354;197.956
bcd_path,bypass,start14_step102,445.056;153.493;198.556
bcd_path,bypass,start14_step103,445.841;153.692;199.310
bcd_path,bypass,start14_step104,446.587;153.958;200.239
bcd_path,bypass,start14_step105,447.289;154.295;201.362
bcd_path,bypass,start14_step106,447.942;154.700;202.692
bcd_path,bypass,start14_step107,448.548;155.173;204.234
bcd_path,bypass,start14_step108,449.107;155.712;205.979
bcd_path,bypass,start14_step109,449.630;156.311;207.901
bcd_path,bypass,start14_step110,450.131;156.960;209.956
bcd_path,bypass,start14_step111,450.631;157.645;212.092
bcd_path,bypass,start14_step112,451.150;158.349;214.252
bcd_path,bypass,start14_step113,451.709;159.058;216.384
bcd_path,bypass,start14_step114,452.325;159.764;218.444
bcd_path,bypass,start14_step115,453.012;160.467;220.400
bcd_path,bypass,start14_step116,453.778;161.166;222.232
bcd_path,bypass,start14_step117,454.627;161.858;223.931
bcd_path,bypass,start14_step118,455.559;162.542;225.499
bcd_path,bypass,start14_step119,456.569;163.217;226.946
bcd_path,bypass,start14_step120,457.652;163.883;228.289
bcd_path,bypass,start14_step121,458.800;164.541;229.545
bcd_path,bypass,start14_step122,460.008;165.188;230.735
bcd_path,bypass,start14_step123,461.267;165.823;231.879
bcd_path,bypass,start14_step124,462.570;166.444;232.995
bcd_path,bypass,start14_step125,463.909;167.053;234.088
bcd_path,bypass,start14_step126,465.278;167.648;235.158
bcd_path,bypass,start14_step127,466.676;168.226;236.199
bcd_path,bypass,start14_step128,468.098;168.783;237.204
bcd_path,bypass,start14_step129,469.542;169.314;238.165
bcd_path,bypass,start14_step130,471.004;169.818;239.070
bcd_path,bypass,start14_step131,472.479;170.293;239.908
bcd_path,bypass,start14_step132,473.967;170.740;240.669
bcd_path,bypass,start14_step133,475.466;171.157;241.343
bcd_path,bypass,start14_step134,476.976;171.544;241.917
bcd_path,bypass,start14_step135,478.495;171.902;242.375
bcd_path,bypass,start14_step136,480.021;172.232;242.705
bcd_path,bypass,start14_step137,481.544;172.540;242.901
bcd_path,bypass,start14_step138,483.052;172.829;242.967
bcd_path,bypass,start14_step139,484.533;173.105;242.915
bcd_path,bypass,start14_step140,485.974;173.369;242.768
bcd_path,bypass,start14_step141,487.368;173.621;242.554
bcd_path,bypass,start14_step142,488.707;173.857;242.297
bcd_path,bypass,start14_step143,489.987;174.076;242.018
bcd_path,bypass,start14_step144,491.206;174.281;241.730
bcd_path,bypass,start14_step145,492.362;174.479;241.443
bcd_path,bypass,start14_step146,493.460;174.676;241.167
bcd_path,bypass,start14_step147,494.501;174.877;240.910
bcd_path,bypass,start14_step148,495.487;175.088;240.678
bcd_path,bypass,start14_step149,496.424;175.311;240.479
bcd_path,bypass,start14_step150,497.316;175.547;240.317
bcd_path,bypass,start14_step151,498.168;175.792;240.196
bcd_path,bypass,start14_step152,498.986;176.043;240.118
bcd_path,bypass,start14_step153,499.777;176.291;240.080
bcd_path,bypass,start14_step154,500.543;176.533;240.081
bcd_path,bypass,start14_step155,501.289;176.763;240.117
bcd_path,bypass,start14_step156,502.018;176.979;240.181
bcd_path,bypass,start14_step157,502.730;177.179;240.267
bcd_path,bypass,start14_step158,503.428;177.362;240.370
bcd_path,bypass,start14_step159,504.112;177.527;240.490
bcd_path,bypass,start14_step160,504.781;177.675;240.626
bcd_path,bypass,start14_step161,505.436;177.802;240.783
bcd_path,bypass,start14_step162,506.079;177.905;240.964
bcd_path,bypass,start14_step163,506.712;177.982;241.175
bcd_path,bypass,start14_step164,507.338;178.029;241.420
bcd_path,bypass,start14_step165,507.960;178.044;241.699
bcd_path,bypass,start14_step166,508.584;178.025;242.012
bcd_path,bypass,start14_step167,509.212;177.973;242.360
bcd_path,bypass,start14_step168,509.848;177.887;242.743
bcd_path,bypass,start14_step169,510.495;177.768;243.159
bcd_path,bypass,start14_step170,511.153;177.618;243.607
bcd_path,bypass,start14_step171,511.825;177.438;244.083
bcd_path,bypass,start14_step172,512.510;177.229;244.583
bcd_path,bypass,start14_step173,513.208;176.991;245.102
bcd_path,bypass,start14_step174,513.918;176.723;245.633
bcd_path,bypass,start14_step175,514.639;176.423;246.172
bcd_path,bypass,start14_step176,515.368;176.089;246.715
bcd_path,bypass,start14_step177,516.100;175.718;247.259
bcd_path,bypass,start14_step178,516.832;175.306;247.799
bcd_path,bypass,start14_step179,517.561;174.853;248.329
bcd_path,bypass,start14_step180,518.283;174.355;248.841
bcd_path,bypass,start14_step181,518.997;173.814;249.327
bcd_path,bypass,start14_step182,519.697;173.234;249.781
bcd_path,bypass,start14_step183,520.381;172.623;250.196
bcd_path,bypass,start14_step184,521.047;171.991;250.568
bcd_path,bypass,start14_step185,521.692;171.353;250.894
bcd_path,bypass,start14_step186,522.318;170.723;251.173
bcd_path,bypass,start14_step187,522.924;170.116;251.403
bcd_path,bypass,start14_step188,523.513;169.540;251.585
bcd_path,bypass,start14_step189,524.092;168.995;251.720
bcd_path,bypass,start14_step190,524.665;168.482;251.807
bcd_path,bypass,start14_step191,525.236;167.993;251.852
bcd_path,bypass,start14_step192,525.803;167.525;251.858
bcd_path,bypass,start14_step193,526.361;167.068;251.831
bcd_path,bypass,start14_step194,526.911;166.614;251.775
bcd_path,bypass,start14_step195,527.454;166.149;251.691
bcd_path,bypass,start14_step196,527.990;165.663;251.578
bcd_path,bypass,start14_step197,528.524;165.149;251.433
bcd_path,bypass,start14_step198,529.058;164.602;251.250
bcd_path,bypass,start14_step199,529.594;164.025;251.022
bcd_path,bypass,start14_step200,530.135;163.423;250.744
bcd_path,bypass,start14_step201,530.681;162.807;250.415
bcd_path,bypass,start14_step202,531.230;162.187;250.041
bcd_path,bypass,start14_step203,531.779;161.576;249.631
bcd_path,bypass,start14_step204,532.322;160.985;249.201
bcd_path,bypass,start14_step205,532.854;160.425;248.763
bcd_path,bypass,start14_step206,533.371;159.900;248.333
bcd_path,bypass,start14_step207,533.870;159.415;247.923
bcd_path,bypass,start14_step208,534.350;158.968;247.544
bcd_path,bypass,start14_step209,534.813;158.558;247.204
bcd_path,bypass,start14_step210,535.262;158.179;246.910
bcd_path,bypass,start14_step211,535.702;157.828;246.664
bcd_path,bypass,start14_step212,536.135;157.499;246.470
bcd_path,bypass,start14_step213,536.563;157.191;246.328
bcd_path,bypass,start14_step214,536.989;156.900;246.238
bcd_path,bypass,start14_step215,537.412;156.623;246.197
bcd_path,bypass,start14_step216,537.833;156.361;246.203
bcd_path,bypass,start14_step217,538.249;156.109;246.251
bcd_path,bypass,start14_step218,538.661;155.868;246.339
bcd_path,bypass,start14_step219,539.066;155.634;246.463
bcd_path,bypass,start14_step220,539.463;155.406;246.623
bcd_path,bypass,start14_step221,539.849;155.181;246.817
bcd_path,bypass,start14_step222,540.224;154.956;247.042
bcd_path,bypass,start14_step223,540.587;154.731;247.298
bcd_path,bypass,start14_step224,540.935;154.504;247.585
bcd_path,bypass,start14_step225,541.269;154.277;247.903
bcd_path,bypass,start14_step226,541.585;154.049;248.251
bcd_path,bypass,start14_step227,541.883;153.822;248.629
bcd_path,bypass,start14_step228,542.160;153.598;249.034
bcd_path,bypass,start14_step229,542.416;153.378;249.465
bcd_path,bypass,start14_step230,542.648;153.164;249.919
bcd_path,bypass,start14_step231,542.858;152.958;250.392
bcd_path,bypass,start14_step232,543.043;152.761;250.880
bcd_path,bypass,start14_step233,543.204;152.575;251.381
bcd_path,bypass,start14_step234,543.340;152.402;251.893
bcd_path,bypass,start14_step235,543.448;152.244;252.416
bcd_path,bypass,start14_step236,543.526;152.102;252.953
bcd_path,bypass,start14_step237,543.571;151.980;253.505
bcd_path,bypass,start14_step238,543.582;151.878;254.075
bcd_path,bypass,start14_step239,543.556;151.795;254.663
bcd_path,bypass,start14_step240,543.492;151.729;255.273
bcd_path,bypass,start14_step241,543.390;151.679;255.911
bcd_path,bypass,start14_step242,543.250;151.646;256.585
bcd_path,bypass,start14_step243,543.074;151.629;257.298
bcd_path,bypass,start14_step244,542.863;151.629;258.049
bcd_path,bypass,start14_step245,542.624;151.645;258.830
bcd_path,bypass,start14_step246,542.364;151.672;259.633
bcd_path,bypass,start14_step247,542.090;151.702;260.457
bcd_path,bypass,start14_step248,541.809;151.725;261.299
bcd_path,bypass,start14_step249,541.529;151.727;262.152
bcd_path,bypass,start14_step250,541.258;151.692;263.008
bcd_path,bypass,start14_step251,541.003;151.608;263.851
bcd_path,bypass,start14_step252,540.764;151.472;264.672
bcd_path,bypass,start14_step253,540.539;151.286;265.467
bcd_path,bypass,start14_step254,540.322;151.055;266.238
bcd_path,bypass,start14_step255,540.103;150.786;266.994
bcd_path,bypass,start14_step256,539.875;150.482;267.746
bcd_path,bypass,start14_step257,539.629;150.146;268.505
bcd_path,bypass,start14_step258,539.359;149.782;269.284
bcd_path,bypass,start14_step259,539.059;149.394;270.094
bcd_path,bypass,start14_step260,538.724;148.985;270.944
bcd_path,bypass,start14_step261,538.352;148.560;271.843
bcd_path,bypass,start14_step262,537.939;148.123;272.797
bcd_path,bypass,start14_step263,537.487;147.675;273.811
bcd_path,bypass,start14_step264,536.995;147.220;274.890
bcd_path,bypass,start14_step265,536.466;146.759;276.031
bcd_path,bypass,start14_step266,535.904;146.290;277.233
bcd_path,bypass,start14_step267,535.314;145.814;278.492
bcd_path,bypass,start14_step268,534.702;145.328;279.803
bcd_path,bypass,start14_step269,534.071;144.831;281.162
bcd_path,bypass,start14_step270,533.425;144.318;282.561
bcd_path,bypass,start14_step271,532.768;143.786;283.993
bcd_path,bypass,start14_step272,532.103;143.232;285.452
bcd_path,bypass,start14_step273,531.431;142.652;286.933
bcd_path,bypass,start14_step274,530.753;142.043;288.436
bcd_path,bypass,start14_step275,530.069;141.404;289.959
bcd_path,bypass,start14_step276,529.379;140.732;291.504
bcd_path,bypass,start14_step277,528.680;140.025;293.069
bcd_path,bypass,start14_step278,527.972;139.278;294.656
bcd_path,bypass,start14_step279,527.256;138.490;296.261
bcd_path,bypass,start14_step280,526.531;137.659;297.880
bcd_path,bypass,start14_step281,525.797;136.787;299.509
bcd_path,bypass,start14_step282,525.055;135.876;301.144
bcd_path,bypass,start14_step283,524.304;134.930;302.780
bcd_path,bypass,start14_step284,523.546;133.951;304.412
bcd_path,bypass,start14_step285,522.783;132.943;306.034
bcd_path,bypass,start14_step286,522.019;131.906;307.640
bcd_path,bypass,start14_step287,521.258;130.841;309.224
bcd_path,bypass,start14_step288,520.504;129.750;310.780
bcd_path,bypass,start14_step289,519.759;128.636;312.305
bcd_path,bypass,start14_step290,519.026;127.501;313.792
bcd_path,bypass,start14_step291,518.307;126.350;315.238
bcd_path,bypass,start14_step292,517.602;125.189;316.641
bcd_path,bypass,start14_step293,516.908;124.024;317.999
bcd_path,bypass,start14_step294,516.224;122.859;319.312
bcd_path,bypass,start14_step295,515.547;121.699;320.580
bcd_path,bypass,start14_step296,514.876;120.545;321.802
bcd_path,bypass,start14_step297,514.210;119.397;322.978
bcd_path,bypass,start14_step298,513.548;118.256;324.109
bcd_path,bypass,start14_step299,512.890;117.122;325.193
bcd_path,bypass,start15_step0,39.839;-4.464;21.937
bcd_path,bypass,start15_step1,40.311;-4.198;25.057
bcd_path,bypass,start15_step2,41.170;-3.626;29.458
bcd_path,bypass,start15_step3,42.326;-2.810;34.924
bcd_path,bypass,start15_step4,43.666;-1.868;41.288
bcd_path,bypass,start15_step5,45.098;-0.907;48.356
bcd_path,bypass,start15_step6,46.609;0.049;55.882
bcd_path,bypass,start15_step7,48.225;1.013;63.637
bcd_path,bypass,start15_step8,49.987;1.950;71.457
bcd_path,bypass,start15_step9,51.973;2.763;79.214
bcd_path,bypass,start15_step10,54.269;3.380;86.802
bcd_path,bypass,start15_step11,56.945;3.778;94.147
bcd_path,bypass,start15_step12,60.042;3.972;101.224
bcd_path,bypass,start15_step13,63.568;4.001;108.071
bcd_path,bypass,start15_step14,67.505;3.880;114.723
bcd_path,bypass,start15_step15,71.819;3.585;121.207
bcd_path,bypass,start15_step16,76.466;3.065;127.574
bcd_path,bypass,start15_step17,81.408;2.276;133.872
bcd_path,bypass,start15_step18,86.603;1.217;140.136
bcd_path,bypass,start15_step19,92.011;-0.057;146.374
bcd_path,bypass,start15_step20,97.594;-1.477;152.558
bcd_path,bypass,start15_step21,103.320;-2.989;158.631
bcd_path,bypass,start15_step22,109.177;-4.571;164.556
bcd_path,bypass,start15_step23,115.156;-6.227;170.324
bcd_path,bypass,start15_step24,121.238;-7.980;175.894
bcd_path,bypass,start15_step25,127.408;-9.851;181.203
bcd_path,bypass,start15_step26,133.644;-11.880;186.200
bcd_path,bypass,start15_step27,139.911;-14.134;190.860
bcd_path,bypass,start15_step28,146.161;-16.680;195.167
bcd_path,bypass,start15_step29,152.355;-19.543;199.084
bcd_path,bypass,start15_step30,158.457;-22.724;202.539
bcd_path,bypass,start15_step31,164.431;-26.212;205.439
bcd_path,bypass,start15_step32,170.242;-29.986;207.606
bcd_path,bypass,start15_step33,175.909;-33.969;208.828
bcd_path,bypass,start15_step34,181.485;-38.068;209.005
bcd_path,bypass,start15_step35,187.000;-42.180;208.134
bcd_path,bypass,start15_step36,192.465;-46.229;206.300
bcd_path,bypass,start15_step37,197.863;-50.178;203.680
bcd_path,bypass,start15_step38,203.193;-53.993;200.501
bcd_path,bypass,start15_step39,208.459;-57.650;196.982
bcd_path,bypass,start15_step40,213.682;-61.159;193.350
bcd_path,bypass,start15_step41,218.900;-64.513;189.889
bcd_path,bypass,start15_step42,224.165;-67.677;186.783
bcd_path,bypass,start15_step43,229.532;-70.572;184.005
bcd_path,bypass,start15_step44,235.009;-73.146;181.411
bcd_path,bypass,start15_step45,240.566;-75.388;178.884
bcd_path,bypass,start15_step46,246.172;-77.320;176.405
bcd_path,bypass,start15_step47,251.820;-78.960;174.005
bcd_path,bypass,start15_step48,257.520;-80.320;171.688
bcd_path,bypass,start15_step49,263.272;-81.419;169.442
bcd_path,bypass,start15_step50,269.069;-82.281;167.260
bcd_path,bypass,start15_step51,274.906;-82.914;165.142
bcd_path,bypass,start15_step52,280.789;-83.304;163.085
bcd_path,bypass,start15_step53,286.720;-83.424;161.085
bcd_path,bypass,start15_step54,292.686;-83.246;159.141
bcd_path,bypass,start15_step55,298.656;-82.749;157.254
bcd_path,bypass,start15_step56,304.600;-81.914;155.421
bcd_path,bypass,start15_step57,310.487;-80.726;153.628
bcd_path,bypass,start15_step58,316.286;-79.166;151.850
bcd_path,bypass,start15_step59,321.967;-77.220;150.069
bcd_path,bypass,start15_step60,327.496;-74.902;148.294
bcd_path,bypass,start15_step61,332.853;-72.237;146.568
bcd_path,bypass,start15_step62,338.027;-69.269;144.936
bcd_path,bypass,start15_step63,343.022;-66.058;143.422
bcd_path,bypass,start15_step64,347.849;-62.657;142.034
bcd_path,bypass,start15_step65,352.497;-59.076;140.790
bcd_path,bypass,start15_step66,356.941;-55.314;139.738
bcd_path,bypass,start15_step67,361.151;-51.382;138.934
bcd_path,bypass,start15_step68,365.109;-47.298;138.388
bcd_path,bypass,start15_step69,368.783;-43.065;138.070
bcd_path,bypass,start15_step70,372.129;-38.676;137.938
bcd_path,bypass,start15_step71,375.124;-34.141;137.938
bcd_path,bypass,start15_step72,377.788;-29.490;138.031
bcd_path,bypass,start15_step73,380.179;-24.772;138.177
bcd_path,bypass,start15_step74,382.377;-20.024;138.327
bcd_path,bypass,start15_step75,384.445;-15.265;138.436
bcd_path,bypass,start15_step76,386.413;-10.489;138.463
bcd_path,bypass,start15_step77,388.287;-5.679;138.392
bcd_path,bypass,start15_step78,390.086;-0.834;138.239
bcd_path,bypass,start15_step79,391.836;4.030;138.012
bcd_path,bypass,start15_step80,393.566;8.890;137.669
bcd_path,bypass,start15_step81,395.310;13.718;137.140
bcd_path,bypass,start15_step82,397.104;18.482;136.423
bcd_path,bypass,start15_step83,398.945;23.146;135.595
bcd_path,bypass,start15_step84,400.799;27.667;134.760
bcd_path,bypass,start15_step85,402.619;32.018;134.021
bcd_path,bypass,start15_step86,404.342;36.213;133.425
bcd_path,bypass,start15_step87,405.922;40.281;132.981
bcd_path,bypass,start15_step88,407.351;44.252;132.716
bcd_path,bypass,start15_step89,408.618;48.151;132.662
bcd_path,bypass,start15_step90,409.676;52.008;132.847
bcd_path,bypass,start15_step91,410.461;55.845;133.317
bcd_path,bypass,start15_step92,410.900;59.660;134.146
bcd_path,bypass,start15_step93,410.942;63.426;135.432
bcd_path,bypass,start15_step94,410.564;67.105;137.210
bcd_path,bypass,start15_step95,409.778;70.672;139.412
bcd_path,bypass,start15_step96,408.645;74.129;141.917
bcd_path,bypass,start15_step97,407.260;77.506;144.609
bcd_path,bypass,start15_step98,405.710;80.833;147.414
bcd_path,bypass,start15_step99,404.040;84.150;150.260
bcd_path,bypass,start15_step100,402.261;87.513;153.080
bcd_path,bypass,start15_step101,400.350;90.959;155.802
bcd_path,bypass,start15_step102,398.277;94.495;158.328
bcd_path,bypass,start15_step103,396.058;98.106;160.575
bcd_path,bypass,start15_step104,393.755;101.793;162.553
bcd_path,bypass,start15_step105,391.412;105.571;164.369
bcd_path,bypass,start15_step106,389.022;109.434;166.155
bcd_path,bypass,start15_step107,386.545;113.367;168.022
bcd_path,bypass,start15_step108,383.950;117.366;170.043
bcd_path,bypass,start15_step109,381.221;121.446;172.233
bcd_path,bypass,start15_step110,378.385;125.630;174.560
bcd_path,bypass,start15_step111,375.507;129.949;176.957
bcd_path,bypass,start15_step112,372.647;134.449;179.364
bcd_path,bypass,start15_step113,369.843;139.176;181.733
bcd_path,bypass,start15_step114,367.123;144.172;184.012
bcd_path,bypass,start15_step115,364.527;149.461;186.165
bcd_path,bypass,start15_step116,362.108;155.032;188.197
bcd_path,bypass,start15_step117,359.924;160.842;190.142
bcd_path,bypass,start15_step118,358.021;166.837;192.015
bcd_path,bypass,start15_step119,356.434;172.957;193.815
bcd_path,bypass,start15_step120,355.188;179.134;195.543
bcd_path,bypass,start15_step121,354.304;185.310;197.210
bcd_path,bypass,start15_step122,353.782;191.459;198.809
bcd_path,bypass,start15_step123,353.582;197.591;200.338
bcd_path,bypass,start15_step124,353.646;203.734;201.819
bcd_path,bypass,start15_step125,353.897;209.928;203.263
bcd_path,bypass,start15_step126,354.234;216.214;204.677
bcd_path,bypass,start15_step127,354.537;222.595;206.053
bcd_path,bypass,start15_step128,354.722;229.040;207.350
bcd_path,bypass,start15_step129,354.744;235.509;208.551
bcd_path,bypass,start15_step130,354.577;241.953;209.643
bcd_path,bypass,start15_step131,354.215;248.311;210.609
bcd_path,bypass,start15_step132,353.690;254.531;211.444
bcd_path,bypass,start15_step133,353.047;260.583;212.145
bcd_path,bypass,start15_step134,352.323;266.442;212.706
bcd_path,bypass,start15_step135,351.547;272.092;213.123
bcd_path,bypass,start15_step136,350.737;277.532;213.380
bcd_path,bypass,start15_step137,349.902;282.767;213.461
bcd_path,bypass,start15_step138,349.053;287.800;213.353
bcd_path,bypass,start15_step139,348.197;292.635;213.043
bcd_path,bypass,start15_step140,347.347;297.277;212.543
bcd_path,bypass,start15_step141,346.535;301.739;211.900
bcd_path,bypass,start15_step142,345.790;306.024;211.149
bcd_path,bypass,start15_step143,345.145;310.134;210.299
bcd_path,bypass,start15_step144,344.609;314.071;209.380
bcd_path,bypass,start15_step145,344.188;317.829;208.434
bcd_path,bypass,start15_step146,343.893;321.415;207.445
bcd_path,bypass,start15_step147,343.723;324.854;206.356
bcd_path,bypass,start15_step148,343.665;328.170;205.117
bcd_path,bypass,start15_step149,343.697;331.377;203.731
bcd_path,bypass,start15_step150,343.807;334.483;202.254
bcd_path,bypass,start15_step151,343.978;337.495;200.766
bcd_path,bypass,start15_step152,344.186;340.414;199.341
bcd_path,bypass,start15_step153,344.400;343.224;198.025
bcd_path,bypass,start15_step154,344.589;345.902;196.844
bcd_path,bypass,start15_step155,344.732;348.428;195.807
bcd_path,bypass,start15_step156,344.821;350.790;194.911
bcd_path,bypass,start15_step157,344.856;352.982;194.167
bcd_path,bypass,start15_step158,344.837;355.002;193.584
bcd_path,bypass,start15_step159,344.766;356.861;193.158
bcd_path,bypass,start15_step160,344.653;358.580;192.882
bcd_path,bypass,start15_step161,344.503;360.183;192.757
bcd_path,bypass,start15_step162,344.320;361.685;192.794
bcd_path,bypass,start15_step163,344.112;363.099;193.008
bcd_path,bypass,start15_step164,343.887;364.437;193.410
bcd_path,bypass,start15_step165,343.647;365.713;194.005
bcd_path,bypass,start15_step166,343.386;366.938;194.785
bcd_path,bypass,start15_step167,343.098;368.120;195.730
bcd_path,bypass,start15_step168,342.771;369.258;196.819
bcd_path,bypass,start15_step169,342.392;370.353;198.030
bcd_path,bypass,start15_step170,341.951;371.402;199.342
bcd_path,bypass,start15_step171,341.442;372.405;200.740
bcd_path,bypass,start15_step172,340.868;373.367;202.208
bcd_path,bypass,start15_step173,340.230;374.297;203.731
bcd_path,bypass,start15_step174,339.534;375.208;205.291
bcd_path,bypass,start15_step175,338.778;376.109;206.864
bcd_path,bypass,start15_step176,337.965;377.008;208.426
bcd_path,bypass,start15_step177,337.103;377.910;209.958
bcd_path,bypass,start15_step178,336.199;378.812;211.452
bcd_path,bypass,start15_step179,335.265;379.706;212.902
bcd_path,bypass,start15_step180,334.306;380.589;214.297
bcd_path,bypass,start15_step181,333.327;381.460;215.615
bcd_path,bypass,start15_step182,332.324;382.319;216.844
bcd_path,bypass,start15_step183,331.288;383.159;217.982
bcd_path,bypass,start15_step184,330.213;383.976;219.037
bcd_path,bypass,start15_step185,329.103;384.763;220.013
bcd_path,bypass,start15_step186,327.976;385.521;220.908
bcd_path,bypass,start15_step187,326.855;386.253;221.726
bcd_path,bypass,start15_step188,325.756;386.963;222.484
bcd_path,bypass,start15_step189,324.685;387.649;223.206
bcd_path,bypass,start15_step190,323.644;388.305;223.913
bcd_path,bypass,start15_step191,322.635;388.930;224.631
bcd_path,bypass,start15_step192,321.667;389.529;225.380
bcd_path,bypass,start15_step193,320.754;390.114;226.186
bcd_path,bypass,start15_step194,319.910;390.694;227.075
bcd_path,bypass,start15_step195,319.135;391.267;228.062
bcd_path,bypass,start15_step196,318.418;391.836;229.145
bcd_path,bypass,start15_step197,317.743;392.409;230.308
bcd_path,bypass,start15_step198,317.092;392.996;231.532
bcd_path,bypass,start15_step199,316.450;393.608;232.802
bcd_path,bypass,start15_step200,315.803;394.252;234.108
bcd_path,bypass,start15_step201,315.145;394.927;235.451
bcd_path,bypass,start15_step202,314.472;395.629;236.827
bcd_path,bypass,start15_step203,313.783;396.354;238.234
bcd_path,bypass,start15_step204,313.079;397.096;239.670
bcd_path,bypass,start15_step205,312.363;397.849;241.130
bcd_path,bypass,start15_step206,311.638;398.610;242.609
bcd_path,bypass,start15_step207,310.907;399.375;244.102
bcd_path,bypass,start15_step208,310.174;400.143;245.598
bcd_path,bypass,start15_step209,309.441;400.910;247.089
bcd_path,bypass,start15_step210,308.707;401.673;248.567
bcd_path,bypass,start15_step211,307.974;402.427;250.028
bcd_path,bypass,start15_step212,307.248;403.170;251.469
bcd_path,bypass,start15_step213,306.536;403.901;252.892
bcd_path,bypass,start15_step214,305.848;404.622;254.305
bcd_path,bypass,start15_step215,305.194;405.332;255.719
bcd_path,bypass,start15_step216,304.578;406.032;257.140
bcd_path,bypass,start15_step217,303.998;406.716;258.576
bcd_path,bypass,start15_step218,303.454;407.379;260.038
bcd_path,bypass,start15_step219,302.944;408.016;261.532
bcd_path,bypass,start15_step220,302.472;408.627;263.068
bcd_path,bypass,start15_step221,302.040;409.217;264.649
bcd_path,bypass,start15_step222,301.647;409.792;266.276
bcd_path,bypass,start15_step223,301.289;410.359;267.943
bcd_path,bypass,start15_step224,300.960;410.924;269.648
bcd_path,bypass,start15_step225,300.651;411.491;271.386
bcd_path,bypass,start15_step226,300.357;412.065;273.154
bcd_path,bypass,start15_step227,300.076;412.650;274.955
bcd_path,bypass,start15_step228,299.811;413.248;276.789
bcd_path,bypass,start15_step229,299.564;413.858;278.657
bcd_path,bypass,start15_step230,299.336;414.480;280.558
bcd_path,bypass,start15_step231,299.130;415.109;282.488
bcd_path,bypass,start15_step232,298.950;415.744;284.444
bcd_path,bypass,start15_step233,298.799;416.382;286.421
bcd_path,bypass,start15_step234,298.680;417.021;288.412
bcd_path,bypass,start15_step235,298.601;417.659;290.412
bcd_path,bypass,start15_step236,298.568;418.295;292.420
bcd_path,bypass,start15_step237,298.592;418.926;294.438
bcd_path,bypass,start15_step238,298.682;419.547;296.475
bcd_path,bypass,start15_step239,298.846;420.153;298.539
bcd_path,bypass,start15_step240,299.090;420.737;300.638
bcd_path,bypass,start15_step241,299.416;421.292;302.781
bcd_path,bypass,start15_step242,299.824;421.810;304.973
bcd_path,bypass,start15_step243,300.318;422.281;307.211
bcd_path,bypass,start15_step244,300.898;422.697;309.486
bcd_path,bypass,start15_step245,301.568;423.053;311.788
bcd_path,bypass,start15_step246,302.329;423.345;314.106
bcd_path,bypass,start15_step247,303.178;423.568;316.430
bcd_path,bypass,start15_step248,304.108;423.720;318.752
bcd_path,bypass,start15_step249,305.111;423.802;321.061
bcd_path,bypass,start15_step250,306.178;423.816;323.347
bcd_path,bypass,start15_step251,307.301;423.763;325.611
bcd_path,bypass,start15_step252,308.476;423.644;327.859
bcd_path,bypass,start15_step253,309.698;423.463;330.094
bcd_path,bypass,start15_step254,310.966;423.224;332.317
bcd_path,bypass,start15_step255,312.275;422.934;334.526
bcd_path,bypass,start15_step256,313.621;422.598;336.715
bcd_path,bypass,start15_step257,314.992;422.218;338.874
bcd_path,bypass,start15_step258,316.370;421.797;340.998
bcd_path,bypass,start15_step259,317.739;421.337;343.088
bcd_path,bypass,start15_step260,319.080;420.836;345.154
bcd_path,bypass,start15_step261,320.382;420.292;347.206
bcd_path,bypass,start15_step262,321.639;419.707;349.251
bcd_path,bypass,start15_step263,322.850;419.084;351.294
bcd_path,bypass,start15_step264,324.014;418.431;353.338
bcd_path,bypass,start15_step265,325.137;417.756;355.386
bcd_path,bypass,start15_step266,326.227;417.064;357.442
bcd_path,bypass,start15_step267,327.296;416.357;359.508
bcd_path,bypass,start15_step268,328.354;415.637;361.589
bcd_path,bypass,start15_step269,329.415;414.903;363.688
bcd_path,bypass,start15_step270,330.488;414.154;365.807
bcd_path,bypass,start15_step271,331.581;413.390;367.950
bcd_path,bypass,start15_step272,332.701;412.611;370.118
bcd_path,bypass,start15_step273,333.851;411.819;372.314
bcd_path,bypass,start15_step274,335.036;411.015;374.537
bcd_path,bypass,start15_step275,336.258;410.199;376.787
bcd_path,bypass,start15_step276,337.521;409.373;379.064
bcd_path,bypass,start15_step277,338.828;408.537;381.367
bcd_path,bypass,start15_step278,340.176;407.692;383.694
bcd_path,bypass,start15_step279,341.563;406.836;386.042
bcd_path,bypass,start15_step280,342.984;405.962;388.410
bcd_path,bypass,start15_step281,344.433;405.061;390.799
bcd_path,bypass,start15_step282,345.907;404.121;393.213
bcd_path,bypass,start15_step283,347.400;403.128;395.659
bcd_path,bypass,start15_step284,348.910;402.070;398.148
bcd_path,bypass,start15_step285,350.434;400.934;400.693
bcd_path,bypass,start15_step286,351.969;399.709;403.302
bcd_path,bypass,start15_step287,353.518;398.385;405.980
bcd_path,bypass,start15_step288,355.080;396.953;408.725
bcd_path,bypass,start15_step289,356.659;395.408;411.534
bcd_path,bypass,start15_step290,358.251;393.747;414.400
bcd_path,bypass,start15_step291,359.855;391.971;417.315
bcd_path,bypass,start15_step292,361.471;390.084;420.267
bcd_path,bypass,start15_step293,363.098;388.088;423.242
bcd_path,bypass,start15_step294,364.738;385.986;426.219
bcd_path,bypass,start15_step295,366.390;383.785;429.178
bcd_path,bypass,start15_step296,368.051;381.495;432.096
bcd_path,bypass,start15_step297,369.712;379.134;434.949
bcd_path,bypass,start15_step298,371.368;376.720;437.718
bcd_path,bypass,start15_step299,373.016;374.272;440.388
bcd_path,bypass,start16_step0,-36.017;28.030;21.808
bcd_path,bypass,start16_step1,-35.787;27.980;24.562
bcd_path,bypass,start16_step2,-35.368;27.841;28.393
bcd_path,bypass,start16_step3,-34.762;27.643;33.047
bcd_path,bypass,start16_step4,-33.991;27.445;38.350
bcd_path,bypass,start16_step5,-33.051;27.278;44.190
bcd_path,bypass,start16_step6,-31.882;27.141;50.428
bcd_path,bypass,start16_step7,-30.387;27.042;56.887
bcd_path,bypass,start16_step8,-28.461;26.977;63.425
bcd_path,bypass,start16_step9,-26.030;26.926;69.951
bcd_path,bypass,start16_step10,-23.074;26.879;76.411
bcd_path,bypass,start16_step11,-19.599;26.876;82.725
bcd_path,bypass,start16_step12,-15.617;27.003;88.763
bcd_path,bypass,start16_step13,-11.147;27.328;94.423
bcd_path,bypass,start16_step14,-6.206;27.870;99.706
bcd_path,bypass,start16_step15,-0.816;28.621;104.670
bcd_path,bypass,start16_step16,4.983;29.558;109.369
bcd_path,bypass,start16_step17,11.130;30.676;113.836
bcd_path,bypass,start16_step18,17.557;31.965;118.097
bcd_path,bypass,start16_step19,24.209;33.418;122.189
bcd_path,bypass,start16_step20,31.056;35.024;126.141
bcd_path,bypass,start16_step21,38.088;36.787;129.972
bcd_path,bypass,start16_step22,45.304;38.708;133.703
bcd_path,bypass,start16_step23,52.673;40.775;137.380
bcd_path,bypass,start16_step24,60.150;42.981;141.081
bcd_path,bypass,start16_step25,67.706;45.291;144.884
bcd_path,bypass,start16_step26,75.352;47.639;148.834
bcd_path,bypass,start16_step27,83.090;49.960;152.967
bcd_path,bypass,start16_step28,90.893;52.237;157.328
bcd_path,bypass,start16_step29,98.734;54.484;161.959
bcd_path,bypass,start16_step30,106.584;56.732;166.911
bcd_path,bypass,start16_step31,114.430;59.007;172.210
bcd_path,bypass,start16_step32,122.284;61.299;177.844
bcd_path,bypass,start16_step33,130.142;63.591;183.786
bcd_path,bypass,start16_step34,137.975;65.873;189.983
bcd_path,bypass,start16_step35,145.757;68.133;196.334
bcd_path,bypass,start16_step36,153.479;70.355;202.698
bcd_path,bypass,start16_step37,161.148;72.517;208.822
bcd_path,bypass,start16_step38,168.754;74.596;214.289
bcd_path,bypass,start16_step39,176.256;76.612;218.635
bcd_path,bypass,start16_step40,183.612;78.601;221.548
bcd_path,bypass,start16_step41,190.805;80.589;223.023
bcd_path,bypass,start16_step42,197.866;82.584;223.358
bcd_path,bypass,start16_step43,204.842;84.576;222.949
bcd_path,bypass,start16_step44,211.756;86.524;222.087
bcd_path,bypass,start16_step45,218.628;88.411;220.946
bcd_path,bypass,start16_step46,225.497;90.235;219.682
bcd_path,bypass,start16_step47,232.398;92.005;218.445
bcd_path,bypass,start16_step48,239.350;93.724;217.342
bcd_path,bypass,start16_step49,246.347;95.409;216.424
bcd_path,bypass,start16_step50,253.368;97.086;215.660
bcd_path,bypass,start16_step51,260.406;98.778;214.991
bcd_path,bypass,start16_step52,267.463;100.525;214.327
bcd_path,bypass,start16_step53,274.539;102.394;213.571
bcd_path,bypass,start16_step54,281.626;104.438;212.662
bcd_path,bypass,start16_step55,288.698;106.688;211.600
bcd_path,bypass,start16_step56,295.706;109.180;210.420
bcd_path,bypass,start16_step57,302.607;111.934;209.153
bcd_path,bypass,start16_step58,309.361;114.929;207.768
bcd_path,bypass,start16_step59,315.969;118.092;206.115
bcd_path,bypass,start16_step60,322.462;121.345;204.142
bcd_path,bypass,start16_step61,328.900;124.608;201.943
bcd_path,bypass,start16_step62,335.277;127.803;199.617
bcd_path,bypass,start16_step63,341.556;130.889;197.301
bcd_path,bypass,start16_step64,347.709;133.891;195.160
bcd_path,bypass,start16_step65,353.684;136.836;193.280
bcd_path,bypass,start16_step66,359.379;139.742;191.666
bcd_path,bypass,start16_step67,364.702;142.633;190.305
bcd_path,bypass,start16_step68,369.617;145.534;189.157
bcd_path,bypass,start16_step69,374.146;148.446;188.169
bcd_path,bypass,start16_step70,378.328;151.346;187.330
bcd_path,bypass,start16_step71,382.191;154.204;186.637
bcd_path,bypass,start16_step72,385.752;156.986;186.056
bcd_path,bypass,start16_step73,389.033;159.678;185.533
bcd_path,bypass,start16_step74,392.061;162.282;185.017
bcd_path,bypass,start16_step75,394.868;164.799;184.470
bcd_path,bypass,start16_step76,397.480;167.213;183.850
bcd_path,bypass,start16_step77,399.905;169.510;183.133
bcd_path,bypass,start16_step78,402.142;171.667;182.312
bcd_path,bypass,start16_step79,404.190;173.665;181.396
bcd_path,bypass,start16_step80,406.055;175.477;180.402
bcd_path,bypass,start16_step81,407.740;177.090;179.353
bcd_path,bypass,start16_step82,409.256;178.508;178.269
bcd_path,bypass,start16_step83,410.618;179.745;177.179
bcd_path,bypass,start16_step84,411.847;180.815;176.125
bcd_path,bypass,start16_step85,412.966;181.735;175.152
bcd_path,bypass,start16_step86,413.991;182.519;174.293
bcd_path,bypass,start16_step87,414.940;183.189;173.565
bcd_path,bypass,start16_step88,415.834;183.766;172.977
bcd_path,bypass,start16_step89,416.688;184.272;172.523
bcd_path,bypass,start16_step90,417.516;184.731;172.199
bcd_path,bypass,start16_step91,418.321;185.167;172.001
bcd_path,bypass,start16_step92,419.092;185.606;171.932
bcd_path,bypass,start16_step93,419.818;186.074;171.998
bcd_path,bypass,start16_step94,420.484;186.596;172.202
bcd_path,bypass,start16_step95,421.080;187.191;172.548
bcd_path,bypass,start16_step96,421.597;187.871;173.035
bcd_path,bypass,start16_step97,422.031;188.636;173.662
bcd_path,bypass,start16_step98,422.377;189.476;174.422
bcd_path,bypass,start16_step99,422.635;190.373;175.312
bcd_path,bypass,start16_step100,422.810;191.301;176.329
bcd_path,bypass,start16_step101,422.916;192.228;177.467
bcd_path,bypass,start16_step102,422.977;193.125;178.714
bcd_path,bypass,start16_step103,423.025;193.967;180.045
bcd_path,bypass,start16_step104,423.093;194.745;181.416
bcd_path,bypass,start16_step105,423.212;195.459;182.767
bcd_path,bypass,start16_step106,423.409;196.119;184.033
bcd_path,bypass,start16_step107,423.709;196.738;185.162
bcd_path,bypass,start16_step108,424.128;197.334;186.128
bcd_path,bypass,start16_step109,424.672;197.920;186.935
bcd_path,bypass,start16_step110,425.337;198.506;187.608
bcd_path,bypass,start16_step111,426.115;199.094;188.179
bcd_path,bypass,start16_step112,426.993;199.681;188.676
bcd_path,bypass,start16_step113,427.952;200.265;189.125
bcd_path,bypass,start16_step114,428.974;200.838;189.546
bcd_path,bypass,start16_step115,430.033;201.395;189.956
bcd_path,bypass,start16_step116,431.108;201.934;190.369
bcd_path,bypass,start16_step117,432.178;202.458;190.798
bcd_path,bypass,start16_step118,433.230;202.973;191.255
bcd_path,bypass,start16_step119,434.258;203.485;191.750
bcd_path,bypass,start16_step120,435.264;203.999;192.292
bcd_path,bypass,start16_step121,436.254;204.520;192.886
bcd_path,bypass,start16_step122,437.235;205.048;193.528
bcd_path,bypass,start16_step123,438.217;205.584;194.212
bcd_path,bypass,start16_step124,439.208;206.125;194.930
bcd_path,bypass,start16_step125,440.213;206.665;195.677
bcd_path,bypass,start16_step126,441.235;207.200;196.444
bcd_path,bypass,start16_step127,442.276;207.727;197.225
bcd_path,bypass,start16_step128,443.336;208.243;198.007
bcd_path,bypass,start16_step129,444.413;208.746;198.776
bcd_path,bypass,start16_step130,445.509;209.233;199.517
bcd_path,bypass,start16_step131,446.625;209.700;200.214
bcd_path,bypass,start16_step132,447.765;210.144;200.855
bcd_path,bypass,start16_step133,448.928;210.562;201.424
bcd_path,bypass,start16_step134,450.112;210.957;201.915
bcd_path,bypass,start16_step135,451.316;211.331;202.323
bcd_path,bypass,start16_step136,452.535;211.690;202.653
bcd_path,bypass,start16_step137,453.767;212.040;202.914
bcd_path,bypass,start16_step138,455.004;212.391;203.120
bcd_path,bypass,start16_step139,456.242;212.747;203.288
bcd_path,bypass,start16_step140,457.475;213.110;203.432
bcd_path,bypass,start16_step141,458.698;213.478;203.563
bcd_path,bypass,start16_step142,459.908;213.846;203.679
bcd_path,bypass,start16_step143,461.107;214.209;203.777
bcd_path,bypass,start16_step144,462.299;214.559;203.850
bcd_path,bypass,start16_step145,463.491;214.891;203.890
bcd_path,bypass,start16_step146,464.696;215.199;203.889
bcd_path,bypass,start16_step147,465.919;215.483;203.843
bcd_path,bypass,start16_step148,467.164;215.749;203.752
bcd_path,bypass,start16_step149,468.428;216.004;203.619
bcd_path,bypass,start16_step150,469.706;216.263;203.449
bcd_path,bypass,start16_step151,470.986;216.544;203.254
bcd_path,bypass,start16_step152,472.252;216.864;203.054
bcd_path,bypass,start16_step153,473.486;217.239;202.870
bcd_path,bypass,start16_step154,474.672;217.677;202.722
bcd_path,bypass,start16_step155,475.792;218.176;202.621
bcd_path,bypass,start16_step156,476.833;218.727;202.575
bcd_path,bypass,start16_step157,477.791;219.314;202.584
bcd_path,bypass,start16_step158,478.663;219.923;202.649
bcd_path,bypass,start16_step159,479.455;220.539;202.773
bcd_path,bypass,start16_step160,480.169;221.153;202.966
bcd_path,bypass,start16_step161,480.812;221.759;203.237
bcd_path,bypass,start16_step162,481.393;222.359;203.590
bcd_path,bypass,start16_step163,481.919;222.953;204.017
bcd_path,bypass,start16_step164,482.399;223.543;204.499
bcd_path,bypass,start16_step165,482.844;224.127;205.009
bcd_path,bypass,start16_step166,483.264;224.703;205.518
bcd_path,bypass,start16_step167,483.669;225.267;206.006
bcd_path,bypass,start16_step168,484.063;225.816;206.466
bcd_path,bypass,start16_step169,484.448;226.344;206.903
bcd_path,bypass,start16_step170,484.818;226.849;207.328
bcd_path,bypass,start16_step171,485.170;227.334;207.756
bcd_path,bypass,start16_step172,485.499;227.803;208.194
bcd_path,bypass,start16_step173,485.806;228.259;208.653
bcd_path,bypass,start16_step174,486.092;228.706;209.140
bcd_path,bypass,start16_step175,486.361;229.144;209.667
bcd_path,bypass,start16_step176,486.616;229.572;210.244
bcd_path,bypass,start16_step177,486.858;229.986;210.877
bcd_path,bypass,start16_step178,487.092;230.381;211.574
bcd_path,bypass,start16_step179,487.322;230.750;212.339
bcd_path,bypass,start16_step180,487.553;231.091;213.171
bcd_path,bypass,start16_step181,487.791;231.402;214.064
bcd_path,bypass,start16_step182,488.043;231.686;215.007
bcd_path,bypass,start16_step183,488.318;231.945;215.987
bcd_path,bypass,start16_step184,488.627;232.182;216.988
bcd_path,bypass,start16_step185,488.983;232.404;217.999
bcd_path,bypass,start16_step186,489.395;232.613;219.007
bcd_path,bypass,start16_step187,489.873;232.815;220.003
bcd_path,bypass,start16_step188,490.421;233.013;220.983
bcd_path,bypass,start16_step189,491.041;233.209;221.944
bcd_path,bypass,start16_step190,491.730;233.406;222.890
bcd_path,bypass,start16_step191,492.481;233.607;223.826
bcd_path,bypass,start16_step192,493.286;233.817;224.758
bcd_path,bypass,start16_step193,494.134;234.039;225.688
bcd_path,bypass,start16_step194,495.012;234.273;226.612
bcd_path,bypass,start16_step195,495.914;234.515;227.526
bcd_path,bypass,start16_step196,496.831;234.760;228.427
bcd_path,bypass,start16_step197,497.759;235.006;229.313
bcd_path,bypass,start16_step198,498.694;235.250;230.179
bcd_path,bypass,start16_step199,499.639;235.494;231.016
bcd_path,bypass,start16_step200,500.595;235.738;231.813
bcd_path,bypass,start16_step201,501.565;235.986;232.559
bcd_path,bypass,start16_step202,502.552;236.239;233.247
bcd_path,bypass,start16_step203,503.555;236.497;233.870
bcd_path,bypass,start16_step204,504.576;236.756;234.429
bcd_path,bypass,start16_step205,505.614;237.012;234.926
bcd_path,bypass,start16_step206,506.665;237.258;235.372
bcd_path,bypass,start16_step207,507.728;237.487;235.778
bcd_path,bypass,start16_step208,508.797;237.692;236.155
bcd_path,bypass,start16_step209,509.868;237.869;236.520
bcd_path,bypass,start16_step210,510.935;238.018;236.885
bcd_path,bypass,start16_step211,511.991;238.139;237.259
bcd_path,bypass,start16_step212,513.034;238.230;237.643
bcd_path,bypass,start16_step213,514.063;238.291;238.038
bcd_path,bypass,start16_step214,515.080;238.320;238.442
bcd_path,bypass,start16_step215,516.083;238.315;238.852
bcd_path,bypass,start16_step216,517.069;238.275;239.261
bcd_path,bypass,start16_step217,518.037;238.201;239.661
bcd_path,bypass,start16_step218,518.986;238.095;240.045
bcd_path,bypass,start16_step219,519.915;237.960;240.413
bcd_path,bypass,start16_step220,520.826;237.797;240.761
bcd_path,bypass,start16_step221,521.720;237.609;241.088
bcd_path,bypass,start16_step222,522.604;237.390;241.395
bcd_path,bypass,start16_step223,523.480;237.136;241.684
bcd_path,bypass,start16_step224,524.351;236.841;241.965
bcd_path,bypass,start16_step225,525.215;236.504;242.253
bcd_path,bypass,start16_step226,526.064;236.126;242.559
bcd_path,bypass,start16_step227,526.886;235.712;242.891
bcd_path,bypass,start16_step228,527.674;235.271;243.249
bcd_path,bypass,start16_step229,528.415;234.817;243.636
bcd_path,bypass,start16_step230,529.102;234.363;244.049
bcd_path,bypass,start16_step231,529.727;233.921;244.485
bcd_path,bypass,start16_step232,530.286;233.496;244.937
bcd_path,bypass,start16_step233,530.782;233.089;245.398
bcd_path,bypass,start16_step234,531.221;232.693;245.860
bcd_path,bypass,start16_step235,531.611;232.302;246.314
bcd_path,bypass,start16_step236,531.962;231.908;246.752
bcd_path,bypass,start16_step237,532.280;231.505;247.168
bcd_path,bypass,start16_step238,532.570;231.086;247.560
bcd_path,bypass,start16_step239,532.837;230.647;247.929
bcd_path,bypass,start16_step240,533.082;230.184;248.276
bcd_path,bypass,start16_step241,533.307;229.694;248.604
bcd_path,bypass,start16_step242,533.510;229.177;248.917
bcd_path,bypass,start16_step243,533.692;228.638;249.219
bcd_path,bypass,start16_step244,533.854;228.084;249.514
bcd_path,bypass,start16_step245,533.996;227.521;249.805
bcd_path,bypass,start16_step246,534.120;226.956;250.096
bcd_path,bypass,start16_step247,534.227;226.396;250.390
bcd_path,bypass,start16_step248,534.321;225.844;250.691
bcd_path,bypass,start16_step249,534.404;225.306;251.006
bcd_path,bypass,start16_step250,534.477;224.786;251.338
bcd_path,bypass,start16_step251,534.544;224.286;251.694
bcd_path,bypass,start16_step252,534.608;223.807;252.075
bcd_path,bypass,start16_step253,534.672;223.348;252.485
bcd_path,bypass,start16_step254,534.735;222.905;252.920
bcd_path,bypass,start16_step255,534.800;222.477;253.378
bcd_path,bypass,start16_step256,534.865;222.060;253.856
bcd_path,bypass,start16_step257,534.932;221.654;254.347
bcd_path,bypass,start16_step258,534.998;221.256;254.846
bcd_path,bypass,start16_step259,535.065;220.867;255.346
bcd_path,bypass,start16_step260,535.131;220.485;255.843
bcd_path,bypass,start16_step261,535.196;220.111;256.330
bcd_path,bypass,start16_step262,535.258;219.742;256.802
bcd_path,bypass,start16_step263,535.318;219.378;257.257
bcd_path,bypass,start16_step264,535.374;219.017;257.690
bcd_path,bypass,start16_step265,535.424;218.657;258.101
bcd_path,bypass,start16_step266,535.468;218.296;258.490
bcd_path,bypass,start16_step267,535.504;217.934;258.858
bcd_path,bypass,start16_step268,535.529;217.569;259.205
bcd_path,bypass,start16_step269,535.542;217.199;259.534
bcd_path,bypass,start16_step270,535.543;216.822;259.848
bcd_path,bypass,start16_step271,535.529;216.439;260.147
bcd_path,bypass,start16_step272,535.500;216.049;260.434
bcd_path,bypass,start16_step273,535.454;215.651;260.712
bcd_path,bypass,start16_step274,535.390;215.246;260.984
bcd_path,bypass,start16_step275,535.307;214.834;261.251
bcd_path,bypass,start16_step276,535.205;214.416;261.516
bcd_path,bypass,start16_step277,535.082;213.991;261.780
bcd_path,bypass,start16_step278,534.939;213.562;262.045
bcd_path,bypass,start16_step279,534.773;213.128;262.314
bcd_path,bypass,start16_step280,534.585;212.689;262.589
bcd_path,bypass,start16_step281,534.373;212.246;262.872
bcd_path,bypass,start16_step282,534.138;211.797;263.166
bcd_path,bypass,start16_step283,533.879;211.342;263.475
bcd_path,bypass,start16_step284,533.596;210.880;263.800
bcd_path,bypass,start16_step285,533.288;210.411;264.146
bcd_path,bypass,start16_step286,532.954;209.934;264.515
bcd_path,bypass,start16_step287,532.597;209.449;264.909
bcd_path,bypass,start16_step288,532.215;208.953;265.332
bcd_path,bypass,start16_step289,531.809;208.445;265.784
bcd_path,bypass,start16_step290,531.382;207.924;266.265
bcd_path,bypass,start16_step291,530.932;207.389;266.776
bcd_path,bypass,start16_step292,530.462;206.840;267.318
bcd_path,bypass,start16_step293,529.971;206.277;267.895
bcd_path,bypass,start16_step294,529.461;205.705;268.508
bcd_path,bypass,start16_step295,528.932;205.123;269.161
bcd_path,bypass,start16_step296,528.384;204.535;269.855
bcd_path,bypass,start16_step297,527.818;203.942;270.593
bcd_path,bypass,start16_step298,527.234;203.344;271.376
bcd_path,bypass,start16_step299,526.631;202.742;272.203
bcd_path,teacher,start13_step0,-8.251;-23.275;22.341
bcd_path,teacher,start13_step1,-8.158;-23.306;25.907
bcd_path,teacher,start13_step2,-8.030;-23.388;30.245
bcd_path,teacher,start13_step3,-7.877;-23.514;35.542
bcd_path,teacher,start13_step4,-7.663;-23.716;41.716
bcd_path,teacher,start13_step5,-7.271;-24.138;48.392
bcd_path,teacher,start13_step6,-6.602;-24.919;55.251
bcd_path,teacher,start13_step7,-5.686;-26.063;62.136
bcd_path,teacher,start13_step8,-4.627;-27.471;69.031
bcd_path,teacher,start13_step9,-3.262;-28.876;75.727
bcd_path,teacher,start13_step10,-0.933;-29.801;81.991
bcd_path,teacher,start13_step11,2.320;-30.236;87.875
bcd_path,teacher,start13_step12,6.335;-30.251;93.451
bcd_path,teacher,start13_step13,10.974;-29.903;98.777
bcd_path,teacher,start13_step14,16.125;-29.240;103.906
bcd_path,teacher,start13_step15,21.697;-28.305;108.880
bcd_path,teacher,start13_step16,27.616;-27.134;113.736
bcd_path,teacher,start13_step17,33.822;-25.756;118.503
bcd_path,teacher,start13_step18,40.264;-24.201;123.209
bcd_path,teacher,start13_step19,46.903;-22.493;127.876
bcd_path,teacher,start13_step20,53.705;-20.656;132.519
bcd_path,teacher,start13_step21,60.641;-18.703;137.144
bcd_path,teacher,start13_step22,67.680;-16.636;141.749
bcd_path,teacher,start13_step23,74.798;-14.451;146.329
bcd_path,teacher,start13_step24,81.971;-12.148;150.882
bcd_path,teacher,start13_step25,89.183;-9.725;155.406
bcd_path,teacher,start13_step26,96.420;-7.186;159.901
bcd_path,teacher,start13_step27,103.671;-4.536;164.369
bcd_path,teacher,start13_step28,110.928;-1.780;168.813
bcd_path,teacher,start13_step29,118.189;1.070;173.256
bcd_path,teacher,start13_step30,125.463;3.994;177.762
bcd_path,teacher,start13_step31,132.764;6.978;182.453
bcd_path,teacher,start13_step32,140.101;10.039;187.496
bcd_path,teacher,start13_step33,147.454;13.261;193.034
bcd_path,teacher,start13_step34,154.780;16.751;199.159
bcd_path,teacher,start13_step35,161.992;20.650;205.768
bcd_path,teacher,start13_step36,169.003;24.846;211.851
bcd_path,teacher,start13_step37,175.965;28.809;216.466
bcd_path,teacher,start13_step38,182.907;32.448;219.490
bcd_path,teacher,start13_step39,189.819;35.787;220.988
bcd_path,teacher,start13_step40,196.697;38.846;221.075
bcd_path,teacher,start13_step41,203.547;41.663;220.043
bcd_path,teacher,start13_step42,210.395;44.305;218.424
bcd_path,teacher,start13_step43,217.255;46.847;216.604
bcd_path,teacher,start13_step44,224.121;49.340;214.687
bcd_path,teacher,start13_step45,230.989;51.801;212.699
bcd_path,teacher,start13_step46,237.857;54.238;210.644
bcd_path,teacher,start13_step47,244.724;56.657;208.519
bcd_path,teacher,start13_step48,251.601;59.061;206.446
bcd_path,teacher,start13_step49,258.509;61.459;204.637
bcd_path,teacher,start13_step50,265.468;63.842;203.238
bcd_path,teacher,start13_step51,272.516;66.117;202.333
bcd_path,teacher,start13_step52,279.728;68.146;202.208
bcd_path,teacher,start13_step53,287.057;69.948;202.544
bcd_path,teacher,start13_step54,294.400;71.673;202.824
bcd_path,teacher,start13_step55,301.677;73.621;203.025
bcd_path,teacher,start13_step56,308.931;75.616;203.121
bcd_path,teacher,start13_step57,316.249;77.301;203.085
bcd_path,teacher,start13_step58,323.680;78.407;202.928
bcd_path,teacher,start13_step59,331.063;79.040;201.431
bcd_path,teacher,start13_step60,338.310;79.456;198.343
bcd_path,teacher,start13_step61,345.500;79.721;194.747
bcd_path,teacher,start13_step62,352.757;79.876;192.168
bcd_path,teacher,start13_step63,359.880;79.839;191.003
bcd_path,teacher,start13_step64,366.354;79.772;190.271
bcd_path,teacher,start13_step65,372.145;79.784;189.698
bcd_path,teacher,start13_step66,377.430;79.856;189.190
bcd_path,teacher,start13_step67,382.332;79.924;188.711
bcd_path,teacher,start13_step68,386.879;79.956;188.254
bcd_path,teacher,start13_step69,391.073;79.960;187.816
bcd_path,teacher,start13_step70,394.928;79.960;187.396
bcd_path,teacher,start13_step71,398.474;79.965;186.993
bcd_path,teacher,start13_step72,401.742;79.975;186.608
bcd_path,teacher,start13_step73,404.754;79.986;186.238
bcd_path,teacher,start13_step74,407.530;79.995;185.883
bcd_path,teacher,start13_step75,410.086;80.004;185.543
bcd_path,teacher,start13_step76,412.442;80.014;185.216
bcd_path,teacher,start13_step77,414.611;80.025;184.903
bcd_path,teacher,start13_step78,416.610;80.037;184.602
bcd_path,teacher,start13_step79,418.452;80.048;184.314
bcd_path,teacher,start13_step80,420.149;80.057;184.038
bcd_path,teacher,start13_step81,421.712;80.064;183.773
bcd_path,teacher,start13_step82,423.152;80.069;183.518
bcd_path,teacher,start13_step83,424.478;80.073;183.274
bcd_path,teacher,start13_step84,425.700;80.076;183.040
bcd_path,teacher,start13_step85,426.826;80.079;182.815
bcd_path,teacher,start13_step86,427.863;80.081;182.600
bcd_path,teacher,start13_step87,428.819;80.084;182.393
bcd_path,teacher,start13_step88,429.699;80.088;182.195
bcd_path,teacher,start13_step89,430.510;80.091;182.004
bcd_path,teacher,start13_step90,431.257;80.094;181.822
bcd_path,teacher,start13_step91,431.945;80.096;181.647
bcd_path,teacher,start13_step92,432.580;80.099;181.478
bcd_path,teacher,start13_step93,433.164;80.101;181.317
bcd_path,teacher,start13_step94,433.702;80.103;181.163
bcd_path,teacher,start13_step95,434.198;80.105;181.014
bcd_path,teacher,start13_step96,434.654;80.107;180.872
bcd_path,teacher,start13_step97,435.075;80.108;180.735
bcd_path,teacher,start13_step98,435.463;80.109;180.604
bcd_path,teacher,start13_step99,435.820;80.109;180.478
bcd_path,teacher,start13_step100,436.149;80.109;180.357
bcd_path,teacher,start13_step101,436.452;80.109;180.064
bcd_path,teacher,start13_step102,436.731;80.110;179.559
bcd_path,teacher,start13_step103,436.988;80.110;178.994
bcd_path,teacher,start13_step104,437.225;80.111;178.414
bcd_path,teacher,start13_step105,437.443;80.112;177.828
bcd_path,teacher,start13_step106,437.644;80.113;177.242
bcd_path,teacher,start13_step107,437.829;80.113;176.655
bcd_path,teacher,start13_step108,438.000;80.114;176.069
bcd_path,teacher,start13_step109,438.157;80.115;175.482
bcd_path,teacher,start13_step110,438.302;80.116;174.895
bcd_path,teacher,start13_step111,438.435;80.116;174.308
bcd_path,teacher,start13_step112,438.558;80.117;173.721
bcd_path,teacher,start13_step113,438.671;80.117;173.134
bcd_path,teacher,start13_step114,438.776;80.117;172.547
bcd_path,teacher,start13_step115,438.872;80.116;171.961
bcd_path,teacher,start13_step116,438.960;80.114;171.374
bcd_path,teacher,start13_step117,439.042;80.113;170.787
bcd_path,teacher,start13_step118,439.197;80.118;170.699
bcd_path,teacher,start13_step119,439.366;80.124;170.618
bcd_path,teacher,start13_step120,439.409;80.126;170.636
bcd_path,teacher,start13_step121,439.425;80.122;170.546
bcd_path,teacher,start13_step122,439.442;80.123;170.551
bcd_path,teacher,start13_step123,439.469;80.124;170.550
bcd_path,teacher,start13_step124,439.494;80.125;170.540
bcd_path,teacher,start13_step125,439.532;80.127;170.536
bcd_path,teacher,start13_step126,439.571;80.128;170.528
bcd_path,teacher,start13_step127,439.610;80.130;170.520
bcd_path,teacher,start13_step128,439.646;80.131;170.511
bcd_path,teacher,start13_step129,439.678;80.132;170.502
bcd_path,teacher,start13_step130,439.702;80.133;170.493
bcd_path,teacher,start13_step131,439.718;80.134;170.487
bcd_path,teacher,start13_step132,439.723;80.134;170.483
bcd_path,teacher,start13_step133,439.722;80.134;170.481
bcd_path,teacher,start13_step134,439.722;80.134;170.478
bcd_path,teacher,start13_step135,439.721;80.134;170.476
bcd_path,teacher,start13_step136,439.721;80.134;170.473
bcd_path,teacher,start13_step137,439.720;80.134;170.470
bcd_path,teacher,start13_step138,439.715;80.134;170.466
bcd_path,teacher,start13_step139,439.712;80.134;170.464
bcd_path,teacher,start13_step140,439.709;80.134;170.461
bcd_path,teacher,start13_step141,439.708;80.134;170.458
bcd_path,teacher,start13_step142,439.707;80.134;170.456
bcd_path,teacher,start13_step143,439.706;80.134;170.454
bcd_path,teacher,start13_step144,439.707;80.134;170.452
bcd_path,teacher,start13_step145,439.707;80.134;170.451
bcd_path,teacher,start13_step146,439.708;80.134;170.449
bcd_path,teacher,start13_step147,439.709;80.134;170.448
bcd_path,teacher,start13_step148,439.710;80.134;170.447
bcd_path,teacher,start13_step149,439.711;80.134;170.446
bcd_path,teacher,start13_step150,439.712;80.134;170.444
bcd_path,teacher,start13_step151,439.712;80.134;170.443
bcd_path,teacher,start13_step152,439.712;80.134;170.441
bcd_path,teacher,start13_step153,439.712;80.134;170.440
bcd_path,teacher,start13_step154,439.713;80.134;170.439
bcd_path,teacher,start13_step155,439.713;80.134;170.437
bcd_path,teacher,start13_step156,439.713;80.134;170.436
bcd_path,teacher,start13_step157,439.713;80.134;170.435
bcd_path,teacher,start13_step158,439.713;80.134;170.433
bcd_path,teacher,start13_step159,439.713;80.134;170.432
bcd_path,teacher,start13_step160,439.713;80.134;170.431
bcd_path,teacher,start13_step161,439.713;80.134;170.429
bcd_path,teacher,start13_step162,439.713;80.134;170.428
bcd_path,teacher,start13_step163,439.713;80.134;170.427
bcd_path,teacher,start13_step164,439.713;80.134;170.425
bcd_path,teacher,start13_step165,439.713;80.134;170.424
bcd_path,teacher,start13_step166,439.713;80.134;170.423
bcd_path,teacher,start13_step167,439.712;80.134;170.421
bcd_path,teacher,start13_step168,439.712;80.134;170.420
bcd_path,teacher,start13_step169,439.711;80.134;170.419
bcd_path,teacher,start13_step170,439.710;80.134;170.417
bcd_path,teacher,start13_step171,439.709;80.134;170.416
bcd_path,teacher,start13_step172,439.709;80.134;170.415
bcd_path,teacher,start13_step173,439.709;80.134;170.413
bcd_path,teacher,start13_step174,439.709;80.134;170.412
bcd_path,teacher,start13_step175,439.709;80.134;170.411
bcd_path,teacher,start13_step176,439.709;80.134;170.410
bcd_path,teacher,start13_step177,439.709;80.134;170.408
bcd_path,teacher,start13_step178,439.709;80.134;170.407
bcd_path,teacher,start13_step179,439.709;80.134;170.406
bcd_path,teacher,start13_step180,439.709;80.134;170.404
bcd_path,teacher,start13_step181,439.709;80.134;170.403
bcd_path,teacher,start13_step182,439.709;80.134;170.402
bcd_path,teacher,start13_step183,439.709;80.134;170.400
bcd_path,teacher,start13_step184,439.709;80.134;170.399
bcd_path,teacher,start13_step185,439.709;80.134;170.398
bcd_path,teacher,start13_step186,439.709;80.134;170.396
bcd_path,teacher,start13_step187,439.709;80.134;170.395
bcd_path,teacher,start13_step188,439.709;80.134;170.394
bcd_path,teacher,start13_step189,439.709;80.134;170.393
bcd_path,teacher,start13_step190,439.709;80.134;170.391
bcd_path,teacher,start13_step191,439.709;80.134;170.390
bcd_path,teacher,start13_step192,439.709;80.134;170.389
bcd_path,teacher,start13_step193,439.709;80.134;170.388
bcd_path,teacher,start13_step194,439.709;80.134;170.386
bcd_path,teacher,start13_step195,439.709;80.134;170.385
bcd_path,teacher,start13_step196,439.709;80.134;170.384
bcd_path,teacher,start13_step197,439.709;80.134;170.382
bcd_path,teacher,start13_step198,439.709;80.134;170.381
bcd_path,teacher,start13_step199,439.709;80.134;170.380
bcd_path,teacher,start13_step200,439.709;80.134;170.379
bcd_path,teacher,start13_step201,439.709;80.134;170.378
bcd_path,teacher,start13_step202,439.709;80.134;170.378
bcd_path,teacher,start13_step203,439.709;80.134;170.377
bcd_path,teacher,start13_step204,439.709;80.134;170.376
bcd_path,teacher,start13_step205,439.709;80.134;170.375
bcd_path,teacher,start13_step206,439.709;80.134;170.374
bcd_path,teacher,start13_step207,439.709;80.134;170.373
bcd_path,teacher,start13_step208,439.709;80.134;170.372
bcd_path,teacher,start13_step209,439.709;80.134;170.371
bcd_path,teacher,start13_step210,439.709;80.134;170.370
bcd_path,teacher,start13_step211,439.709;80.134;170.369
bcd_path,teacher,start13_step212,439.709;80.134;170.368
bcd_path,teacher,start13_step213,439.709;80.134;170.367
bcd_path,teacher,start13_step214,439.709;80.134;170.366
bcd_path,teacher,start13_step215,439.709;80.134;170.365
bcd_path,teacher,start13_step216,439.708;80.134;170.364
bcd_path,teacher,start13_step217,439.708;80.134;170.363
bcd_path,teacher,start13_step218,439.708;80.134;170.362
bcd_path,teacher,start13_step219,439.708;80.134;170.361
bcd_path,teacher,start13_step220,439.707;80.134;170.360
bcd_path,teacher,start13_step221,439.707;80.134;170.359
bcd_path,teacher,start13_step222,439.706;80.134;170.359
bcd_path,teacher,start13_step223,439.705;80.134;170.358
bcd_path,teacher,start13_step224,439.705;80.134;170.357
bcd_path,teacher,start13_step225,439.704;80.134;170.357
bcd_path,teacher,start13_step226,439.704;80.134;170.356
bcd_path,teacher,start13_step227,439.704;80.134;170.355
bcd_path,teacher,start13_step228,439.704;80.135;170.354
bcd_path,teacher,start13_step229,439.704;80.135;170.353
bcd_path,teacher,start13_step230,439.704;80.135;170.352
bcd_path,teacher,start13_step231,439.704;80.135;170.352
bcd_path,teacher,start13_step232,439.704;80.135;170.351
bcd_path,teacher,start13_step233,439.704;80.134;170.350
bcd_path,teacher,start13_step234,439.704;80.134;170.349
bcd_path,teacher,start13_step235,439.704;80.134;170.348
bcd_path,teacher,start13_step236,439.704;80.134;170.347
bcd_path,teacher,start13_step237,439.704;80.134;170.346
bcd_path,teacher,start13_step238,439.704;80.134;170.345
bcd_path,teacher,start13_step239,439.704;80.134;170.344
bcd_path,teacher,start13_step240,439.704;80.134;170.343
bcd_path,teacher,start13_step241,439.703;80.134;170.342
bcd_path,teacher,start13_step242,439.703;80.134;170.341
bcd_path,teacher,start13_step243,439.703;80.134;170.340
bcd_path,teacher,start13_step244,439.703;80.134;170.339
bcd_path,teacher,start13_step245,439.703;80.134;170.338
bcd_path,teacher,start13_step246,439.703;80.134;170.337
bcd_path,teacher,start13_step247,439.703;80.134;170.336
bcd_path,teacher,start13_step248,439.703;80.134;170.335
bcd_path,teacher,start13_step249,439.703;80.134;170.334
bcd_path,teacher,start13_step250,439.703;80.134;170.333
bcd_path,teacher,start13_step251,439.703;80.134;170.332
bcd_path,teacher,start13_step252,439.703;80.134;170.331
bcd_path,teacher,start13_step253,439.703;80.134;170.330
bcd_path,teacher,start13_step254,439.703;80.134;170.329
bcd_path,teacher,start13_step255,439.703;80.134;170.329
bcd_path,teacher,start13_step256,439.703;80.134;170.328
bcd_path,teacher,start13_step257,439.703;80.134;170.327
bcd_path,teacher,start13_step258,439.702;80.134;170.326
bcd_path,teacher,start13_step259,439.702;80.134;170.325
bcd_path,teacher,start13_step260,439.702;80.134;170.324
bcd_path,teacher,start13_step261,439.702;80.134;170.323
bcd_path,teacher,start13_step262,439.702;80.134;170.322
bcd_path,teacher,start13_step263,439.702;80.134;170.321
bcd_path,teacher,start13_step264,439.702;80.134;170.320
bcd_path,teacher,start13_step265,439.702;80.134;170.319
bcd_path,teacher,start13_step266,439.702;80.134;170.318
bcd_path,teacher,start13_step267,439.702;80.134;170.317
bcd_path,teacher,start13_step268,439.702;80.134;170.316
bcd_path,teacher,start13_step269,439.702;80.134;170.315
bcd_path,teacher,start13_step270,439.702;80.134;170.314
bcd_path,teacher,start13_step271,439.702;80.134;170.313
bcd_path,teacher,start13_step272,439.702;80.134;170.312
bcd_path,teacher,start13_step273,439.701;80.134;170.311
bcd_path,teacher,start13_step274,439.701;80.134;170.310
bcd_path,teacher,start13_step275,439.701;80.134;170.309
bcd_path,teacher,start13_step276,439.701;80.134;170.308
bcd_path,teacher,start13_step277,439.701;80.134;170.307
bcd_path,teacher,start13_step278,439.701;80.134;170.306
bcd_path,teacher,start13_step279,439.701;80.134;170.305
bcd_path,teacher,start13_step280,439.701;80.134;170.304
bcd_path,teacher,start13_step281,439.701;80.134;170.303
bcd_path,teacher,start13_step282,439.701;80.134;170.303
bcd_path,teacher,start13_step283,439.701;80.134;170.302
bcd_path,teacher,start13_step284,439.701;80.134;170.301
bcd_path,teacher,start13_step285,439.701;80.134;170.300
bcd_path,teacher,start13_step286,439.701;80.133;170.299
bcd_path,teacher,start13_step287,439.701;80.133;170.298
bcd_path,teacher,start13_step288,439.700;80.133;170.298
bcd_path,teacher,start13_step289,439.700;80.133;170.297
bcd_path,teacher,start13_step290,439.700;80.133;170.296
bcd_path,teacher,start13_step291,439.700;80.133;170.295
bcd_path,teacher,start13_step292,439.700;80.133;170.295
bcd_path,teacher,start13_step293,439.700;80.133;170.294
bcd_path,teacher,start13_step294,439.700;80.133;170.293
bcd_path,teacher,start13_step295,439.700;80.133;170.292
bcd_path,teacher,start13_step296,439.700;80.133;170.291
bcd_path,teacher,start13_step297,439.700;80.133;170.290
bcd_path,teacher,start13_step298,439.700;80.133;170.289
bcd_path,teacher,start13_step299,439.700;80.133;170.288
bcd_path,teacher,start14_step0,-29.889;-35.907;22.331
bcd_path,teacher,start14_step1,-29.868;-35.634;25.765
bcd_path,teacher,start14_step2,-29.893;-35.185;29.620
bcd_path,teacher,start14_step3,-29.959;-34.619;33.892
bcd_path,teacher,start14_step4,-30.053;-33.980;38.602
bcd_path,teacher,start14_step5,-30.164;-33.315;43.681
bcd_path,teacher,start14_step6,-30.283;-32.670;49.067
bcd_path,teacher,start14_step7,-30.396;-32.082;54.711
bcd_path,teacher,start14_step8,-30.499;-31.563;60.570
bcd_path,teacher,start14_step9,-30.307;-31.017;66.389
bcd_path,teacher,start14_step10,-29.044;-30.197;71.899
bcd_path,teacher,start14_step11,-26.738;-29.098;77.127
bcd_path,teacher,start14_step12,-23.560;-27.760;82.124
bcd_path,teacher,start14_step13,-19.653;-26.226;86.935
bcd_path,teacher,start14_step14,-15.139;-24.530;91.597
bcd_path,teacher,start14_step15,-10.117;-22.701;96.142
bcd_path,teacher,start14_step16,-4.672;-20.765;100.598
bcd_path,teacher,start14_step17,1.129;-18.740;104.989
bcd_path,teacher,start14_step18,7.226;-16.643;109.336
bcd_path,teacher,start14_step19,13.571;-14.486;113.657
bcd_path,teacher,start14_step20,20.124;-12.279;117.966
bcd_path,teacher,start14_step21,26.852;-10.031;122.278
bcd_path,teacher,start14_step22,33.726;-7.747;126.605
bcd_path,teacher,start14_step23,40.724;-5.435;130.957
bcd_path,teacher,start14_step24,47.826;-3.098;135.345
bcd_path,teacher,start14_step25,55.016;-0.741;139.775
bcd_path,teacher,start14_step26,62.281;1.635;144.258
bcd_path,teacher,start14_step27,69.610;4.026;148.799
bcd_path,teacher,start14_step28,76.995;6.431;153.407
bcd_path,teacher,start14_step29,84.427;8.848;158.087
bcd_path,teacher,start14_step30,91.899;11.278;162.844
bcd_path,teacher,start14_step31,99.405;13.723;167.675
bcd_path,teacher,start14_step32,106.935;16.195;172.573
bcd_path,teacher,start14_step33,114.479;18.708;177.527
bcd_path,teacher,start14_step34,122.026;21.278;182.524
bcd_path,teacher,start14_step35,129.566;23.919;187.553
bcd_path,teacher,start14_step36,137.094;26.641;192.614
bcd_path,teacher,start14_step37,144.609;29.452;197.747
bcd_path,teacher,start14_step38,152.104;32.351;202.922
bcd_path,teacher,start14_step39,159.560;35.332;207.978
bcd_path,teacher,start14_step40,166.918;38.353;212.282
bcd_path,teacher,start14_step41,174.149;41.306;215.202
bcd_path,teacher,start14_step42,181.270;44.119;216.621
bcd_path,teacher,start14_step43,188.301;46.764;216.611
bcd_path,teacher,start14_step44,195.272;49.251;215.520
bcd_path,teacher,start14_step45,202.222;51.624;213.899
bcd_path,teacher,start14_step46,209.169;53.938;212.083
bcd_path,teacher,start14_step47,216.111;56.227;210.176
bcd_path,teacher,start14_step48,223.055;58.516;208.293
bcd_path,teacher,start14_step49,230.013;60.821;206.598
bcd_path,teacher,start14_step50,236.995;63.151;205.209
bcd_path,teacher,start14_step51,244.013;65.507;204.218
bcd_path,teacher,start14_step52,251.080;67.857;203.666
bcd_path,teacher,start14_step53,258.212;70.131;203.474
bcd_path,teacher,start14_step54,265.392;72.348;203.564
bcd_path,teacher,start14_step55,272.616;74.516;203.915
bcd_path,teacher,start14_step56,279.967;76.447;204.783
bcd_path,teacher,start14_step57,287.431;77.962;205.679
bcd_path,teacher,start14_step58,294.915;79.007;205.861
bcd_path,teacher,start14_step59,302.384;79.618;205.348
bcd_path,teacher,start14_step60,309.839;79.885;204.491
bcd_path,teacher,start14_step61,317.299;79.969;203.690
bcd_path,teacher,start14_step62,324.775;80.010;203.099
bcd_path,teacher,start14_step63,332.152;80.077;201.476
bcd_path,teacher,start14_step64,339.385;80.168;198.389
bcd_path,teacher,start14_step65,346.558;80.246;194.775
bcd_path,teacher,start14_step66,353.782;80.249;192.175
bcd_path,teacher,start14_step67,360.824;80.190;191.006
bcd_path,teacher,start14_step68,367.209;80.159;190.274
bcd_path,teacher,start14_step69,372.925;80.184;189.702
bcd_path,teacher,start14_step70,378.150;80.231;189.193
bcd_path,teacher,start14_step71,382.997;80.258;188.715
bcd_path,teacher,start14_step72,387.493;80.256;188.257
bcd_path,teacher,start14_step73,391.638;80.240;187.819
bcd_path,teacher,start14_step74,395.448;80.224;187.399
bcd_path,teacher,start14_step75,398.953;80.212;186.997
bcd_path,teacher,start14_step76,402.183;80.202;186.611
bcd_path,teacher,start14_step77,405.160;80.194;186.241
bcd_path,teacher,start14_step78,407.904;80.185;185.886
bcd_path,teacher,start14_step79,410.431;80.178;185.545
bcd_path,teacher,start14_step80,412.759;80.173;185.219
bcd_path,teacher,start14_step81,414.903;80.169;184.905
bcd_path,teacher,start14_step82,416.879;80.167;184.605
bcd_path,teacher,start14_step83,418.699;80.165;184.317
bcd_path,teacher,start14_step84,420.376;80.162;184.040
bcd_path,teacher,start14_step85,421.921;80.157;183.775
bcd_path,teacher,start14_step86,423.344;80.152;183.520
bcd_path,teacher,start14_step87,424.656;80.147;183.276
bcd_path,teacher,start14_step88,425.864;80.143;183.042
bcd_path,teacher,start14_step89,426.976;80.140;182.817
bcd_path,teacher,start14_step90,428.002;80.137;182.602
bcd_path,teacher,start14_step91,428.946;80.135;182.395
bcd_path,teacher,start14_step92,429.816;80.132;182.196
bcd_path,teacher,start14_step93,430.618;80.130;182.006
bcd_path,teacher,start14_step94,431.356;80.128;181.823
bcd_path,teacher,start14_step95,432.037;80.127;181.648
bcd_path,teacher,start14_step96,432.663;80.126;181.480
bcd_path,teacher,start14_step97,433.241;80.125;181.319
bcd_path,teacher,start14_step98,433.773;80.124;181.164
bcd_path,teacher,start14_step99,434.263;80.123;181.015
bcd_path,teacher,start14_step100,434.714;80.122;180.873
bcd_path,teacher,start14_step101,435.130;80.121;180.736
bcd_path,teacher,start14_step102,435.513;80.120;180.605
bcd_path,teacher,start14_step103,435.866;80.119;180.479
bcd_path,teacher,start14_step104,436.191;80.117;180.358
bcd_path,teacher,start14_step105,436.491;80.116;180.065
bcd_path,teacher,start14_step106,436.767;80.116;179.560
bcd_path,teacher,start14_step107,437.021;80.115;178.995
bcd_path,teacher,start14_step108,437.255;80.115;178.415
bcd_path,teacher,start14_step109,437.471;80.115;177.829
bcd_path,teacher,start14_step110,437.670;80.115;177.243
bcd_path,teacher,start14_step111,437.853;80.115;176.656
bcd_path,teacher,start14_step112,438.021;80.115;176.069
bcd_path,teacher,start14_step113,438.177;80.116;175.483
bcd_path,teacher,start14_step114,438.320;80.116;174.896
bcd_path,teacher,start14_step115,438.451;80.116;174.309
bcd_path,teacher,start14_step116,438.573;80.117;173.722
bcd_path,teacher,start14_step117,438.685;80.117;173.135
bcd_path,teacher,start14_step118,438.788;80.116;172.548
bcd_path,teacher,start14_step119,438.883;80.115;171.962
bcd_path,teacher,start14_step120,438.970;80.114;171.375
bcd_path,teacher,start14_step121,439.051;80.113;170.788
bcd_path,teacher,start14_step122,439.247;80.122;170.713
bcd_path,teacher,start14_step123,439.465;80.134;170.632
bcd_path,teacher,start14_step124,439.533;80.138;170.648
bcd_path,teacher,start14_step125,439.557;80.140;170.542
bcd_path,teacher,start14_step126,439.575;80.141;170.550
bcd_path,teacher,start14_step127,439.602;80.143;170.547
bcd_path,teacher,start14_step128,439.628;80.144;170.538
bcd_path,teacher,start14_step129,439.665;80.146;170.533
bcd_path,teacher,start14_step130,439.704;80.148;170.526
bcd_path,teacher,start14_step131,439.743;80.151;170.517
bcd_path,teacher,start14_step132,439.779;80.153;170.508
bcd_path,teacher,start14_step133,439.810;80.155;170.499
bcd_path,teacher,start14_step134,439.835;80.156;170.490
bcd_path,teacher,start14_step135,439.850;80.157;170.484
bcd_path,teacher,start14_step136,439.855;80.157;170.480
bcd_path,teacher,start14_step137,439.854;80.157;170.478
bcd_path,teacher,start14_step138,439.854;80.157;170.476
bcd_path,teacher,start14_step139,439.854;80.157;170.473
bcd_path,teacher,start14_step140,439.853;80.157;170.471
bcd_path,teacher,start14_step141,439.852;80.157;170.467
bcd_path,teacher,start14_step142,439.847;80.157;170.464
bcd_path,teacher,start14_step143,439.844;80.157;170.461
bcd_path,teacher,start14_step144,439.841;80.156;170.458
bcd_path,teacher,start14_step145,439.840;80.156;170.455
bcd_path,teacher,start14_step146,439.839;80.156;170.453
bcd_path,teacher,start14_step147,439.838;80.156;170.451
bcd_path,teacher,start14_step148,439.839;80.156;170.449
bcd_path,teacher,start14_step149,439.840;80.156;170.448
bcd_path,teacher,start14_step150,439.840;80.156;170.446
bcd_path,teacher,start14_step151,439.841;80.156;170.445
bcd_path,teacher,start14_step152,439.842;80.156;170.444
bcd_path,teacher,start14_step153,439.843;80.156;170.443
bcd_path,teacher,start14_step154,439.844;80.156;170.442
bcd_path,teacher,start14_step155,439.844;80.157;170.440
bcd_path,teacher,start14_step156,439.845;80.157;170.439
bcd_path,teacher,start14_step157,439.845;80.156;170.437
bcd_path,teacher,start14_step158,439.845;80.156;170.436
bcd_path,teacher,start14_step159,439.845;80.156;170.435
bcd_path,teacher,start14_step160,439.846;80.156;170.434
bcd_path,teacher,start14_step161,439.845;80.156;170.432
bcd_path,teacher,start14_step162,439.845;80.156;170.431
bcd_path,teacher,start14_step163,439.845;80.156;170.430
bcd_path,teacher,start14_step164,439.845;80.156;170.428
bcd_path,teacher,start14_step165,439.845;80.156;170.427
bcd_path,teacher,start14_step166,439.845;80.156;170.425
bcd_path,teacher,start14_step167,439.845;80.156;170.424
bcd_path,teacher,start14_step168,439.845;80.156;170.423
bcd_path,teacher,start14_step169,439.845;80.156;170.421
bcd_path,teacher,start14_step170,439.845;80.156;170.420
bcd_path,teacher,start14_step171,439.844;80.156;170.419
bcd_path,teacher,start14_step172,439.843;80.156;170.417
bcd_path,teacher,start14_step173,439.843;80.156;170.416
bcd_path,teacher,start14_step174,439.842;80.156;170.414
bcd_path,teacher,start14_step175,439.842;80.156;170.413
bcd_path,teacher,start14_step176,439.841;80.156;170.412
bcd_path,teacher,start14_step177,439.841;80.156;170.411
bcd_path,teacher,start14_step178,439.841;80.156;170.410
bcd_path,teacher,start14_step179,439.841;80.156;170.408
bcd_path,teacher,start14_step180,439.841;80.156;170.407
bcd_path,teacher,start14_step181,439.841;80.156;170.406
bcd_path,teacher,start14_step182,439.841;80.156;170.404
bcd_path,teacher,start14_step183,439.841;80.156;170.403
bcd_path,teacher,start14_step184,439.841;80.156;170.402
bcd_path,teacher,start14_step185,439.841;80.156;170.401
bcd_path,teacher,start14_step186,439.841;80.156;170.399
bcd_path,teacher,start14_step187,439.841;80.156;170.398
bcd_path,teacher,start14_step188,439.841;80.156;170.397
bcd_path,teacher,start14_step189,439.841;80.156;170.395
bcd_path,teacher,start14_step190,439.841;80.156;170.394
bcd_path,teacher,start14_step191,439.841;80.156;170.393
bcd_path,teacher,start14_step192,439.841;80.156;170.391
bcd_path,teacher,start14_step193,439.841;80.156;170.390
bcd_path,teacher,start14_step194,439.841;80.156;170.389
bcd_path,teacher,start14_step195,439.840;80.156;170.387
bcd_path,teacher,start14_step196,439.840;80.156;170.386
bcd_path,teacher,start14_step197,439.840;80.156;170.385
bcd_path,teacher,start14_step198,439.840;80.156;170.384
bcd_path,teacher,start14_step199,439.840;80.156;170.382
bcd_path,teacher,start14_step200,439.840;80.156;170.381
bcd_path,teacher,start14_step201,439.840;80.156;170.380
bcd_path,teacher,start14_step202,439.840;80.156;170.378
bcd_path,teacher,start14_step203,439.840;80.156;170.377
bcd_path,teacher,start14_step204,439.840;80.156;170.376
bcd_path,teacher,start14_step205,439.840;80.156;170.376
bcd_path,teacher,start14_step206,439.840;80.156;170.375
bcd_path,teacher,start14_step207,439.840;80.156;170.374
bcd_path,teacher,start14_step208,439.840;80.156;170.373
bcd_path,teacher,start14_step209,439.840;80.156;170.372
bcd_path,teacher,start14_step210,439.840;80.156;170.371
bcd_path,teacher,start14_step211,439.840;80.156;170.370
bcd_path,teacher,start14_step212,439.840;80.156;170.369
bcd_path,teacher,start14_step213,439.840;80.156;170.368
bcd_path,teacher,start14_step214,439.840;80.156;170.367
bcd_path,teacher,start14_step215,439.840;80.156;170.366
bcd_path,teacher,start14_step216,439.839;80.156;170.365
bcd_path,teacher,start14_step217,439.839;80.156;170.363
bcd_path,teacher,start14_step218,439.839;80.156;170.362
bcd_path,teacher,start14_step219,439.839;80.156;170.361
bcd_path,teacher,start14_step220,439.839;80.156;170.360
bcd_path,teacher,start14_step221,439.838;80.156;170.360
bcd_path,teacher,start14_step222,439.838;80.156;170.359
bcd_path,teacher,start14_step223,439.837;80.156;170.358
bcd_path,teacher,start14_step224,439.837;80.156;170.357
bcd_path,teacher,start14_step225,439.836;80.156;170.357
bcd_path,teacher,start14_step226,439.836;80.156;170.356
bcd_path,teacher,start14_step227,439.835;80.156;170.355
bcd_path,teacher,start14_step228,439.835;80.156;170.354
bcd_path,teacher,start14_step229,439.835;80.157;170.354
bcd_path,teacher,start14_step230,439.835;80.157;170.353
bcd_path,teacher,start14_step231,439.835;80.157;170.352
bcd_path,teacher,start14_step232,439.835;80.157;170.351
bcd_path,teacher,start14_step233,439.835;80.157;170.350
bcd_path,teacher,start14_step234,439.835;80.157;170.349
bcd_path,teacher,start14_step235,439.835;80.157;170.348
bcd_path,teacher,start14_step236,439.835;80.156;170.347
bcd_path,teacher,start14_step237,439.835;80.156;170.346
bcd_path,teacher,start14_step238,439.835;80.156;170.345
bcd_path,teacher,start14_step239,439.835;80.156;170.345
bcd_path,teacher,start14_step240,439.834;80.156;170.344
bcd_path,teacher,start14_step241,439.834;80.156;170.343
bcd_path,teacher,start14_step242,439.834;80.156;170.342
bcd_path,teacher,start14_step243,439.834;80.156;170.341
bcd_path,teacher,start14_step244,439.834;80.156;170.340
bcd_path,teacher,start14_step245,439.834;80.156;170.339
bcd_path,teacher,start14_step246,439.834;80.156;170.338
bcd_path,teacher,start14_step247,439.834;80.156;170.337
bcd_path,teacher,start14_step248,439.834;80.156;170.336
bcd_path,teacher,start14_step249,439.834;80.156;170.335
bcd_path,teacher,start14_step250,439.834;80.156;170.334
bcd_path,teacher,start14_step251,439.834;80.156;170.333
bcd_path,teacher,start14_step252,439.834;80.155;170.332
bcd_path,teacher,start14_step253,439.834;80.155;170.331
bcd_path,teacher,start14_step254,439.834;80.155;170.330
bcd_path,teacher,start14_step255,439.834;80.155;170.329
bcd_path,teacher,start14_step256,439.834;80.155;170.328
bcd_path,teacher,start14_step257,439.834;80.155;170.327
bcd_path,teacher,start14_step258,439.834;80.155;170.326
bcd_path,teacher,start14_step259,439.833;80.155;170.325
bcd_path,teacher,start14_step260,439.833;80.155;170.325
bcd_path,teacher,start14_step261,439.833;80.155;170.324
bcd_path,teacher,start14_step262,439.833;80.155;170.323
bcd_path,teacher,start14_step263,439.833;80.155;170.322
bcd_path,teacher,start14_step264,439.833;80.155;170.321
bcd_path,teacher,start14_step265,439.833;80.155;170.320
bcd_path,teacher,start14_step266,439.833;80.155;170.319
bcd_path,teacher,start14_step267,439.833;80.155;170.318
bcd_path,teacher,start14_step268,439.833;80.155;170.317
bcd_path,teacher,start14_step269,439.833;80.155;170.316
bcd_path,teacher,start14_step270,439.833;80.155;170.315
bcd_path,teacher,start14_step271,439.833;80.155;170.314
bcd_path,teacher,start14_step272,439.833;80.155;170.313
bcd_path,teacher,start14_step273,439.833;80.155;170.312
bcd_path,teacher,start14_step274,439.833;80.155;170.311
bcd_path,teacher,start14_step275,439.832;80.155;170.310
bcd_path,teacher,start14_step276,439.832;80.155;170.309
bcd_path,teacher,start14_step277,439.832;80.155;170.308
bcd_path,teacher,start14_step278,439.832;80.155;170.307
bcd_path,teacher,start14_step279,439.832;80.155;170.306
bcd_path,teacher,start14_step280,439.832;80.155;170.305
bcd_path,teacher,start14_step281,439.832;80.155;170.304
bcd_path,teacher,start14_step282,439.832;80.155;170.303
bcd_path,teacher,start14_step283,439.832;80.155;170.302
bcd_path,teacher,start14_step284,439.832;80.155;170.301
bcd_path,teacher,start14_step285,439.832;80.155;170.301
bcd_path,teacher,start14_step286,439.832;80.155;170.300
bcd_path,teacher,start14_step287,439.832;80.155;170.299
bcd_path,teacher,start14_step288,439.832;80.155;170.298
bcd_path,teacher,start14_step289,439.832;80.155;170.297
bcd_path,teacher,start14_step290,439.832;80.155;170.296
bcd_path,teacher,start14_step291,439.831;80.155;170.295
bcd_path,teacher,start14_step292,439.831;80.155;170.295
bcd_path,teacher,start14_step293,439.831;80.155;170.294
bcd_path,teacher,start14_step294,439.831;80.155;170.293
bcd_path,teacher,start14_step295,439.831;80.155;170.293
bcd_path,teacher,start14_step296,439.831;80.155;170.292
bcd_path,teacher,start14_step297,439.831;80.155;170.291
bcd_path,teacher,start14_step298,439.831;80.155;170.290
bcd_path,teacher,start14_step299,439.831;80.155;170.289
bcd_path,teacher,start15_step0,39.934;-4.426;22.339
bcd_path,teacher,start15_step1,40.805;-3.968;25.880
bcd_path,teacher,start15_step2,42.290;-3.047;30.175
bcd_path,teacher,start15_step3,44.292;-1.635;35.478
bcd_path,teacher,start15_step4,46.713;0.290;41.860
bcd_path,teacher,start15_step5,49.430;2.722;49.136
bcd_path,teacher,start15_step6,52.328;5.652;57.161
bcd_path,teacher,start15_step7,55.291;9.058;65.819
bcd_path,teacher,start15_step8,58.207;12.886;75.026
bcd_path,teacher,start15_step9,61.310;16.937;84.512
bcd_path,teacher,start15_step10,65.443;20.852;93.998
bcd_path,teacher,start15_step11,70.539;24.673;103.494
bcd_path,teacher,start15_step12,76.378;28.496;113.043
bcd_path,teacher,start15_step13,82.768;32.381;122.645
bcd_path,teacher,start15_step14,89.547;36.373;132.249
bcd_path,teacher,start15_step15,96.580;40.497;141.783
bcd_path,teacher,start15_step16,103.768;44.736;151.180
bcd_path,teacher,start15_step17,111.050;49.018;160.396
bcd_path,teacher,start15_step18,118.410;53.216;169.405
bcd_path,teacher,start15_step19,125.854;57.215;178.189
bcd_path,teacher,start15_step20,133.372;61.002;186.740
bcd_path,teacher,start15_step21,140.958;64.582;195.076
bcd_path,teacher,start15_step22,148.601;67.978;203.218
bcd_path,teacher,start15_step23,156.243;71.208;210.766
bcd_path,teacher,start15_step24,163.805;74.267;217.038
bcd_path,teacher,start15_step25,171.251;77.091;221.512
bcd_path,teacher,start15_step26,178.603;79.562;224.099
bcd_path,teacher,start15_step27,185.902;81.581;225.033
bcd_path,teacher,start15_step28,193.152;83.102;224.516
bcd_path,teacher,start15_step29,200.377;84.096;223.075
bcd_path,teacher,start15_step30,207.600;84.564;221.293
bcd_path,teacher,start15_step31,214.815;84.587;219.388
bcd_path,teacher,start15_step32,222.015;84.291;217.412
bcd_path,teacher,start15_step33,229.203;83.806;215.377
bcd_path,teacher,start15_step34,236.390;83.240;213.279
bcd_path,teacher,start15_step35,243.599;82.680;211.256
bcd_path,teacher,start15_step36,250.857;82.188;209.508
bcd_path,teacher,start15_step37,258.172;81.797;208.111
bcd_path,teacher,start15_step38,265.540;81.512;207.054
bcd_path,teacher,start15_step39,272.948;81.313;206.292
bcd_path,teacher,start15_step40,280.411;81.176;205.977
bcd_path,teacher,start15_step41,287.872;81.068;205.606
bcd_path,teacher,start15_step42,295.291;80.963;204.823
bcd_path,teacher,start15_step43,302.707;80.842;204.019
bcd_path,teacher,start15_step44,310.140;80.712;203.378
bcd_path,teacher,start15_step45,317.595;80.607;202.942
bcd_path,teacher,start15_step46,325.070;80.538;202.683
bcd_path,teacher,start15_step47,332.438;80.489;201.247
bcd_path,teacher,start15_step48,339.655;80.449;198.208
bcd_path,teacher,start15_step49,346.811;80.393;194.601
bcd_path,teacher,start15_step50,354.017;80.307;192.004
bcd_path,teacher,start15_step51,361.042;80.240;190.840
bcd_path,teacher,start15_step52,367.408;80.221;190.115
bcd_path,teacher,start15_step53,373.109;80.244;189.549
bcd_path,teacher,start15_step54,378.319;80.278;189.047
bcd_path,teacher,start15_step55,383.154;80.299;188.574
bcd_path,teacher,start15_step56,387.638;80.303;188.122
bcd_path,teacher,start15_step57,391.771;80.299;187.689
bcd_path,teacher,start15_step58,395.571;80.295;187.275
bcd_path,teacher,start15_step59,399.067;80.290;186.878
bcd_path,teacher,start15_step60,402.287;80.285;186.497
bcd_path,teacher,start15_step61,405.256;80.280;186.131
bcd_path,teacher,start15_step62,407.992;80.273;185.781
bcd_path,teacher,start15_step63,410.513;80.266;185.445
bcd_path,teacher,start15_step64,412.834;80.259;185.122
bcd_path,teacher,start15_step65,414.973;80.252;184.813
bcd_path,teacher,start15_step66,416.943;80.244;184.516
bcd_path,teacher,start15_step67,418.758;80.234;184.231
bcd_path,teacher,start15_step68,420.430;80.225;183.958
bcd_path,teacher,start15_step69,421.971;80.214;183.696
bcd_path,teacher,start15_step70,423.390;80.204;183.445
bcd_path,teacher,start15_step71,424.698;80.195;183.204
bcd_path,teacher,start15_step72,425.903;80.187;182.973
bcd_path,teacher,start15_step73,427.013;80.179;182.751
bcd_path,teacher,start15_step74,428.035;80.173;182.538
bcd_path,teacher,start15_step75,428.977;80.167;182.334
bcd_path,teacher,start15_step76,429.845;80.162;182.138
bcd_path,teacher,start15_step77,430.644;80.158;181.950
bcd_path,teacher,start15_step78,431.380;80.154;181.769
bcd_path,teacher,start15_step79,432.059;80.150;181.596
bcd_path,teacher,start15_step80,432.684;80.147;181.430
bcd_path,teacher,start15_step81,433.260;80.144;181.271
bcd_path,teacher,start15_step82,433.790;80.142;181.118
bcd_path,teacher,start15_step83,434.279;80.140;180.971
bcd_path,teacher,start15_step84,434.729;80.138;180.831
bcd_path,teacher,start15_step85,435.144;80.136;180.696
bcd_path,teacher,start15_step86,435.526;80.133;180.566
bcd_path,teacher,start15_step87,435.878;80.131;180.442
bcd_path,teacher,start15_step88,436.202;80.128;180.323
bcd_path,teacher,start15_step89,436.501;80.127;180.031
bcd_path,teacher,start15_step90,436.776;80.125;179.525
bcd_path,teacher,start15_step91,437.029;80.124;178.961
bcd_path,teacher,start15_step92,437.263;80.123;178.380
bcd_path,teacher,start15_step93,437.478;80.122;177.795
bcd_path,teacher,start15_step94,437.676;80.121;177.209
bcd_path,teacher,start15_step95,437.859;80.121;176.622
bcd_path,teacher,start15_step96,438.027;80.121;176.035
bcd_path,teacher,start15_step97,438.182;80.121;175.448
bcd_path,teacher,start15_step98,438.324;80.121;174.861
bcd_path,teacher,start15_step99,438.456;80.121;174.274
bcd_path,teacher,start15_step100,438.577;80.121;173.688
bcd_path,teacher,start15_step101,438.689;80.121;173.101
bcd_path,teacher,start15_step102,438.791;80.120;172.514
bcd_path,teacher,start15_step103,438.886;80.119;171.927
bcd_path,teacher,start15_step104,438.973;80.117;171.340
bcd_path,teacher,start15_step105,439.054;80.116;170.753
bcd_path,teacher,start15_step106,439.239;80.125;170.715
bcd_path,teacher,start15_step107,439.433;80.136;170.626
bcd_path,teacher,start15_step108,439.495;80.140;170.647
bcd_path,teacher,start15_step109,439.517;80.142;170.543
bcd_path,teacher,start15_step110,439.524;80.142;170.549
bcd_path,teacher,start15_step111,439.544;80.143;170.548
bcd_path,teacher,start15_step112,439.562;80.144;170.539
bcd_path,teacher,start15_step113,439.594;80.146;170.536
bcd_path,teacher,start15_step114,439.628;80.148;170.528
bcd_path,teacher,start15_step115,439.667;80.150;170.521
bcd_path,teacher,start15_step116,439.706;80.152;170.513
bcd_path,teacher,start15_step117,439.742;80.154;170.503
bcd_path,teacher,start15_step118,439.773;80.156;170.494
bcd_path,teacher,start15_step119,439.798;80.157;170.486
bcd_path,teacher,start15_step120,439.813;80.158;170.480
bcd_path,teacher,start15_step121,439.817;80.158;170.477
bcd_path,teacher,start15_step122,439.817;80.158;170.476
bcd_path,teacher,start15_step123,439.816;80.158;170.473
bcd_path,teacher,start15_step124,439.816;80.158;170.470
bcd_path,teacher,start15_step125,439.815;80.158;170.467
bcd_path,teacher,start15_step126,439.810;80.157;170.464
bcd_path,teacher,start15_step127,439.807;80.157;170.461
bcd_path,teacher,start15_step128,439.805;80.157;170.458
bcd_path,teacher,start15_step129,439.803;80.157;170.455
bcd_path,teacher,start15_step130,439.802;80.157;170.453
bcd_path,teacher,start15_step131,439.802;80.157;170.451
bcd_path,teacher,start15_step132,439.802;80.157;170.449
bcd_path,teacher,start15_step133,439.803;80.157;170.448
bcd_path,teacher,start15_step134,439.803;80.157;170.446
bcd_path,teacher,start15_step135,439.804;80.157;170.445
bcd_path,teacher,start15_step136,439.805;80.157;170.444
bcd_path,teacher,start15_step137,439.806;80.158;170.443
bcd_path,teacher,start15_step138,439.807;80.158;170.442
bcd_path,teacher,start15_step139,439.808;80.158;170.440
bcd_path,teacher,start15_step140,439.808;80.158;170.438
bcd_path,teacher,start15_step141,439.808;80.158;170.437
bcd_path,teacher,start15_step142,439.808;80.158;170.436
bcd_path,teacher,start15_step143,439.808;80.158;170.435
bcd_path,teacher,start15_step144,439.809;80.158;170.433
bcd_path,teacher,start15_step145,439.809;80.158;170.432
bcd_path,teacher,start15_step146,439.808;80.158;170.431
bcd_path,teacher,start15_step147,439.808;80.158;170.429
bcd_path,teacher,start15_step148,439.808;80.158;170.428
bcd_path,teacher,start15_step149,439.808;80.158;170.427
bcd_path,teacher,start15_step150,439.808;80.158;170.425
bcd_path,teacher,start15_step151,439.808;80.158;170.424
bcd_path,teacher,start15_step152,439.808;80.158;170.423
bcd_path,teacher,start15_step153,439.808;80.158;170.421
bcd_path,teacher,start15_step154,439.808;80.158;170.420
bcd_path,teacher,start15_step155,439.807;80.158;170.418
bcd_path,teacher,start15_step156,439.807;80.158;170.417
bcd_path,teacher,start15_step157,439.806;80.158;170.416
bcd_path,teacher,start15_step158,439.805;80.158;170.414
bcd_path,teacher,start15_step159,439.804;80.158;170.413
bcd_path,teacher,start15_step160,439.804;80.158;170.412
bcd_path,teacher,start15_step161,439.804;80.158;170.411
bcd_path,teacher,start15_step162,439.804;80.158;170.409
bcd_path,teacher,start15_step163,439.804;80.158;170.408
bcd_path,teacher,start15_step164,439.804;80.158;170.407
bcd_path,teacher,start15_step165,439.804;80.158;170.406
bcd_path,teacher,start15_step166,439.804;80.158;170.404
bcd_path,teacher,start15_step167,439.804;80.158;170.403
bcd_path,teacher,start15_step168,439.804;80.158;170.402
bcd_path,teacher,start15_step169,439.804;80.158;170.400
bcd_path,teacher,start15_step170,439.804;80.158;170.399
bcd_path,teacher,start15_step171,439.804;80.158;170.398
bcd_path,teacher,start15_step172,439.804;80.158;170.396
bcd_path,teacher,start15_step173,439.804;80.158;170.395
bcd_path,teacher,start15_step174,439.804;80.158;170.394
bcd_path,teacher,start15_step175,439.804;80.158;170.392
bcd_path,teacher,start15_step176,439.804;80.158;170.391
bcd_path,teacher,start15_step177,439.804;80.158;170.390
bcd_path,teacher,start15_step178,439.803;80.158;170.388
bcd_path,teacher,start15_step179,439.803;80.158;170.387
bcd_path,teacher,start15_step180,439.803;80.158;170.386
bcd_path,teacher,start15_step181,439.803;80.158;170.385
bcd_path,teacher,start15_step182,439.803;80.158;170.383
bcd_path,teacher,start15_step183,439.803;80.158;170.382
bcd_path,teacher,start15_step184,439.803;80.158;170.381
bcd_path,teacher,start15_step185,439.803;80.158;170.379
bcd_path,teacher,start15_step186,439.803;80.158;170.378
bcd_path,teacher,start15_step187,439.803;80.157;170.377
bcd_path,teacher,start15_step188,439.803;80.157;170.376
bcd_path,teacher,start15_step189,439.803;80.157;170.375
bcd_path,teacher,start15_step190,439.803;80.157;170.375
bcd_path,teacher,start15_step191,439.803;80.157;170.374
bcd_path,teacher,start15_step192,439.803;80.157;170.373
bcd_path,teacher,start15_step193,439.803;80.158;170.372
bcd_path,teacher,start15_step194,439.803;80.158;170.371
bcd_path,teacher,start15_step195,439.803;80.158;170.369
bcd_path,teacher,start15_step196,439.803;80.158;170.368
bcd_path,teacher,start15_step197,439.803;80.158;170.367
bcd_path,teacher,start15_step198,439.803;80.158;170.366
bcd_path,teacher,start15_step199,439.803;80.158;170.365
bcd_path,teacher,start15_step200,439.803;80.158;170.364
bcd_path,teacher,start15_step201,439.802;80.158;170.363
bcd_path,teacher,start15_step202,439.802;80.158;170.362
bcd_path,teacher,start15_step203,439.801;80.158;170.361
bcd_path,teacher,start15_step204,439.801;80.158;170.361
bcd_path,teacher,start15_step205,439.800;80.158;170.360
bcd_path,teacher,start15_step206,439.800;80.158;170.359
bcd_path,teacher,start15_step207,439.800;80.158;170.358
bcd_path,teacher,start15_step208,439.799;80.158;170.357
bcd_path,teacher,start15_step209,439.798;80.158;170.356
bcd_path,teacher,start15_step210,439.798;80.158;170.356
bcd_path,teacher,start15_step211,439.798;80.158;170.355
bcd_path,teacher,start15_step212,439.798;80.158;170.354
bcd_path,teacher,start15_step213,439.798;80.158;170.353
bcd_path,teacher,start15_step214,439.798;80.158;170.352
bcd_path,teacher,start15_step215,439.798;80.158;170.351
bcd_path,teacher,start15_step216,439.798;80.158;170.350
bcd_path,teacher,start15_step217,439.798;80.158;170.350
bcd_path,teacher,start15_step218,439.797;80.158;170.349
bcd_path,teacher,start15_step219,439.797;80.158;170.348
bcd_path,teacher,start15_step220,439.797;80.158;170.347
bcd_path,teacher,start15_step221,439.797;80.158;170.346
bcd_path,teacher,start15_step222,439.797;80.158;170.345
bcd_path,teacher,start15_step223,439.797;80.158;170.344
bcd_path,teacher,start15_step224,439.797;80.157;170.343
bcd_path,teacher,start15_step225,439.797;80.157;170.342
bcd_path,teacher,start15_step226,439.797;80.157;170.341
bcd_path,teacher,start15_step227,439.797;80.157;170.340
bcd_path,teacher,start15_step228,439.797;80.157;170.339
bcd_path,teacher,start15_step229,439.797;80.157;170.338
bcd_path,teacher,start15_step230,439.797;80.157;170.337
bcd_path,teacher,start15_step231,439.797;80.157;170.336
bcd_path,teacher,start15_step232,439.797;80.157;170.335
bcd_path,teacher,start15_step233,439.797;80.157;170.334
bcd_path,teacher,start15_step234,439.797;80.157;170.333
bcd_path,teacher,start15_step235,439.796;80.157;170.332
bcd_path,teacher,start15_step236,439.796;80.157;170.331
bcd_path,teacher,start15_step237,439.796;80.157;170.330
bcd_path,teacher,start15_step238,439.796;80.157;170.329
bcd_path,teacher,start15_step239,439.796;80.157;170.328
bcd_path,teacher,start15_step240,439.796;80.157;170.328
bcd_path,teacher,start15_step241,439.796;80.157;170.327
bcd_path,teacher,start15_step242,439.796;80.157;170.326
bcd_path,teacher,start15_step243,439.796;80.157;170.325
bcd_path,teacher,start15_step244,439.796;80.157;170.324
bcd_path,teacher,start15_step245,439.796;80.157;170.323
bcd_path,teacher,start15_step246,439.796;80.157;170.322
bcd_path,teacher,start15_step247,439.796;80.157;170.321
bcd_path,teacher,start15_step248,439.796;80.157;170.320
bcd_path,teacher,start15_step249,439.796;80.157;170.319
bcd_path,teacher,start15_step250,439.796;80.157;170.318
bcd_path,teacher,start15_step251,439.795;80.157;170.317
bcd_path,teacher,start15_step252,439.795;80.157;170.316
bcd_path,teacher,start15_step253,439.795;80.157;170.315
bcd_path,teacher,start15_step254,439.795;80.157;170.314
bcd_path,teacher,start15_step255,439.795;80.157;170.313
bcd_path,teacher,start15_step256,439.795;80.157;170.312
bcd_path,teacher,start15_step257,439.795;80.157;170.311
bcd_path,teacher,start15_step258,439.795;80.157;170.310
bcd_path,teacher,start15_step259,439.795;80.157;170.309
bcd_path,teacher,start15_step260,439.795;80.157;170.308
bcd_path,teacher,start15_step261,439.795;80.157;170.307
bcd_path,teacher,start15_step262,439.795;80.157;170.306
bcd_path,teacher,start15_step263,439.795;80.157;170.305
bcd_path,teacher,start15_step264,439.795;80.157;170.305
bcd_path,teacher,start15_step265,439.795;80.157;170.304
bcd_path,teacher,start15_step266,439.794;80.157;170.303
bcd_path,teacher,start15_step267,439.794;80.157;170.302
bcd_path,teacher,start15_step268,439.794;80.157;170.301
bcd_path,teacher,start15_step269,439.794;80.157;170.300
bcd_path,teacher,start15_step270,439.794;80.157;170.299
bcd_path,teacher,start15_step271,439.794;80.157;170.298
bcd_path,teacher,start15_step272,439.794;80.157;170.297
bcd_path,teacher,start15_step273,439.794;80.157;170.296
bcd_path,teacher,start15_step274,439.794;80.157;170.295
bcd_path,teacher,start15_step275,439.794;80.157;170.295
bcd_path,teacher,start15_step276,439.794;80.157;170.294
bcd_path,teacher,start15_step277,439.794;80.157;170.294
bcd_path,teacher,start15_step278,439.794;80.157;170.293
bcd_path,teacher,start15_step279,439.794;80.157;170.292
bcd_path,teacher,start15_step280,439.794;80.157;170.291
bcd_path,teacher,start15_step281,439.794;80.157;170.290
bcd_path,teacher,start15_step282,439.794;80.157;170.289
bcd_path,teacher,start15_step283,439.794;80.157;170.288
bcd_path,teacher,start15_step284,439.794;80.157;170.287
bcd_path,teacher,start15_step285,439.794;80.157;170.286
bcd_path,teacher,start15_step286,439.794;80.157;170.286
bcd_path,teacher,start15_step287,439.794;80.157;170.285
bcd_path,teacher,start15_step288,439.794;80.157;170.284
bcd_path,teacher,start15_step289,439.793;80.157;170.283
bcd_path,teacher,start15_step290,439.793;80.157;170.282
bcd_path,teacher,start15_step291,439.793;80.157;170.281
bcd_path,teacher,start15_step292,439.793;80.157;170.280
bcd_path,teacher,start15_step293,439.793;80.157;170.279
bcd_path,teacher,start15_step294,439.793;80.157;170.278
bcd_path,teacher,start15_step295,439.793;80.157;170.278
bcd_path,teacher,start15_step296,439.793;80.157;170.277
bcd_path,teacher,start15_step297,439.793;80.157;170.276
bcd_path,teacher,start15_step298,439.793;80.157;170.275
bcd_path,teacher,start15_step299,439.793;80.157;170.274
bcd_path,teacher,start16_step0,-35.913;27.916;22.297
bcd_path,teacher,start16_step1,-35.230;27.316;25.660
bcd_path,teacher,start16_step2,-34.138;26.249;29.459
bcd_path,teacher,start16_step3,-32.798;24.823;33.674
bcd_path,teacher,start16_step4,-31.343;23.154;38.325
bcd_path,teacher,start16_step5,-29.877;21.349;43.356
bcd_path,teacher,start16_step6,-28.467;19.499;48.709
bcd_path,teacher,start16_step7,-27.155;17.677;54.335
bcd_path,teacher,start16_step8,-25.961;15.936;60.195
bcd_path,teacher,start16_step9,-24.617;14.424;66.031
bcd_path,teacher,start16_step10,-22.361;13.467;71.575
bcd_path,teacher,start16_step11,-19.207;13.043;76.851
bcd_path,teacher,start16_step12,-15.303;13.073;81.911
bcd_path,teacher,start16_step13,-10.779;13.496;86.795
bcd_path,teacher,start16_step14,-5.743;14.255;91.543
bcd_path,teacher,start16_step15,-0.282;15.300;96.184
bcd_path,teacher,start16_step16,5.535;16.581;100.746
bcd_path,teacher,start16_step17,11.648;18.058;105.252
bcd_path,teacher,start16_step18,18.010;19.700;109.723
bcd_path,teacher,start16_step19,24.578;21.483;114.175
bcd_path,teacher,start16_step20,31.319;23.384;118.625
bcd_path,teacher,start16_step21,38.205;25.385;123.086
bcd_path,teacher,start16_step22,45.213;27.468;127.569
bcd_path,teacher,start16_step23,52.325;29.617;132.086
bcd_path,teacher,start16_step24,59.526;31.821;136.646
bcd_path,teacher,start16_step25,66.803;34.070;141.258
bcd_path,teacher,start16_step26,74.144;36.360;145.931
bcd_path,teacher,start16_step27,81.539;38.685;150.672
bcd_path,teacher,start16_step28,88.982;41.039;155.489
bcd_path,teacher,start16_step29,96.467;43.418;160.389
bcd_path,teacher,start16_step30,103.990;45.818;165.379
bcd_path,teacher,start16_step31,111.545;48.237;170.467
bcd_path,teacher,start16_step32,119.131;50.672;175.659
bcd_path,teacher,start16_step33,126.744;53.122;180.964
bcd_path,teacher,start16_step34,134.392;55.586;186.460
bcd_path,teacher,start16_step35,142.087;58.063;192.266
bcd_path,teacher,start16_step36,149.835;60.564;198.480
bcd_path,teacher,start16_step37,157.612;63.124;205.011
bcd_path,teacher,start16_step38,165.377;65.735;211.521
bcd_path,teacher,start16_step39,173.042;68.285;216.920
bcd_path,teacher,start16_step40,180.531;70.738;220.395
bcd_path,teacher,start16_step41,187.859;73.099;222.099
bcd_path,teacher,start16_step42,195.059;75.340;222.253
bcd_path,teacher,start16_step43,202.196;77.357;221.202
bcd_path,teacher,start16_step44,209.349;79.042;219.521
bcd_path,teacher,start16_step45,216.563;80.313;217.623
bcd_path,teacher,start16_step46,223.830;81.149;215.619
bcd_path,teacher,start16_step47,231.123;81.590;213.545
bcd_path,teacher,start16_step48,238.432;81.708;211.527
bcd_path,teacher,start16_step49,245.764;81.590;209.761
bcd_path,teacher,start16_step50,253.126;81.344;208.335
bcd_path,teacher,start16_step51,260.520;81.068;207.246
bcd_path,teacher,start16_step52,267.945;80.832;206.450
bcd_path,teacher,start16_step53,275.397;80.673;205.892
bcd_path,teacher,start16_step54,282.921;80.595;205.979
bcd_path,teacher,start16_step55,290.458;80.573;206.160
bcd_path,teacher,start16_step56,297.919;80.563;205.625
bcd_path,teacher,start16_step57,305.340;80.535;204.731
bcd_path,teacher,start16_step58,312.763;80.485;203.880
bcd_path,teacher,start16_step59,320.205;80.432;203.229
bcd_path,teacher,start16_step60,327.526;80.383;201.174
bcd_path,teacher,start16_step61,334.714;80.348;197.640
bcd_path,teacher,start16_step62,341.882;80.312;193.987
bcd_path,teacher,start16_step63,349.207;80.249;191.454
bcd_path,teacher,start16_step64,356.620;80.185;190.324
bcd_path,teacher,start16_step65,363.424;80.156;189.612
bcd_path,teacher,start16_step66,369.475;80.165;189.062
bcd_path,teacher,start16_step67,374.960;80.201;188.579
bcd_path,teacher,start16_step68,380.042;80.239;188.127
bcd_path,teacher,start16_step69,384.766;80.257;187.694
bcd_path,teacher,start16_step70,389.129;80.258;187.278
bcd_path,teacher,start16_step71,393.140;80.250;186.879
bcd_path,teacher,start16_step72,396.827;80.243;186.498
bcd_path,teacher,start16_step73,400.223;80.238;186.133
bcd_path,teacher,start16_step74,403.354;80.234;185.782
bcd_path,teacher,start16_step75,406.240;80.228;185.445
bcd_path,teacher,start16_step76,408.898;80.221;185.123
bcd_path,teacher,start16_step77,411.347;80.215;184.813
bcd_path,teacher,start16_step78,413.603;80.210;184.516
bcd_path,teacher,start16_step79,415.681;80.206;184.232
bcd_path,teacher,start16_step80,417.595;80.201;183.959
bcd_path,teacher,start16_step81,419.359;80.194;183.697
bcd_path,teacher,start16_step82,420.984;80.187;183.445
bcd_path,teacher,start16_step83,422.481;80.180;183.204
bcd_path,teacher,start16_step84,423.860;80.172;182.973
bcd_path,teacher,start16_step85,425.131;80.166;182.751
bcd_path,teacher,start16_step86,426.302;80.160;182.538
bcd_path,teacher,start16_step87,427.380;80.155;182.334
bcd_path,teacher,start16_step88,428.373;80.150;182.138
bcd_path,teacher,start16_step89,429.289;80.146;181.950
bcd_path,teacher,start16_step90,430.132;80.143;181.769
bcd_path,teacher,start16_step91,430.908;80.140;181.596
bcd_path,teacher,start16_step92,431.624;80.138;181.430
bcd_path,teacher,start16_step93,432.283;80.135;181.271
bcd_path,teacher,start16_step94,432.891;80.134;181.118
bcd_path,teacher,start16_step95,433.450;80.132;180.971
bcd_path,teacher,start16_step96,433.965;80.130;180.831
bcd_path,teacher,start16_step97,434.440;80.129;180.696
bcd_path,teacher,start16_step98,434.878;80.128;180.566
bcd_path,teacher,start16_step99,435.281;80.127;180.442
bcd_path,teacher,start16_step100,435.652;80.125;180.323
bcd_path,teacher,start16_step101,435.994;80.124;180.208
bcd_path,teacher,start16_step102,436.309;80.122;180.099
bcd_path,teacher,start16_step103,436.599;80.121;179.812
bcd_path,teacher,start16_step104,436.867;80.119;179.308
bcd_path,teacher,start16_step105,437.113;80.118;178.744
bcd_path,teacher,start16_step106,437.340;80.118;178.164
bcd_path,teacher,start16_step107,437.549;80.117;177.579
bcd_path,teacher,start16_step108,437.742;80.117;176.992
bcd_path,teacher,start16_step109,437.919;80.117;176.406
bcd_path,teacher,start16_step110,438.082;80.118;175.819
bcd_path,teacher,start16_step111,438.233;80.118;175.232
bcd_path,teacher,start16_step112,438.372;80.118;174.645
bcd_path,teacher,start16_step113,438.499;80.118;174.058
bcd_path,teacher,start16_step114,438.617;80.118;173.472
bcd_path,teacher,start16_step115,438.725;80.118;172.885
bcd_path,teacher,start16_step116,438.825;80.117;172.298
bcd_path,teacher,start16_step117,438.917;80.116;171.711
bcd_path,teacher,start16_step118,439.002;80.115;171.124
bcd_path,teacher,start16_step119,439.101;80.115;170.597
bcd_path,teacher,start16_step120,439.287;80.127;170.642
bcd_path,teacher,start16_step121,439.314;80.128;170.538
bcd_path,teacher,start16_step122,439.321;80.129;170.544
bcd_path,teacher,start16_step123,439.340;80.130;170.543
bcd_path,teacher,start16_step124,439.359;80.131;170.534
bcd_path,teacher,start16_step125,439.389;80.133;170.529
bcd_path,teacher,start16_step126,439.425;80.135;170.524
bcd_path,teacher,start16_step127,439.464;80.137;170.516
bcd_path,teacher,start16_step128,439.503;80.139;170.508
bcd_path,teacher,start16_step129,439.539;80.141;170.499
bcd_path,teacher,start16_step130,439.570;80.143;170.490
bcd_path,teacher,start16_step131,439.594;80.144;170.482
bcd_path,teacher,start16_step132,439.609;80.145;170.476
bcd_path,teacher,start16_step133,439.613;80.146;170.473
bcd_path,teacher,start16_step134,439.613;80.145;170.471
bcd_path,teacher,start16_step135,439.612;80.145;170.469
bcd_path,teacher,start16_step136,439.612;80.145;170.466
bcd_path,teacher,start16_step137,439.611;80.145;170.463
bcd_path,teacher,start16_step138,439.606;80.145;170.460
bcd_path,teacher,start16_step139,439.604;80.145;170.457
bcd_path,teacher,start16_step140,439.603;80.145;170.455
bcd_path,teacher,start16_step141,439.601;80.145;170.452
bcd_path,teacher,start16_step142,439.600;80.144;170.449
bcd_path,teacher,start16_step143,439.599;80.145;170.447
bcd_path,teacher,start16_step144,439.599;80.145;170.445
bcd_path,teacher,start16_step145,439.599;80.145;170.443
bcd_path,teacher,start16_step146,439.599;80.145;170.442
bcd_path,teacher,start16_step147,439.600;80.145;170.441
bcd_path,teacher,start16_step148,439.601;80.145;170.440
bcd_path,teacher,start16_step149,439.602;80.145;170.439
bcd_path,teacher,start16_step150,439.602;80.145;170.437
bcd_path,teacher,start16_step151,439.602;80.145;170.436
bcd_path,teacher,start16_step152,439.603;80.145;170.434
bcd_path,teacher,start16_step153,439.603;80.145;170.433
bcd_path,teacher,start16_step154,439.603;80.145;170.432
bcd_path,teacher,start16_step155,439.603;80.145;170.431
bcd_path,teacher,start16_step156,439.603;80.145;170.430
bcd_path,teacher,start16_step157,439.604;80.145;170.428
bcd_path,teacher,start16_step158,439.604;80.144;170.427
bcd_path,teacher,start16_step159,439.604;80.144;170.426
bcd_path,teacher,start16_step160,439.604;80.144;170.424
bcd_path,teacher,start16_step161,439.604;80.144;170.423
bcd_path,teacher,start16_step162,439.604;80.144;170.422
bcd_path,teacher,start16_step163,439.604;80.144;170.420
bcd_path,teacher,start16_step164,439.604;80.144;170.419
bcd_path,teacher,start16_step165,439.604;80.144;170.418
bcd_path,teacher,start16_step166,439.603;80.144;170.416
bcd_path,teacher,start16_step167,439.603;80.144;170.415
bcd_path,teacher,start16_step168,439.603;80.145;170.414
bcd_path,teacher,start16_step169,439.603;80.145;170.412
bcd_path,teacher,start16_step170,439.603;80.144;170.411
bcd_path,teacher,start16_step171,439.602;80.145;170.410
bcd_path,teacher,start16_step172,439.601;80.144;170.408
bcd_path,teacher,start16_step173,439.601;80.144;170.407
bcd_path,teacher,start16_step174,439.600;80.144;170.406
bcd_path,teacher,start16_step175,439.599;80.144;170.405
bcd_path,teacher,start16_step176,439.599;80.144;170.403
bcd_path,teacher,start16_step177,439.599;80.144;170.402
bcd_path,teacher,start16_step178,439.600;80.144;170.401
bcd_path,teacher,start16_step179,439.600;80.144;170.400
bcd_path,teacher,start16_step180,439.600;80.144;170.398
bcd_path,teacher,start16_step181,439.600;80.144;170.397
bcd_path,teacher,start16_step182,439.600;80.144;170.396
bcd_path,teacher,start16_step183,439.600;80.144;170.395
bcd_path,teacher,start16_step184,439.600;80.144;170.393
bcd_path,teacher,start16_step185,439.599;80.144;170.392
bcd_path,teacher,start16_step186,439.599;80.144;170.391
bcd_path,teacher,start16_step187,439.599;80.144;170.389
bcd_path,teacher,start16_step188,439.599;80.144;170.388
bcd_path,teacher,start16_step189,439.599;80.144;170.387
bcd_path,teacher,start16_step190,439.599;80.144;170.386
bcd_path,teacher,start16_step191,439.600;80.144;170.384
bcd_path,teacher,start16_step192,439.600;80.144;170.383
bcd_path,teacher,start16_step193,439.600;80.144;170.382
bcd_path,teacher,start16_step194,439.600;80.144;170.381
bcd_path,teacher,start16_step195,439.600;80.144;170.379
bcd_path,teacher,start16_step196,439.600;80.144;170.378
bcd_path,teacher,start16_step197,439.600;80.144;170.377
bcd_path,teacher,start16_step198,439.600;80.144;170.375
bcd_path,teacher,start16_step199,439.600;80.144;170.374
bcd_path,teacher,start16_step200,439.599;80.144;170.373
bcd_path,teacher,start16_step201,439.599;80.145;170.373
bcd_path,teacher,start16_step202,439.600;80.144;170.372
bcd_path,teacher,start16_step203,439.600;80.144;170.371
bcd_path,teacher,start16_step204,439.600;80.144;170.370
bcd_path,teacher,start16_step205,439.600;80.144;170.369
bcd_path,teacher,start16_step206,439.600;80.144;170.368
bcd_path,teacher,start16_step207,439.600;80.144;170.367
bcd_path,teacher,start16_step208,439.600;80.144;170.366
bcd_path,teacher,start16_step209,439.600;80.144;170.365
bcd_path,teacher,start16_step210,439.600;80.144;170.364
bcd_path,teacher,start16_step211,439.600;80.144;170.363
bcd_path,teacher,start16_step212,439.600;80.144;170.362
bcd_path,teacher,start16_step213,439.599;80.144;170.361
bcd_path,teacher,start16_step214,439.599;80.144;170.360
bcd_path,teacher,start16_step215,439.599;80.144;170.359
bcd_path,teacher,start16_step216,439.599;80.144;170.358
bcd_path,teacher,start16_step217,439.599;80.144;170.357
bcd_path,teacher,start16_step218,439.599;80.144;170.356
bcd_path,teacher,start16_step219,439.599;80.144;170.355
bcd_path,teacher,start16_step220,439.599;80.144;170.354
bcd_path,teacher,start16_step221,439.599;80.144;170.353
bcd_path,teacher,start16_step222,439.598;80.144;170.352
bcd_path,teacher,start16_step223,439.598;80.144;170.352
bcd_path,teacher,start16_step224,439.596;80.144;170.351
bcd_path,teacher,start16_step225,439.595;80.144;170.351
bcd_path,teacher,start16_step226,439.595;80.144;170.350
bcd_path,teacher,start16_step227,439.594;80.144;170.349
bcd_path,teacher,start16_step228,439.594;80.144;170.348
bcd_path,teacher,start16_step229,439.594;80.144;170.347
bcd_path,teacher,start16_step230,439.594;80.144;170.346
bcd_path,teacher,start16_step231,439.594;80.144;170.345
bcd_path,teacher,start16_step232,439.594;80.144;170.344
bcd_path,teacher,start16_step233,439.594;80.144;170.343
bcd_path,teacher,start16_step234,439.594;80.144;170.342
bcd_path,teacher,start16_step235,439.594;80.144;170.341
bcd_path,teacher,start16_step236,439.594;80.144;170.341
bcd_path,teacher,start16_step237,439.594;80.144;170.340
bcd_path,teacher,start16_step238,439.594;80.144;170.339
bcd_path,teacher,start16_step239,439.594;80.144;170.338
bcd_path,teacher,start16_step240,439.594;80.144;170.337
bcd_path,teacher,start16_step241,439.593;80.144;170.336
bcd_path,teacher,start16_step242,439.593;80.144;170.335
bcd_path,teacher,start16_step243,439.593;80.144;170.334
bcd_path,teacher,start16_step244,439.593;80.144;170.333
bcd_path,teacher,start16_step245,439.593;80.144;170.332
bcd_path,teacher,start16_step246,439.593;80.144;170.331
bcd_path,teacher,start16_step247,439.593;80.144;170.330
bcd_path,teacher,start16_step248,439.593;80.144;170.329
bcd_path,teacher,start16_step249,439.593;80.144;170.328
bcd_path,teacher,start16_step250,439.593;80.144;170.327
bcd_path,teacher,start16_step251,439.593;80.144;170.326
bcd_path,teacher,start16_step252,439.593;80.144;170.325
bcd_path,teacher,start16_step253,439.593;80.144;170.324
bcd_path,teacher,start16_step254,439.593;80.144;170.324
bcd_path,teacher,start16_step255,439.593;80.144;170.323
bcd_path,teacher,start16_step256,439.593;80.144;170.322
bcd_path,teacher,start16_step257,439.593;80.144;170.321
bcd_path,teacher,start16_step258,439.592;80.144;170.320
bcd_path,teacher,start16_step259,439.592;80.144;170.319
bcd_path,teacher,start16_step260,439.592;80.144;170.318
bcd_path,teacher,start16_step261,439.592;80.143;170.317
bcd_path,teacher,start16_step262,439.592;80.143;170.316
bcd_path,teacher,start16_step263,439.592;80.143;170.315
bcd_path,teacher,start16_step264,439.592;80.143;170.314
bcd_path,teacher,start16_step265,439.592;80.143;170.313
bcd_path,teacher,start16_step266,439.592;80.143;170.312
bcd_path,teacher,start16_step267,439.592;80.143;170.311
bcd_path,teacher,start16_step268,439.592;80.143;170.310
bcd_path,teacher,start16_step269,439.592;80.143;170.309
bcd_path,teacher,start16_step270,439.592;80.143;170.308
bcd_path,teacher,start16_step271,439.592;80.143;170.307
bcd_path,teacher,start16_step272,439.592;80.143;170.306
bcd_path,teacher,start16_step273,439.592;80.143;170.305
bcd_path,teacher,start16_step274,439.591;80.143;170.304
bcd_path,teacher,start16_step275,439.591;80.143;170.303
bcd_path,teacher,start16_step276,439.591;80.143;170.302
bcd_path,teacher,start16_step277,439.591;80.143;170.301
bcd_path,teacher,start16_step278,439.591;80.143;170.300
bcd_path,teacher,start16_step279,439.591;80.143;170.299
bcd_path,teacher,start16_step280,439.591;80.143;170.299
bcd_path,teacher,start16_step281,439.591;80.143;170.298
bcd_path,teacher,start16_step282,439.591;80.143;170.297
bcd_path,teacher,start16_step283,439.591;80.143;170.296
bcd_path,teacher,start16_step284,439.591;80.143;170.295
bcd_path,teacher,start16_step285,439.591;80.143;170.294
bcd_path,teacher,start16_step286,439.591;80.143;170.293
bcd_path,teacher,start16_step287,439.591;80.143;170.293
bcd_path,teacher,start16_step288,439.591;80.143;170.292
bcd_path,teacher,start16_step289,439.590;80.143;170.291
bcd_path,teacher,start16_step290,439.590;80.143;170.291
bcd_path,teacher,start16_step291,439.590;80.143;170.290
bcd_path,teacher,start16_step292,439.590;80.143;170.289
bcd_path,teacher,start16_step293,439.590;80.143;170.288
bcd_path,teacher,start16_step294,439.590;80.143;170.287
bcd_path,teacher,start16_step295,439.590;80.143;170.286
bcd_path,teacher,start16_step296,439.590;80.143;170.285
bcd_path,teacher,start16_step297,439.590;80.143;170.284
bcd_path,teacher,start16_step298,439.590;80.143;170.283
bcd_path,teacher,start16_step299,439.590;80.143;170.282
